Gene_symbol,   Genes,Freq
C3,complement component 3,62
C2,complement component 2,42
SERPING1,"serpin peptidase inhibitor, clade G (C1 inhibitor), member 1",39
C5,complement component 5,35
T,"T, brachyury homolog (mouse)",28
C4A,complement component 4A (Rodgers blood group),24
FH,fumarate hydratase,19
CFH,complement factor H,15
NHS,Nance-Horan syndrome (congenital cataracts and dental anomalies),15
C4B,complement component 4B (Chido blood group),14
ANGPT1,angiopoietin 1,13
F12,coagulation factor XII (Hageman factor),11
CP,ceruloplasmin (ferroxidase),9
CFI,complement factor I,7
ADNP,activity-dependent neuroprotector homeobox,6
CD59,"CD59 molecule, complement regulatory protein",6
CRP,"C-reactive protein, pentraxin-related",6
PLG,plasminogen,6
ACE,angiotensin I converting enzyme (peptidyl-dipeptidase A) 1,5
C9,complement component 9,5
CD55,"CD55 molecule, decay accelerating factor for complement (Cromer blood group)",5
CFHR1,complement factor H-related 1,5
GATA2,GATA binding protein 2,5
TSPAN12,tetraspanin 12,5
CD46,"CD46 molecule, complement regulatory protein",4
MPO,myeloperoxidase,4
APP,amyloid beta (A4) precursor protein,3
C6,complement component 6,3
C10orf32,chromosome 10 open reading frame 32,3
HP,haptoglobin,3
MBL2,"mannose-binding lectin (protein C) 2, soluble",3
NLRP3,"NLR family, pyrin domain containing 3",3
ADAMTS13,"ADAM metallopeptidase with thrombospondin type 1 motif, 13",2
ADM,adrenomedullin,2
APLP2,amyloid beta (A4) precursor-like protein 2,2
C1QC,"complement component 1, q subcomponent, C chain",2
C7,complement component 7,2
CD19,CD19 molecule,2
EGFR,epidermal growth factor receptor,2
FOXP3,forkhead box P3,2
GC,group-specific component (vitamin D binding protein),2
HIRA,HIR histone cell cycle regulation defective homolog A (S. cerevisiae),2
MASP2,mannan-binding lectin serine peptidase 2,2
PTX3,"pentraxin 3, long",2
TAT,tyrosine aminotransferase,2
ACP5,"acid phosphatase 5, tartrate resistant",1
ADCK3,aarF domain containing kinase 3,1
AGBL5,ATP/GTP binding protein-like 5,1
ALDH3A2,"aldehyde dehydrogenase 3 family, member A2",1
AVP,arginine vasopressin,1
C1QA,"complement component 1, q subcomponent, A chain",1
C1QB,"complement component 1, q subcomponent, B chain",1
CACNA1F,"calcium channel, voltage-dependent, L type, alpha 1F subunit",1
CAT,catalase,1
CD79A,"CD79a molecule, immunoglobulin-associated alpha",1
CD81,CD81 molecule,1
CDH1,"cadherin 1, type 1, E-cadherin (epithelial)",1
CFD,complement factor D (adipsin),1
CFP,complement factor properdin,1
COQ2,"coenzyme Q2 homolog, prenyltransferase (yeast)",1
CSMD1,CUB and Sushi multiple domains 1,1
CXCR2,chemokine (C-X-C motif) receptor 2,1
FZD4,frizzled family receptor 4,1
GRM6,"glutamate receptor, metabotropic 6",1
HAP1,huntingtin-associated protein 1,1
HLA-DRB1,"major histocompatibility complex, class II, DR beta 1",1
HR,hair growth associated,1
IFIH1,interferon induced with helicase C domain 1,1
INSR,insulin receptor,1
ISG15,ISG15 ubiquitin-like modifier,1
LRP5,low density lipoprotein receptor-related protein 5,1
MASP1,mannan-binding lectin serine peptidase 1 (C4/C2 activating component of Ra-reactive factor),1
MLH1,"mutL homolog 1, colon cancer, nonpolyposis type 2 (E. coli)",1
MSH2,"mutS homolog 2, colon cancer, nonpolyposis type 1 (E. coli)",1
MSH6,mutS homolog 6 (E. coli),1
NRXN1,neurexin 1,1
NRXN2,neurexin 2,1
PARG,poly (ADP-ribose) glycohydrolase,1
PC,pyruvate carboxylase,1
PNN,"pinin, desmosome associated protein",1
TGS1,trimethylguanosine synthase 1,1
TIGIT,T cell immunoreceptor with Ig and ITIM domains,1
TSR1,"TSR1, 20S rRNA accumulation, homolog (S. cerevisiae)",1
VARS2,"valyl-tRNA synthetase 2, mitochondrial",1
VPS13B,vacuolar protein sorting 13 homolog B (yeast),1
XPNPEP2,"X-prolyl aminopeptidase (aminopeptidase P) 2, membrane-bound",1
