Gene_symbol,   Genes,Freq
T,"T, brachyury homolog (mouse)",381
NHS,Nance-Horan syndrome (congenital cataracts and dental anomalies),52
CDA,cytidine deaminase,44
GIP,gastric inhibitory polypeptide,41
HP,haptoglobin,35
CS,citrate synthase,31
HR,hair growth associated,31
AGA,aspartylglucosaminidase,28
TSLP,thymic stromal lymphopoietin,25
MAL,"mal, T-cell differentiation protein",24
CFTR,"cystic fibrosis transmembrane conductance regulator (ATP-binding cassette sub-family C, member 7)",22
GC,group-specific component (vitamin D binding protein),21
CAD,"carbamoyl-phosphate synthetase 2, aspartate transcarbamylase, and dihydroorotase",19
CRP,"C-reactive protein, pentraxin-related",19
BAD,BCL2-associated agonist of cell death,17
HLA-DQB1,"major histocompatibility complex, class II, DQ beta 1",17
HMGB1,high mobility group box 1,16
SI,sucrase-isomaltase (alpha-glucosidase),16
TG,thyroglobulin,16
CD4,CD4 molecule,15
IL15,interleukin 15,15
PTPN22,"protein tyrosine phosphatase, non-receptor type 22 (lymphoid)",15
TAGAP,T-cell activation RhoGTPase activating protein,15
AR,androgen receptor,14
BDNF,brain-derived neurotrophic factor,14
CHI3L1,chitinase 3-like 1 (cartilage glycoprotein-39),14
CP,ceruloplasmin (ferroxidase),13
IL21,interleukin 21,13
DAO,D-amino-acid oxidase,12
SDS,serine dehydratase,12
PTH,parathyroid hormone,11
SFN,stratifin,11
ACE2,angiotensin I converting enzyme (peptidyl-dipeptidase A) 2,10
GRINA,"glutamate receptor, ionotropic, N-methyl D-aspartate-associated protein 1 (glutamate binding)",10
HLA-DQA1,"major histocompatibility complex, class II, DQ alpha 1",10
NLRP3,"NLR family, pyrin domain containing 3",10
TGM2,"transglutaminase 2 (C polypeptide, protein-glutamine-gamma-glutamyltransferase)",10
APC,adenomatous polyposis coli,9
FOXP3,forkhead box P3,9
PC,pyruvate carboxylase,9
TLR4,toll-like receptor 4,9
TNF,tumor necrosis factor,9
CGN,cingulin,8
TMPRSS2,"transmembrane protease, serine 2",8
C4A,complement component 4A (Rodgers blood group),7
CCK,cholecystokinin,7
CCL28,chemokine (C-C motif) ligand 28,7
CTLA4,cytotoxic T-lymphocyte-associated protein 4,7
CXCL10,chemokine (C-X-C motif) ligand 10,7
ECD,ecdysoneless homolog (Drosophila),7
EMD,emerin,7
IL17A,interleukin 17A,7
IRF1,interferon regulatory factor 1,7
PAH,phenylalanine hydroxylase,7
SH2B3,SH2B adaptor protein 3,7
TLR9,toll-like receptor 9,7
ACE,angiotensin I converting enzyme (peptidyl-dipeptidase A) 1,6
ASL,argininosuccinate lyase,6
C4B,complement component 4B (Chido blood group),6
IL12A,"interleukin 12A (natural killer cell stimulatory factor 1, cytotoxic lymphocyte maturation factor 1, p35)",6
STAT3,signal transducer and activator of transcription 3 (acute-phase response factor),6
TLR2,toll-like receptor 2,6
TUBB3,"tubulin, beta 3 class III",6
AIP,aryl hydrocarbon receptor interacting protein,5
CTRL,chymotrypsin-like,5
CXCR3,chemokine (C-X-C motif) receptor 3,5
GDA,guanine deaminase,5
GPT,glutamic-pyruvate transaminase (alanine aminotransferase),5
HLA-DRB1,"major histocompatibility complex, class II, DR beta 1",5
IL10,interleukin 10,5
LBH,limb bud and heart development,5
MYO9B,myosin IXB,5
NOS2,"nitric oxide synthase 2, inducible",5
PTX3,"pentraxin 3, long",5
SCD,stearoyl-CoA desaturase (delta-9-desaturase),5
SMAD7,SMAD family member 7,5
TPO,thyroid peroxidase,5
VIP,vasoactive intestinal peptide,5
XRCC4,X-ray repair complementing defective repair in Chinese hamster cells 4,5
BECN1,"beclin 1, autophagy related",4
CAT,catalase,4
CCR2,chemokine (C-C motif) receptor 2,4
CD38,CD38 molecule,4
CPED1,cadherin-like and PC-esterase domain containing 1,4
CXCL11,chemokine (C-X-C motif) ligand 11,4
DCLK1,doublecortin-like kinase 1,4
EGFR,epidermal growth factor receptor,4
FCGR3B,"Fc fragment of IgG, low affinity IIIb, receptor (CD16b)",4
IDO1,"indoleamine 2,3-dioxygenase 1",4
IL2,interleukin 2,4
IL24,interleukin 24,4
IMPACT,impact RWD domain protein,4
LTA,"lymphotoxin alpha (TNF superfamily, member 1)",4
MPO,myeloperoxidase,4
TLR7,toll-like receptor 7,4
TST,thiosulfate sulfurtransferase (rhodanese),4
ADC,arginine decarboxylase,3
AHR,aryl hydrocarbon receptor,3
AK5,adenylate kinase 5,3
AMH,anti-Mullerian hormone,3
C3,complement component 3,3
CD14,CD14 molecule,3
CLIP1,CAP-GLY domain containing linker protein 1,3
FAP,"fibroblast activation protein, alpha",3
FASLG,"Fas ligand (TNF superfamily, member 6)",3
FCGR3A,"Fc fragment of IgG, low affinity IIIa, receptor (CD16a)",3
HAP1,huntingtin-associated protein 1,3
HFE,hemochromatosis,3
IL4,interleukin 4,3
IL6,"interleukin 6 (interferon, beta 2)",3
IL8,interleukin 8,3
IL15RA,"interleukin 15 receptor, alpha",3
IL18,interleukin 18 (interferon-gamma-inducing factor),3
IL19,interleukin 19,3
IPMK,inositol polyphosphate multikinase,3
MAGI2,"membrane associated guanylate kinase, WW and PDZ domain containing 2",3
MB,myoglobin,3
MNT,"MNT, MAX dimerization protein",3
MSC,musculin,3
NCK2,NCK adaptor protein 2,3
NGF,nerve growth factor (beta polypeptide),3
PGC,progastricsin (pepsinogen C),3
PNKD,paroxysmal nonkinesigenic dyskinesia,3
PON1,paraoxonase 1,3
RGS1,regulator of G-protein signaling 1,3
SMARCB1,"SWI/SNF related, matrix associated, actin dependent regulator of chromatin, subfamily b, member 1",3
STAT1,"signal transducer and activator of transcription 1, 91kDa",3
UBE2L3,ubiquitin-conjugating enzyme E2L 3,3
USP45,ubiquitin specific peptidase 45,3
VEGFA,vascular endothelial growth factor A,3
AARD,alanine and arginine rich domain containing protein,2
ABCF1,"ATP-binding cassette, sub-family F (GCN20), member 1",2
ADO,2-aminoethanethiol (cysteamine) dioxygenase,2
ALB,albumin,2
ARC,activity-regulated cytoskeleton-associated protein,2
AVP,arginine vasopressin,2
BACH2,"BTB and CNC homology 1, basic leucine zipper transcription factor 2",2
BAX,BCL2-associated X protein,2
BCR,breakpoint cluster region,2
BMP4,bone morphogenetic protein 4,2
BMPR1A,"bone morphogenetic protein receptor, type IA",2
BRAF,v-raf murine sarcoma viral oncogene homolog B1,2
C2,complement component 2,2
CCL1,chemokine (C-C motif) ligand 1,2
CCL4,chemokine (C-C motif) ligand 4,2
CCR4,chemokine (C-C motif) receptor 4,2
CIC,capicua transcriptional repressor,2
CLIP2,CAP-GLY domain containing linker protein 2,2
CYP3A4,"cytochrome P450, family 3, subfamily A, polypeptide 4",2
DES,desmin,2
FCGR2C,"Fc fragment of IgG, low affinity IIc, receptor for (CD32) (gene/pseudogene)",2
GABBR1,"gamma-aminobutyric acid (GABA) B receptor, 1",2
GEM,GTP binding protein overexpressed in skeletal muscle,2
GK,glycerol kinase,2
ICOS,inducible T-cell co-stimulator,2
IL1B,"interleukin 1, beta",2
IL2RA,"interleukin 2 receptor, alpha",2
IL20,interleukin 20,2
IRF4,interferon regulatory factor 4,2
KIAA1109,KIAA1109,2
LPP,LIM domain containing preferred translocation partner in lipoma,2
NOD1,nucleotide-binding oligomerization domain containing 1,2
NOX1,NADPH oxidase 1,2
NPY,neuropeptide Y,2
OR2H2,"olfactory receptor, family 2, subfamily H, member 2",2
PRL,prolactin,2
PTEN,phosphatase and tensin homolog,2
SLC9A4,"solute carrier family 9, subfamily A (NHE4, cation proton antiporter 4), member 4",2
SPR,"sepiapterin reductase (7,8-dihydrobiopterin:NADP+ oxidoreductase)",2
TGFB1,"transforming growth factor, beta 1",2
TMPRSS6,"transmembrane protease, serine 6",2
TYMP,thymidine phosphorylase,2
VDR,"vitamin D (1,25- dihydroxyvitamin D3) receptor",2
ZAP70,zeta-chain (TCR) associated protein kinase 70kDa,2
ABR,active BCR-related,1
ACD,adrenocortical dysplasia homolog (mouse),1
ACO2,"aconitase 2, mitochondrial",1
ACR,acrosin,1
ACTA2,"actin, alpha 2, smooth muscle, aorta",1
ACTB,"actin, beta",1
ACVR2A,"activin A receptor, type IIA",1
ADA,adenosine deaminase,1
ADRA1A,adrenoceptor alpha 1A,1
AGT,"angiotensinogen (serpin peptidase inhibitor, clade A, member 8)",1
AKAP6,A kinase (PRKA) anchor protein 6,1
ALK,anaplastic lymphoma receptor tyrosine kinase,1
ANK3,"ankyrin 3, node of Ranvier (ankyrin G)",1
ANPEP,alanyl (membrane) aminopeptidase,1
AOC3,"amine oxidase, copper containing 3 (vascular adhesion protein 1)",1
APOA1,apolipoprotein A-I,1
APOA4,apolipoprotein A-IV,1
APOB,apolipoprotein B (including Ag(x) antigen),1
ARG1,"arginase, liver",1
ARG2,"arginase, type II",1
ATP4A,"ATPase, H+/K+ exchanging, alpha polypeptide",1
ATP7A,"ATPase, Cu++ transporting, alpha polypeptide",1
BCAS2,breast carcinoma amplified sequence 2,1
BTN3A1,"butyrophilin, subfamily 3, member A1",1
C9,complement component 9,1
CA3,"carbonic anhydrase III, muscle specific",1
CARD8,"caspase recruitment domain family, member 8",1
CASP1,"caspase 1, apoptosis-related cysteine peptidase",1
CCDC22,coiled-coil domain containing 22,1
CCDC88A,coiled-coil domain containing 88A,1
CCL2,chemokine (C-C motif) ligand 2,1
CCL3,chemokine (C-C motif) ligand 3,1
CCL5,chemokine (C-C motif) ligand 5,1
CCL13,chemokine (C-C motif) ligand 13,1
CCL19,chemokine (C-C motif) ligand 19,1
CCL22,chemokine (C-C motif) ligand 22,1
CCNB1,cyclin B1,1
CCNT2,cyclin T2,1
CCR5,chemokine (C-C motif) receptor 5 (gene/pseudogene),1
CCR6,chemokine (C-C motif) receptor 6,1
CD1A,CD1a molecule,1
CD1D,CD1d molecule,1
CD1E,CD1e molecule,1
CD36,CD36 molecule (thrombospondin receptor),1
CD68,CD68 molecule,1
CD69,CD69 molecule,1
CIITA,"class II, major histocompatibility complex, transactivator",1
CLEC7A,"C-type lectin domain family 7, member A",1
CREBBP,CREB binding protein,1
CRTAP,cartilage associated protein,1
CX3CL1,chemokine (C-X3-C motif) ligand 1,1
CXCL1,"chemokine (C-X-C motif) ligand 1 (melanoma growth stimulating activity, alpha)",1
CXCL2,chemokine (C-X-C motif) ligand 2,1
DKK1,dickkopf 1 homolog (Xenopus laevis),1
DNMT3A,DNA (cytosine-5-)-methyltransferase 3 alpha,1
DYRK1B,dual-specificity tyrosine-(Y)-phosphorylation regulated kinase 1B,1
ENO1,"enolase 1, (alpha)",1
EZR,ezrin,1
FABP2,"fatty acid binding protein 2, intestinal",1
FAM188B,"family with sequence similarity 188, member B",1
FCGR2A,"Fc fragment of IgG, low affinity IIa, receptor (CD32)",1
FCGR2B,"Fc fragment of IgG, low affinity IIb, receptor (CD32)",1
FGF19,fibroblast growth factor 19,1
FOS,FBJ murine osteosarcoma viral oncogene homolog,1
FOXA3,forkhead box A3,1
FOXP1,forkhead box P1,1
FUT2,fucosyltransferase 2 (secretor status included),1
GALM,galactose mutarotase (aldose 1-epimerase),1
GLP1R,glucagon-like peptide 1 receptor,1
GLP2R,glucagon-like peptide 2 receptor,1
GRP,gastrin-releasing peptide,1
GTF2H1,"general transcription factor IIH, polypeptide 1, 62kDa",1
HGF,hepatocyte growth factor (hepapoietin A; scatter factor),1
HGS,hepatocyte growth factor-regulated tyrosine kinase substrate,1
HLA-A,"major histocompatibility complex, class I, A",1
HLA-B,"major histocompatibility complex, class I, B",1
HLA-DMB,"major histocompatibility complex, class II, DM beta",1
HLA-DOB,"major histocompatibility complex, class II, DO beta",1
HLA-DRA,"major histocompatibility complex, class II, DR alpha",1
HLA-DRB5,"major histocompatibility complex, class II, DR beta 5",1
HNF1A,HNF1 homeobox A,1
HNF4A,"hepatocyte nuclear factor 4, alpha",1
HPD,4-hydroxyphenylpyruvate dioxygenase,1
HSP90AA1,"heat shock protein 90kDa alpha (cytosolic), class A member 1",1
HSPA14,heat shock 70kDa protein 14,1
HTR2B,"5-hydroxytryptamine (serotonin) receptor 2B, G protein-coupled",1
IFNG,"interferon, gamma",1
IGH,immunoglobulin heavy locus,1
IL1A,"interleukin 1, alpha",1
IL4R,interleukin 4 receptor,1
IL7,interleukin 7,1
IL9,interleukin 9,1
IL18R1,interleukin 18 receptor 1,1
IL18RAP,interleukin 18 receptor accessory protein,1
IL23A,"interleukin 23, alpha subunit p19",1
ITGAM,"integrin, alpha M (complement component 3 receptor 3 subunit)",1
ITLN1,intelectin 1 (galactofuranose binding),1
JAK1,Janus kinase 1,1
JAK2,Janus kinase 2,1
KIF21B,kinesin family member 21B,1
KIT,v-kit Hardy-Zuckerman 4 feline sarcoma viral oncogene homolog,1
KL,klotho,1
KRAS,v-Ki-ras2 Kirsten rat sarcoma viral oncogene homolog,1
LEP,leptin,1
LPO,lactoperoxidase,1
LRP5,low density lipoprotein receptor-related protein 5,1
LTF,lactotransferrin,1
MAD2L1,MAD2 mitotic arrest deficient-like 1 (yeast),1
MAF,v-maf musculoaponeurotic fibrosarcoma oncogene homolog (avian),1
MAGI1,"membrane associated guanylate kinase, WW and PDZ domain containing 1",1
MAP2K7,mitogen-activated protein kinase kinase 7,1
MAP3K8,mitogen-activated protein kinase kinase kinase 8,1
MBOAT7,membrane bound O-acyltransferase domain containing 7,1
MDM2,"MDM2 oncogene, E3 ubiquitin protein ligase",1
MED21,mediator complex subunit 21,1
MICA,MHC class I polypeptide-related sequence A,1
MINA,MYC induced nuclear antigen,1
MKKS,McKusick-Kaufman syndrome,1
MOG,myelin oligodendrocyte glycoprotein,1
MPI,mannose phosphate isomerase,1
MSH5,mutS homolog 5 (E. coli),1
MYO5B,myosin VB,1
NIT1,nitrilase 1,1
NOD2,nucleotide-binding oligomerization domain containing 2,1
NRP1,neuropilin 1,1
NTNG1,netrin G1,1
OAS2,"2'-5'-oligoadenylate synthetase 2, 69/71kDa",1
PARD3,par-3 partitioning defective 3 homolog (C. elegans),1
PCK2,phosphoenolpyruvate carboxykinase 2 (mitochondrial),1
PFKFB3,"6-phosphofructo-2-kinase/fructose-2,6-biphosphatase 3",1
PGD,phosphogluconate dehydrogenase,1
PGK1,phosphoglycerate kinase 1,1
PKIA,"protein kinase (cAMP-dependent, catalytic) inhibitor alpha",1
PLEK,pleckstrin,1
PLG,plasminogen,1
PLOD1,"procollagen-lysine, 2-oxoglutarate 5-dioxygenase 1",1
PNPLA3,patatin-like phospholipase domain containing 3,1
PPARA,peroxisome proliferator-activated receptor alpha,1
PPARG,peroxisome proliferator-activated receptor gamma,1
PRM1,protamine 1,1
PRM2,protamine 2,1
PRRC2A,proline-rich coiled-coil 2A,1
PSMB9,"proteasome (prosome, macropain) subunit, beta type, 9",1
PTPN2,"protein tyrosine phosphatase, non-receptor type 2",1
PTS,6-pyruvoyltetrahydropterin synthase,1
R3HDM1,R3H domain containing 1,1
RABGEF1,RAB guanine nucleotide exchange factor (GEF) 1,1
RABL2A,"RAB, member of RAS oncogene family-like 2A",1
RAD51,RAD51 homolog (S. cerevisiae),1
REL,v-rel reticuloendotheliosis viral oncogene homolog (avian),1
RGS21,regulator of G-protein signaling 21,1
RUNX3,runt-related transcription factor 3,1
SCHIP1,schwannomin interacting protein 1,1
SDC1,syndecan 1,1
SELL,selectin L,1
SERPING1,"serpin peptidase inhibitor, clade G (C1 inhibitor), member 1",1
SET,SET nuclear oncogene,1
SLC17A3,"solute carrier family 17 (sodium phosphate), member 3",1
SMAD3,SMAD family member 3,1
SMAD4,SMAD family member 4,1
SNAI1,snail homolog 1 (Drosophila),1
SNAI2,snail homolog 2 (Drosophila),1
SOCS1,suppressor of cytokine signaling 1,1
SON,SON DNA binding protein,1
SORD,sorbitol dehydrogenase,1
SPINK4,"serine peptidase inhibitor, Kazal type 4",1
SPOPL,speckle-type POZ protein-like,1
SRM,spermidine synthase,1
STK11,serine/threonine kinase 11,1
SUMO1,SMT3 suppressor of mif two 3 homolog 1 (S. cerevisiae),1
TAP1,"transporter 1, ATP-binding cassette, sub-family B (MDR/TAP)",1
TCP1,t-complex 1,1
TGM1,"transglutaminase 1 (K polypeptide epidermal type I, protein-glutamine-gamma-glutamyltransferase)",1
TGM3,"transglutaminase 3 (E polypeptide, protein-glutamine-gamma-glutamyltransferase)",1
TGM5,transglutaminase 5,1
TIPARP,TCDD-inducible poly(ADP-ribose) polymerase,1
TM6SF2,transmembrane 6 superfamily member 2,1
TNFAIP3,"tumor necrosis factor, alpha-induced protein 3",1
TNFSF14,"tumor necrosis factor (ligand) superfamily, member 14",1
TNFSF18,"tumor necrosis factor (ligand) superfamily, member 18",1
TP63,tumor protein p63,1
TPMT,thiopurine S-methyltransferase,1
TRIM27,tripartite motif containing 27,1
TTC26,tetratricopeptide repeat domain 26,1
ULK3,unc-51-like kinase 3 (C. elegans),1
VIM,vimentin,1
YY1AP1,YY1 associated protein 1,1
ZNF335,zinc finger protein 335,1
