Gene_symbol,   Genes,Freq
T,"T, brachyury homolog (mouse)",875
MTR,5-methyltetrahydrofolate-homocysteine methyltransferase,98
PML,promyelocytic leukemia,88
CS,citrate synthase,69
NHS,Nance-Horan syndrome (congenital cataracts and dental anomalies),68
EMD,emerin,56
FES,feline sarcoma oncogene,52
HR,hair growth associated,52
DMD,dystrophin,50
BDNF,brain-derived neurotrophic factor,49
ADC,arginine decarboxylase,35
HLA-DRB1,"major histocompatibility complex, class II, DR beta 1",35
TSPO,translocator protein (18kDa),35
CXCL13,chemokine (C-X-C motif) ligand 13,30
TNF,tumor necrosis factor,29
AQP4,aquaporin 4,28
CHI3L1,chitinase 3-like 1 (cartilage glycoprotein-39),28
HMGB1,high mobility group box 1,25
MSC,musculin,25
MB,myoglobin,24
PC,pyruvate carboxylase,23
VDR,"vitamin D (1,25- dihydroxyvitamin D3) receptor",23
APOE,apolipoprotein E,21
CD4,CD4 molecule,21
CP,ceruloplasmin (ferroxidase),21
MOG,myelin oligodendrocyte glycoprotein,20
SI,sucrase-isomaltase (alpha-glucosidase),19
NLRP3,"NLR family, pyrin domain containing 3",18
SCT,secretin,18
CLEC16A,"C-type lectin domain family 16, member A",17
MBP,myelin basic protein,17
ADA,adenosine deaminase,16
CAT,catalase,16
CRP,"C-reactive protein, pentraxin-related",16
CXCL10,chemokine (C-X-C motif) ligand 10,16
CXCL12,chemokine (C-X-C motif) ligand 12,16
CD40,"CD40 molecule, TNF receptor superfamily member 5",14
CEL,carboxyl ester lipase,14
ECD,ecdysoneless homolog (Drosophila),14
GC,group-specific component (vitamin D binding protein),14
MEFV,Mediterranean fever,14
MET,met proto-oncogene (hepatocyte growth factor receptor),14
ACE,angiotensin I converting enzyme (peptidyl-dipeptidase A) 1,13
ERG,v-ets erythroblastosis virus E26 oncogene homolog (avian),13
HP,haptoglobin,13
IL7R,interleukin 7 receptor,13
LPA,"lipoprotein, Lp(a)",13
NR4A2,"nuclear receptor subfamily 4, group A, member 2",13
PRL,prolactin,13
CD52,CD52 molecule,12
GFAP,glial fibrillary acidic protein,12
LILRA3,"leukocyte immunoglobulin-like receptor, subfamily A (without TM domain), member 3",12
TF,transferrin,12
CD46,"CD46 molecule, complement regulatory protein",11
CYP27B1,"cytochrome P450, family 27, subfamily B, polypeptide 1",11
AR,androgen receptor,10
C3,complement component 3,10
CAD,"carbamoyl-phosphate synthetase 2, aspartate transcarbamylase, and dihydroorotase",10
CPZ,carboxypeptidase Z,10
IMPACT,impact RWD domain protein,10
KIF5A,kinesin family member 5A,10
CCL20,chemokine (C-C motif) ligand 20,9
EPO,erythropoietin,9
FOXP3,forkhead box P3,9
PREP,prolyl endopeptidase,9
TH,tyrosine hydroxylase,9
TST,thiosulfate sulfurtransferase (rhodanese),9
ASL,argininosuccinate lyase,8
CCL22,chemokine (C-C motif) ligand 22,8
HLA-G,"major histocompatibility complex, class I, G",8
NLRP1,"NLR family, pyrin domain containing 1",8
S1PR1,sphingosine-1-phosphate receptor 1,8
TLR9,toll-like receptor 9,8
VIM,vimentin,8
CA1,carbonic anhydrase I,7
CCR5,chemokine (C-C motif) receptor 5 (gene/pseudogene),7
CD163,CD163 molecule,7
CFH,complement factor H,7
DAP,death-associated protein,7
DBP,D site of albumin promoter (albumin D-box) binding protein,7
EDA,ectodysplasin A,7
IL18R1,interleukin 18 receptor 1,7
LCN2,lipocalin 2,7
MIP,major intrinsic protein of lens fiber,7
MMP9,"matrix metallopeptidase 9 (gelatinase B, 92kDa gelatinase, 92kDa type IV collagenase)",7
MTHFR,methylenetetrahydrofolate reductase (NAD(P)H),7
NGF,nerve growth factor (beta polypeptide),7
TGM6,transglutaminase 6,7
TLR2,toll-like receptor 2,7
APP,amyloid beta (A4) precursor protein,6
DDT,D-dopachrome tautomerase,6
EGF,epidermal growth factor,6
HFE,hemochromatosis,6
HLA-E,"major histocompatibility complex, class I, E",6
HMOX1,heme oxygenase (decycling) 1,6
IL4,interleukin 4,6
IL37,interleukin 37,6
IQGAP1,IQ motif containing GTPase activating protein 1,6
KIAA1199,KIAA1199,6
KLRB1,"killer cell lectin-like receptor subfamily B, member 1",6
LIF,leukemia inhibitory factor,6
MVD,mevalonate (diphospho) decarboxylase,6
NTM,neurotrimin,6
SIGLEC1,"sialic acid binding Ig-like lectin 1, sialoadhesin",6
SOCS1,suppressor of cytokine signaling 1,6
TLR7,toll-like receptor 7,6
APC,adenomatous polyposis coli,5
C2,complement component 2,5
CCR2,chemokine (C-C motif) receptor 2,5
CD86,CD86 molecule,5
CLU,clusterin,5
CNR1,cannabinoid receptor 1 (brain),5
DAO,D-amino-acid oxidase,5
GAL,galanin/GMAP prepropeptide,5
IL6,"interleukin 6 (interferon, beta 2)",5
IL12B,"interleukin 12B (natural killer cell stimulatory factor 2, cytotoxic lymphocyte maturation factor 2, p40)",5
KIF1B,kinesin family member 1B,5
KY,kyphoscoliosis peptidase,5
MICB,MHC class I polypeptide-related sequence B,5
MME,membrane metallo-endopeptidase,5
NLRC4,"NLR family, CARD domain containing 4",5
NR1H3,"nuclear receptor subfamily 1, group H, member 3",5
PER3,period circadian clock 3,5
AMT,aminomethyltransferase,4
BPI,bactericidal/permeability-increasing protein,4
CBLB,"Cbl proto-oncogene, E3 ubiquitin protein ligase B",4
CCR7,chemokine (C-C motif) receptor 7,4
CD9,CD9 molecule,4
CD24,CD24 molecule,4
CH25H,cholesterol 25-hydroxylase,4
CIC,capicua transcriptional repressor,4
CXCL16,chemokine (C-X-C motif) ligand 16,4
CXCR7,chemokine (C-X-C motif) receptor 7,4
CYP2R1,"cytochrome P450, family 2, subfamily R, polypeptide 1",4
CYP24A1,"cytochrome P450, family 24, subfamily A, polypeptide 1",4
DEFB1,"defensin, beta 1",4
DEXI,Dexi homolog (mouse),4
FGF9,fibroblast growth factor 9 (glia-activating factor),4
GSDMB,gasdermin B,4
GSS,glutathione synthetase,4
HLA-A,"major histocompatibility complex, class I, A",4
IFNAR1,"interferon (alpha, beta and omega) receptor 1",4
IFNAR2,"interferon (alpha, beta and omega) receptor 2",4
IKZF3,IKAROS family zinc finger 3 (Aiolos),4
IL2RA,"interleukin 2 receptor, alpha",4
IL18,interleukin 18 (interferon-gamma-inducing factor),4
IL23R,interleukin 23 receptor,4
IRF8,interferon regulatory factor 8,4
MMP2,"matrix metallopeptidase 2 (gelatinase A, 72kDa gelatinase, 72kDa type IV collagenase)",4
NOX4,NADPH oxidase 4,4
NOX5,"NADPH oxidase, EF-hand calcium binding domain 5",4
PLP1,proteolipid protein 1,4
PON1,paraoxonase 1,4
PVR,poliovirus receptor,4
RPE,ribulose-5-phosphate-3-epimerase,4
RPS6,ribosomal protein S6,4
SIGLEC7,sialic acid binding Ig-like lectin 7,4
SLC1A1,"solute carrier family 1 (neuronal/epithelial high affinity glutamate transporter, system Xag), member 1",4
SYK,spleen tyrosine kinase,4
TLR3,toll-like receptor 3,4
TYK2,tyrosine kinase 2,4
VIP,vasoactive intestinal peptide,4
AIM2,absent in melanoma 2,3
ALOX5,arachidonate 5-lipoxygenase,3
ATM,ataxia telangiectasia mutated,3
BID,BH3 interacting domain death agonist,3
C5,complement component 5,3
C9orf72,chromosome 9 open reading frame 72,3
CCL2,chemokine (C-C motif) ligand 2,3
CCL3,chemokine (C-C motif) ligand 3,3
CCS,copper chaperone for superoxide dismutase,3
CD19,CD19 molecule,3
CD27,CD27 molecule,3
CD68,CD68 molecule,3
CIITA,"class II, major histocompatibility complex, transactivator",3
CNTF,ciliary neurotrophic factor,3
CXCL9,chemokine (C-X-C motif) ligand 9,3
CXCR3,chemokine (C-X-C motif) receptor 3,3
CYP3A4,"cytochrome P450, family 3, subfamily A, polypeptide 4",3
CYP7B1,"cytochrome P450, family 7, subfamily B, polypeptide 1",3
DST,dystonin,3
EDNRB,endothelin receptor type B,3
EIF2B5,"eukaryotic translation initiation factor 2B, subunit 5 epsilon, 82kDa",3
FABP4,"fatty acid binding protein 4, adipocyte",3
FGA,fibrinogen alpha chain,3
HGF,hepatocyte growth factor (hepapoietin A; scatter factor),3
HLA-B,"major histocompatibility complex, class I, B",3
IL1B,"interleukin 1, beta",3
IL4R,interleukin 4 receptor,3
IL7,interleukin 7,3
IL10,interleukin 10,3
LEP,leptin,3
LTB,"lymphotoxin beta (TNF superfamily, member 3)",3
MIF,macrophage migration inhibitory factor (glycosylation-inhibiting factor),3
MMP8,matrix metallopeptidase 8 (neutrophil collagenase),3
NCR1,natural cytotoxicity triggering receptor 1,3
NFKB1,nuclear factor of kappa light polypeptide gene enhancer in B-cells 1,3
NNT,nicotinamide nucleotide transhydrogenase,3
NOX1,NADPH oxidase 1,3
ODF3B,outer dense fiber of sperm tails 3B,3
OTC,ornithine carbamoyltransferase,3
PDC,phosducin,3
PTPN22,"protein tyrosine phosphatase, non-receptor type 22 (lymphoid)",3
RGS14,regulator of G-protein signaling 14,3
SET,SET nuclear oncogene,3
SOD1,"superoxide dismutase 1, soluble",3
SORCS3,sortilin-related VPS10 domain containing receptor 3,3
SP1,Sp1 transcription factor,3
TBP,TATA box binding protein,3
TLR4,toll-like receptor 4,3
TMEM39A,transmembrane protein 39A,3
TRIM5,tripartite motif containing 5,3
UBC,ubiquitin C,3
ABR,active BCR-related,2
AGA,aspartylglucosaminidase,2
AHR,aryl hydrocarbon receptor,2
AHRR,aryl-hydrocarbon receptor repressor,2
ANGPTL4,angiopoietin-like 4,2
APEX1,APEX nuclease (multifunctional DNA repair enzyme) 1,2
ATG5,autophagy related 5,2
ATR,ataxia telangiectasia and Rad3 related,2
BACH1,"BTB and CNC homology 1, basic leucine zipper transcription factor 1",2
BIRC5,baculoviral IAP repeat containing 5,2
BRCA2,"breast cancer 2, early onset",2
BSN,bassoon presynaptic cytomatrix protein,2
C1QA,"complement component 1, q subcomponent, A chain",2
CAV1,"caveolin 1, caveolae protein, 22kDa",2
CCL5,chemokine (C-C motif) ligand 5,2
CD6,CD6 molecule,2
CD72,CD72 molecule,2
CLDN5,claudin 5,2
COPE,"coatomer protein complex, subunit epsilon",2
CR1,complement component (3b/4b) receptor 1 (Knops blood group),2
CR2,complement component (3d/Epstein Barr virus) receptor 2,2
CTLA4,cytotoxic T-lymphocyte-associated protein 4,2
CXCL11,chemokine (C-X-C motif) ligand 11,2
EGR1,early growth response 1,2
EOMES,eomesodermin,2
FAS,"Fas (TNF receptor superfamily, member 6)",2
FTO,fat mass and obesity associated,2
GDNF,glial cell derived neurotrophic factor,2
GJB1,"gap junction protein, beta 1, 32kDa",2
GRIN2A,"glutamate receptor, ionotropic, N-methyl D-aspartate 2A",2
GRN,granulin,2
GSDMD,gasdermin D,2
GSTM1,glutathione S-transferase mu 1,2
GSTT1,glutathione S-transferase theta 1,2
GTF2I,general transcription factor IIi,2
HLA-DPB1,"major histocompatibility complex, class II, DP beta 1",2
HLA-DRB5,"major histocompatibility complex, class II, DR beta 5",2
HRH4,histamine receptor H4,2
IL1A,"interleukin 1, alpha",2
IL8,interleukin 8,2
IL22RA2,"interleukin 22 receptor, alpha 2",2
IRF5,interferon regulatory factor 5,2
KEAP1,kelch-like ECH-associated protein 1,2
KIF21B,kinesin family member 21B,2
KIR2DL1,"killer cell immunoglobulin-like receptor, two domains, long cytoplasmic tail, 1",2
KIR3DL1,"killer cell immunoglobulin-like receptor, three domains, long cytoplasmic tail, 1",2
KL,klotho,2
LAG3,lymphocyte-activation gene 3,2
LRPPRC,leucine-rich pentatricopeptide repeat containing,2
MC1R,melanocortin 1 receptor (alpha melanocyte stimulating hormone receptor),2
MICA,MHC class I polypeptide-related sequence A,2
MLN,motilin,2
MMP3,"matrix metallopeptidase 3 (stromelysin 1, progelatinase)",2
MMP10,matrix metallopeptidase 10 (stromelysin 2),2
MMP12,matrix metallopeptidase 12 (macrophage elastase),2
MPI,mannose phosphate isomerase,2
NR4A1,"nuclear receptor subfamily 4, group A, member 1",2
NR4A3,"nuclear receptor subfamily 4, group A, member 3",2
OGG1,8-oxoguanine DNA glycosylase,2
P2RY12,"purinergic receptor P2Y, G-protein coupled, 12",2
PAX6,paired box 6,2
PEBP1,phosphatidylethanolamine binding protein 1,2
PFAS,phosphoribosylformylglycinamidine synthase,2
PIAS1,"protein inhibitor of activated STAT, 1",2
PIAS2,"protein inhibitor of activated STAT, 2",2
POLR1D,"polymerase (RNA) I polypeptide D, 16kDa",2
PRB2,proline-rich protein BstNI subfamily 2,2
RAD21L1,RAD21-like 1 (S. pombe),2
RGS1,regulator of G-protein signaling 1,2
RRN3,RRN3 RNA polymerase I transcription factor homolog (S. cerevisiae),2
SOX2,SRY (sex determining region Y)-box 2,2
SOX10,SRY (sex determining region Y)-box 10,2
SRM,spermidine synthase,2
SST,somatostatin,2
STAT1,"signal transducer and activator of transcription 1, 91kDa",2
STAT6,"signal transducer and activator of transcription 6, interleukin-4 induced",2
TAGAP,T-cell activation RhoGTPase activating protein,2
TARDBP,TAR DNA binding protein,2
TBXAS1,thromboxane A synthase 1 (platelet),2
TCF7L2,"transcription factor 7-like 2 (T-cell specific, HMG-box)",2
TFG,TRK-fused gene,2
TGFB1,"transforming growth factor, beta 1",2
THEMIS,thymocyte selection associated,2
TP53,tumor protein p53,2
TRG,T cell receptor gamma locus,2
TRPM4,"transient receptor potential cation channel, subfamily M, member 4",2
TXNIP,thioredoxin interacting protein,2
TXNRD1,thioredoxin reductase 1,2
TXNRD2,thioredoxin reductase 2,2
XBP1,X-box binding protein 1,2
XRCC1,X-ray repair complementing defective repair in Chinese hamster cells 1,2
XRCC5,X-ray repair complementing defective repair in Chinese hamster cells 5 (double-strand-break rejoining),2
YY1,YY1 transcription factor,2
ZFAT,zinc finger and AT hook domain containing,2
ADM,adrenomedullin,1
AGAP2,"ArfGAP with GTPase domain, ankyrin repeat and PH domain 2",1
AMH,anti-Mullerian hormone,1
ANGPT1,angiopoietin 1,1
ANGPTL6,angiopoietin-like 6,1
ARNTL,aryl hydrocarbon receptor nuclear translocator-like,1
ATF2,activating transcription factor 2,1
ATF4,activating transcription factor 4 (tax-responsive enhancer element B67),1
ATG9A,autophagy related 9A,1
ATG16L2,autophagy related 16-like 2 (S. cerevisiae),1
AVIL,advillin,1
AVP,arginine vasopressin,1
BACH2,"BTB and CNC homology 1, basic leucine zipper transcription factor 2",1
BCL2,B-cell CLL/lymphoma 2,1
BCL6,B-cell CLL/lymphoma 6,1
BST1,bone marrow stromal cell antigen 1,1
C6,complement component 6,1
C7,complement component 7,1
C9,complement component 9,1
CCL4,chemokine (C-C motif) ligand 4,1
CCL19,chemokine (C-C motif) ligand 19,1
CCR6,chemokine (C-C motif) receptor 6,1
CCR9,chemokine (C-C motif) receptor 9,1
CD5,CD5 molecule,1
CD14,CD14 molecule,1
CD28,CD28 molecule,1
CD34,CD34 molecule,1
CD44,CD44 molecule (Indian blood group),1
CD47,CD47 molecule,1
CD58,CD58 molecule,1
CD69,CD69 molecule,1
CD79B,"CD79b molecule, immunoglobulin-associated beta",1
CD81,CD81 molecule,1
CD177,CD177 molecule,1
CD226,CD226 molecule,1
CDK4,cyclin-dependent kinase 4,1
CEBPB,"CCAAT/enhancer binding protein (C/EBP), beta",1
CFI,complement factor I,1
CFLAR,CASP8 and FADD-like apoptosis regulator,1
CHD7,chromodomain helicase DNA binding protein 7,1
CHST12,carbohydrate (chondroitin 4) sulfotransferase 12,1
CLCN1,"chloride channel, voltage-sensitive 1",1
CLOCK,clock circadian regulator,1
CPAMD8,"C3 and PZP-like, alpha-2-macroglobulin domain containing 8",1
CPE,carboxypeptidase E,1
CPM,carboxypeptidase M,1
CPSF7,"cleavage and polyadenylation specific factor 7, 59kDa",1
CSF2RB,"colony stimulating factor 2 receptor, beta, low-affinity (granulocyte-macrophage)",1
CSTF2,"cleavage stimulation factor, 3' pre-RNA, subunit 2, 64kDa",1
CTCF,CCCTC-binding factor (zinc finger protein),1
CUBN,cubilin (intrinsic factor-cobalamin receptor),1
CX3CR1,chemokine (C-X3-C motif) receptor 1,1
CXCL1,"chemokine (C-X-C motif) ligand 1 (melanoma growth stimulating activity, alpha)",1
CYP1B1,"cytochrome P450, family 1, subfamily B, polypeptide 1",1
CYP27A1,"cytochrome P450, family 27, subfamily A, polypeptide 1",1
DAB2,"Dab, mitogen-responsive phosphoprotein, homolog 2 (Drosophila)",1
DCX,doublecortin,1
DDX60L,DEAD (Asp-Glu-Ala-Asp) box polypeptide 60-like,1
DGKI,"diacylglycerol kinase, iota",1
DHCR7,7-dehydrocholesterol reductase,1
DPT,dermatopontin,1
EDN1,endothelin 1,1
EHMT2,euchromatic histone-lysine N-methyltransferase 2,1
EIF4EBP2,eukaryotic translation initiation factor 4E binding protein 2,1
EVI5,ecotropic viral integration site 5,1
F2,coagulation factor II (thrombin),1
F10,coagulation factor X,1
FGF8,fibroblast growth factor 8 (androgen-induced),1
FGF23,fibroblast growth factor 23,1
FGFR1,fibroblast growth factor receptor 1,1
FOS,FBJ murine osteosarcoma viral oncogene homolog,1
FOXC2,"forkhead box C2 (MFH-1, mesenchyme forkhead 1)",1
FOXO1,forkhead box O1,1
FYN,"FYN oncogene related to SRC, FGR, YES",1
GAA,"glucosidase, alpha; acid",1
GABPA,"GA binding protein transcription factor, alpha subunit 60kDa",1
GALC,galactosylceramidase,1
GALT,galactose-1-phosphate uridylyltransferase,1
GAP43,growth associated protein 43,1
GAS8,growth arrest-specific 8,1
GCA,"grancalcin, EF-hand calcium binding protein",1
GFI1,growth factor independent 1 transcription repressor,1
GNGT1,"guanine nucleotide binding protein (G protein), gamma transducing activity polypeptide 1",1
GNRH1,gonadotropin-releasing hormone 1 (luteinizing-releasing hormone),1
GNRHR,gonadotropin-releasing hormone receptor,1
GPC5,glypican 5,1
GPR17,G protein-coupled receptor 17,1
GPR37,G protein-coupled receptor 37 (endothelin receptor type B-like),1
GPR50,G protein-coupled receptor 50,1
GPR56,G protein-coupled receptor 56,1
GPR65,G protein-coupled receptor 65,1
GPR68,G protein-coupled receptor 68,1
GPR75,G protein-coupled receptor 75,1
GPR84,G protein-coupled receptor 84,1
GPR97,G protein-coupled receptor 97,1
GPR124,G protein-coupled receptor 124,1
GPR126,G protein-coupled receptor 126,1
HAPLN3,hyaluronan and proteoglycan link protein 3,1
HARS,histidyl-tRNA synthetase,1
HBD,"hemoglobin, delta",1
HGS,hepatocyte growth factor-regulated tyrosine kinase substrate,1
HLA-DRA,"major histocompatibility complex, class II, DR alpha",1
HRC,histidine rich calcium binding protein,1
HRH1,histamine receptor H1,1
HRH2,histamine receptor H2,1
HS6ST1,heparan sulfate 6-O-sulfotransferase 1,1
HSPA1L,heat shock 70kDa protein 1-like,1
HTT,huntingtin,1
ID2,"inhibitor of DNA binding 2, dominant negative helix-loop-helix protein",1
IDE,insulin-degrading enzyme,1
IGF1,insulin-like growth factor 1 (somatomedin C),1
IGF2,insulin-like growth factor 2 (somatomedin A),1
IGFBP4,insulin-like growth factor binding protein 4,1
IGJ,"immunoglobulin J polypeptide, linker protein for immunoglobulin alpha and mu polypeptides",1
IKZF1,IKAROS family zinc finger 1 (Ikaros),1
IL1RN,interleukin 1 receptor antagonist,1
IL2,interleukin 2,1
IL5RA,"interleukin 5 receptor, alpha",1
IL12A,"interleukin 12A (natural killer cell stimulatory factor 1, cytotoxic lymphocyte maturation factor 1, p35)",1
IL27RA,"interleukin 27 receptor, alpha",1
ITGA2B,"integrin, alpha 2b (platelet glycoprotein IIb of IIb/IIIa complex, antigen CD41)",1
ITGB3,"integrin, beta 3 (platelet glycoprotein IIIa, antigen CD61)",1
JAG1,jagged 1,1
JAK2,Janus kinase 2,1
JAM3,junctional adhesion molecule 3,1
KAL1,Kallmann syndrome 1 sequence,1
KISS1,KiSS-1 metastasis-suppressor,1
KISS1R,KISS1 receptor,1
L1CAM,L1 cell adhesion molecule,1
LEPR,leptin receptor,1
LILRB1,"leukocyte immunoglobulin-like receptor, subfamily B (with TM and ITIM domains), member 1",1
LRP2,low density lipoprotein receptor-related protein 2,1
LRP5,low density lipoprotein receptor-related protein 5,1
LTA,"lymphotoxin alpha (TNF superfamily, member 1)",1
LTF,lactotransferrin,1
METTL1,methyltransferase like 1,1
METTL14,methyltransferase like 14,1
METTL21B,methyltransferase like 21B,1
MGAT1,"mannosyl (alpha-1,3-)-glycoprotein beta-1,2-N-acetylglucosaminyltransferase",1
MIA,melanoma inhibitory activity,1
MLKL,mixed lineage kinase domain-like,1
MMP7,"matrix metallopeptidase 7 (matrilysin, uterine)",1
MMP13,matrix metallopeptidase 13 (collagenase 3),1
MOS,v-mos Moloney murine sarcoma viral oncogene homolog,1
MPO,myeloperoxidase,1
MPZ,myelin protein zero,1
MSH5,mutS homolog 5 (E. coli),1
MSN,moesin,1
MSTN,myostatin,1
MYT1L,myelin transcription factor 1-like,1
NDP,Norrie disease (pseudoglioma),1
NELL2,NEL-like 2 (chicken),1
NEXN,nexilin (F actin binding protein),1
NF1,neurofibromin 1,1
NINJ2,ninjurin 2,1
NKX2-2,NK2 homeobox 2,1
NOD2,nucleotide-binding oligomerization domain containing 2,1
NOTCH3,notch 3,1
NPS,neuropeptide S,1
NSF,N-ethylmaleimide-sensitive factor,1
NTNG2,netrin G2,1
OAS1,"2'-5'-oligoadenylate synthetase 1, 40/46kDa",1
OSM,oncostatin M,1
P2RX4,"purinergic receptor P2X, ligand-gated ion channel, 4",1
P2RX7,"purinergic receptor P2X, ligand-gated ion channel, 7",1
PDCD5,programmed cell death 5,1
PDIA3,"protein disulfide isomerase family A, member 3",1
PIK3R1,"phosphoinositide-3-kinase, regulatory subunit 1 (alpha)",1
PLEK,pleckstrin,1
PLTP,phospholipid transfer protein,1
POLR1E,"polymerase (RNA) I polypeptide E, 53kDa",1
PRCC,papillary renal cell carcinoma (translocation-associated),1
PROK2,prokineticin 2,1
PROKR2,prokineticin receptor 2,1
PSD,pleckstrin and Sec7 domain containing,1
PTH,parathyroid hormone,1
PTPRC,"protein tyrosine phosphatase, receptor type, C",1
RAB24,"RAB24, member RAS oncogene family",1
REL,v-rel reticuloendotheliosis viral oncogene homolog (avian),1
RGMA,"RGM domain family, member A",1
RGS19,regulator of G-protein signaling 19,1
RIPK1,receptor (TNFRSF)-interacting serine-threonine kinase 1,1
RIPK3,receptor-interacting serine-threonine kinase 3,1
RPS6KA3,"ribosomal protein S6 kinase, 90kDa, polypeptide 3",1
RRP8,"ribosomal RNA processing 8, methyltransferase, homolog (yeast)",1
RTN3,reticulon 3,1
S100A10,S100 calcium binding protein A10,1
SDS,serine dehydratase,1
SLC30A7,"solute carrier family 30 (zinc transporter), member 7",1
SNAI1,snail homolog 1 (Drosophila),1
SOX5,SRY (sex determining region Y)-box 5,1
SP140,SP140 nuclear body protein,1
SPI1,spleen focus forming virus (SFFV) proviral integration oncogene spi1,1
SPTB,"spectrin, beta, erythrocytic",1
SRR,serine racemase,1
STAB1,stabilin 1,1
STAT3,signal transducer and activator of transcription 3 (acute-phase response factor),1
STS,"steroid sulfatase (microsomal), isozyme S",1
TAC3,tachykinin 3,1
TACR3,tachykinin receptor 3,1
TCF3,transcription factor 3,1
TLR1,toll-like receptor 1,1
TLR6,toll-like receptor 6,1
TMEM119,transmembrane protein 119,1
TNFAIP3,"tumor necrosis factor, alpha-induced protein 3",1
TNFRSF1A,"tumor necrosis factor receptor superfamily, member 1A",1
TNFRSF10A,"tumor necrosis factor receptor superfamily, member 10a",1
TNFSF13B,"tumor necrosis factor (ligand) superfamily, member 13b",1
TNNT1,"troponin T type 1 (skeletal, slow)",1
TPO,thyroid peroxidase,1
TRAPPC9,trafficking protein particle complex 9,1
TRIM22,tripartite motif containing 22,1
TSFM,"Ts translation elongation factor, mitochondrial",1
TSLP,thymic stromal lymphopoietin,1
UBTF,"upstream binding transcription factor, RNA polymerase I",1
ULK1,unc-51-like kinase 1 (C. elegans),1
