Gene_symbol,   Genes,Freq
T,"T, brachyury homolog (mouse)",743
CRP,"C-reactive protein, pentraxin-related",568
TNF,tumor necrosis factor,379
ACR,acrosin,240
GC,group-specific component (vitamin D binding protein),120
NHS,Nance-Horan syndrome (congenital cataracts and dental anomalies),112
ADA,adenosine deaminase,102
HLA-DRB1,"major histocompatibility complex, class II, DR beta 1",101
HR,hair growth associated,78
MTHFR,methylenetetrahydrofolate reductase (NAD(P)H),60
PADI4,"peptidyl arginine deiminase, type IV",55
CP,ceruloplasmin (ferroxidase),47
STAT4,signal transducer and activator of transcription 4,45
C3,complement component 3,41
CAD,"carbamoyl-phosphate synthetase 2, aspartate transcarbamylase, and dihydroorotase",41
CD4,CD4 molecule,40
COMP,cartilage oligomeric matrix protein,39
HLA-G,"major histocompatibility complex, class I, G",38
CXCL10,chemokine (C-X-C motif) ligand 10,37
MIF,macrophage migration inhibitory factor (glycosylation-inhibiting factor),36
PTPN22,"protein tyrosine phosphatase, non-receptor type 22 (lymphoid)",36
CS,citrate synthase,35
CXCL13,chemokine (C-X-C motif) ligand 13,35
MSC,musculin,34
CCR5,chemokine (C-C motif) receptor 5 (gene/pseudogene),27
STAT3,signal transducer and activator of transcription 3 (acute-phase response factor),27
PIP,prolactin-induced protein,26
HMGB1,high mobility group box 1,25
BRAF,v-raf murine sarcoma viral oncogene homolog B1,24
FCRL3,Fc receptor-like 3,24
GLS,glutaminase,24
IL6,"interleukin 6 (interferon, beta 2)",24
PRL,prolactin,23
TTR,transthyretin,23
NTM,neurotrimin,22
TLR4,toll-like receptor 4,22
GK,glycerol kinase,21
SI,sucrase-isomaltase (alpha-glucosidase),21
TST,thiosulfate sulfurtransferase (rhodanese),21
ATIC,5-aminoimidazole-4-carboxamide ribonucleotide formyltransferase/IMP cyclohydrolase,20
FCGR3A,"Fc fragment of IgG, low affinity IIIa, receptor (CD16a)",20
MMP3,"matrix metallopeptidase 3 (stromelysin 1, progelatinase)",20
TG,thyroglobulin,20
AR,androgen receptor,19
HLA-C,"major histocompatibility complex, class I, C",19
CD68,CD68 molecule,18
CD226,CD226 molecule,18
LBP,lipopolysaccharide binding protein,18
MB,myoglobin,18
MPO,myeloperoxidase,18
TLR2,toll-like receptor 2,18
AIRE,autoimmune regulator,17
LILRA3,"leukocyte immunoglobulin-like receptor, subfamily A (without TM domain), member 3",17
CAT,catalase,16
CD28,CD28 molecule,16
IL17F,interleukin 17F,16
IRF5,interferon regulatory factor 5,16
SDS,serine dehydratase,16
C5orf30,chromosome 5 open reading frame 30,15
EGF,epidermal growth factor,15
HP,haptoglobin,15
MIP,major intrinsic protein of lens fiber,15
ERAS,ES cell expressed Ras,14
PON1,paraoxonase 1,14
TNFAIP3,"tumor necrosis factor, alpha-induced protein 3",14
CETP,"cholesteryl ester transfer protein, plasma",13
DKK1,dickkopf 1 homolog (Xenopus laevis),13
TRAF6,"TNF receptor-associated factor 6, E3 ubiquitin protein ligase",13
TYMS,thymidylate synthetase,13
DHFR,dihydrofolate reductase,12
FCGR2A,"Fc fragment of IgG, low affinity IIa, receptor (CD32)",12
HGF,hepatocyte growth factor (hepapoietin A; scatter factor),12
MBL2,"mannose-binding lectin (protein C) 2, soluble",12
PML,promyelocytic leukemia,12
SIRT1,sirtuin 1,12
SOCS3,suppressor of cytokine signaling 3,12
SRM,spermidine synthase,12
TIGIT,T cell immunoreceptor with Ig and ITIM domains,12
ACE,angiotensin I converting enzyme (peptidyl-dipeptidase A) 1,11
CCL2,chemokine (C-C motif) ligand 2,11
CTLA4,cytotoxic T-lymphocyte-associated protein 4,11
GSTT1,glutathione S-transferase theta 1,11
IL17A,interleukin 17A,11
IRAK1,interleukin-1 receptor-associated kinase 1,11
NFKBIE,"nuclear factor of kappa light polypeptide gene enhancer in B-cells inhibitor, epsilon",11
SOX5,SRY (sex determining region Y)-box 5,11
TLR3,toll-like receptor 3,11
TRAF1,TNF receptor-associated factor 1,11
YY1,YY1 transcription factor,11
CAV1,"caveolin 1, caveolae protein, 22kDa",10
CCR6,chemokine (C-C motif) receptor 6,10
CTNNB1,"catenin (cadherin-associated protein), beta 1, 88kDa",10
CXCR4,chemokine (C-X-C motif) receptor 4,10
IFI16,"interferon, gamma-inducible protein 16",10
IL6R,interleukin 6 receptor,10
MEFV,Mediterranean fever,10
PTX3,"pentraxin 3, long",10
S100A11,S100 calcium binding protein A11,10
TLR5,toll-like receptor 5,10
VDR,"vitamin D (1,25- dihydroxyvitamin D3) receptor",10
ABCB1,"ATP-binding cassette, sub-family B (MDR/TAP), member 1",9
AMH,anti-Mullerian hormone,9
CCL13,chemokine (C-C motif) ligand 13,9
CCL19,chemokine (C-C motif) ligand 19,9
CHRNA7,"cholinergic receptor, nicotinic, alpha 7 (neuronal)",9
FGF21,fibroblast growth factor 21,9
IL2RA,"interleukin 2 receptor, alpha",9
PC,pyruvate carboxylase,9
PSD,pleckstrin and Sec7 domain containing,9
S100A12,S100 calcium binding protein A12,9
TLR10,toll-like receptor 10,9
AGA,aspartylglucosaminidase,8
AQP9,aquaporin 9,8
BCR,breakpoint cluster region,8
C2,complement component 2,8
CD14,CD14 molecule,8
CD34,CD34 molecule,8
CD74,"CD74 molecule, major histocompatibility complex, class II invariant chain",8
CXCL12,chemokine (C-X-C motif) ligand 12,8
F11R,F11 receptor,8
GZMB,"granzyme B (granzyme 2, cytotoxic T-lymphocyte-associated serine esterase 1)",8
IL23R,interleukin 23 receptor,8
MAF,v-maf musculoaponeurotic fibrosarcoma oncogene homolog (avian),8
NCL,nucleolin,8
NLRP1,"NLR family, pyrin domain containing 1",8
PERP,"PERP, TP53 apoptosis effector",8
SFRP2,secreted frizzled-related protein 2,8
TNC,tenascin C,8
TYK2,tyrosine kinase 2,8
UBASH3A,ubiquitin associated and SH3 domain containing A,8
VEGFA,vascular endothelial growth factor A,8
AHSG,alpha-2-HS-glycoprotein,7
APOM,apolipoprotein M,7
CCL5,chemokine (C-C motif) ligand 5,7
CFB,complement factor B,7
CORT,cortistatin,7
CPM,carboxypeptidase M,7
CXCL9,chemokine (C-X-C motif) ligand 9,7
FCN1,ficolin (collagen/fibrinogen domain containing) 1,7
FURIN,furin (paired basic amino acid cleaving enzyme),7
G6PD,glucose-6-phosphate dehydrogenase,7
HLA-DQB1,"major histocompatibility complex, class II, DQ beta 1",7
LBH,limb bud and heart development,7
MDM4,Mdm4 p53 binding protein homolog (mouse),7
MICA,MHC class I polypeptide-related sequence A,7
OGG1,8-oxoguanine DNA glycosylase,7
PCSK9,proprotein convertase subtilisin/kexin type 9,7
REL,v-rel reticuloendotheliosis viral oncogene homolog (avian),7
RSPO1,R-spondin 1,7
SLC19A1,"solute carrier family 19 (folate transporter), member 1",7
XRCC1,X-ray repair complementing defective repair in Chinese hamster cells 1,7
APC,adenomatous polyposis coli,6
AQP1,aquaporin 1 (Colton blood group),6
ASIC3,acid-sensing (proton-gated) ion channel 3,6
BTLA,B and T lymphocyte associated,6
CCL20,chemokine (C-C motif) ligand 20,6
CCR1,chemokine (C-C motif) receptor 1,6
CCR7,chemokine (C-C motif) receptor 7,6
CD40,"CD40 molecule, TNF receptor superfamily member 5",6
CRH,corticotropin releasing hormone,6
CXCR3,chemokine (C-X-C motif) receptor 3,6
EGFR,epidermal growth factor receptor,6
GYS1,glycogen synthase 1 (muscle),6
IL1RN,interleukin 1 receptor antagonist,6
IL4R,interleukin 4 receptor,6
ITPA,inosine triphosphatase (nucleoside triphosphate pyrophosphatase),6
LEP,leptin,6
LOXL2,lysyl oxidase-like 2,6
LPA,"lipoprotein, Lp(a)",6
NFAT5,"nuclear factor of activated T-cells 5, tonicity-responsive",6
NLRC5,"NLR family, CARD domain containing 5",6
PADI2,"peptidyl arginine deiminase, type II",6
PDCD5,programmed cell death 5,6
PER2,period circadian clock 2,6
RETN,resistin,6
SHH,sonic hedgehog,6
TF,transferrin,6
TLR7,toll-like receptor 7,6
TLR8,toll-like receptor 8,6
TSPO,translocator protein (18kDa),6
AHR,aryl hydrocarbon receptor,5
ANGPTL4,angiopoietin-like 4,5
BID,BH3 interacting domain death agonist,5
BIRC5,baculoviral IAP repeat containing 5,5
CD163,CD163 molecule,5
CD247,CD247 molecule,5
CIC,capicua transcriptional repressor,5
CSF1R,colony stimulating factor 1 receptor,5
CUL1,cullin 1,5
DES,desmin,5
EBF3,early B-cell factor 3,5
GLCCI1,glucocorticoid induced transcript 1,5
HGS,hepatocyte growth factor-regulated tyrosine kinase substrate,5
HSPA1A,heat shock 70kDa protein 1A,5
MIA3,"melanoma inhibitory activity family, member 3",5
MMP9,"matrix metallopeptidase 9 (gelatinase B, 92kDa gelatinase, 92kDa type IV collagenase)",5
NAMPT,nicotinamide phosphoribosyltransferase,5
PTH,parathyroid hormone,5
RFC1,"replication factor C (activator 1) 1, 145kDa",5
S100A4,S100 calcium binding protein A4,5
SPP1,secreted phosphoprotein 1,5
SPRY1,"sprouty homolog 1, antagonist of FGF signaling (Drosophila)",5
SRF,serum response factor (c-fos serum response element-binding transcription factor),5
SRR,serine racemase,5
TRA,T cell receptor alpha locus,5
VIP,vasoactive intestinal peptide,5
XRCC4,X-ray repair complementing defective repair in Chinese hamster cells 4,5
ADORA2A,adenosine A2a receptor,4
ADORA3,adenosine A3 receptor,4
AQP3,aquaporin 3 (Gill blood group),4
CASP12,caspase 12 (gene/pseudogene),4
CD19,CD19 molecule,4
CD38,CD38 molecule,4
CD69,CD69 molecule,4
CD86,CD86 molecule,4
CEL,carboxyl ester lipase,4
CXCR5,chemokine (C-X-C motif) receptor 5,4
DBP,D site of albumin promoter (albumin D-box) binding protein,4
FOXO3,forkhead box O3,4
FPGS,folylpolyglutamate synthase,4
GALNT1,UDP-N-acetyl-alpha-D-galactosamine:polypeptide N-acetylgalactosaminyltransferase 1 (GalNAc-T1),4
GGH,"gamma-glutamyl hydrolase (conjugase, folylpolygammaglutamyl hydrolase)",4
HRG,histidine-rich glycoprotein,4
IFI44,interferon-induced protein 44,4
IRX1,iroquois homeobox 1,4
ITGAV,"integrin, alpha V",4
KLF2,Kruppel-like factor 2 (lung),4
KY,kyphoscoliosis peptidase,4
LRP5,low density lipoprotein receptor-related protein 5,4
MASP2,mannan-binding lectin serine peptidase 2,4
MNDA,myeloid cell nuclear differentiation antigen,4
NDUFA7,"NADH dehydrogenase (ubiquinone) 1 alpha subcomplex, 7, 14.5kDa",4
NLRP3,"NLR family, pyrin domain containing 3",4
PDYN,prodynorphin,4
POMC,proopiomelanocortin,4
PPARG,peroxisome proliferator-activated receptor gamma,4
PTGER4,prostaglandin E receptor 4 (subtype EP4),4
PTGES,prostaglandin E synthase,4
RDX,radixin,4
RORC,RAR-related orphan receptor C,4
SAA1,serum amyloid A1,4
SLC22A4,"solute carrier family 22 (organic cation/ergothioneine transporter), member 4",4
TLR9,toll-like receptor 9,4
VTCN1,V-set domain containing T cell activation inhibitor 1,4
WIBG,within bgcn homolog (Drosophila),4
AFM,afamin,3
AIF1,allograft inflammatory factor 1,3
ALB,albumin,3
AMPD1,adenosine monophosphate deaminase 1,3
APOE,apolipoprotein E,3
ARPC1A,"actin related protein 2/3 complex, subunit 1A, 41kDa",3
BTNL2,butyrophilin-like 2 (MHC class II associated),3
CCS,copper chaperone for superoxide dismutase,3
CD80,CD80 molecule,3
CD83,CD83 molecule,3
CLEC12A,"C-type lectin domain family 12, member A",3
CRKL,v-crk sarcoma virus CT10 oncogene homolog (avian)-like,3
CXCL11,chemokine (C-X-C motif) ligand 11,3
CYB5A,cytochrome b5 type A (microsomal),3
CYP3A4,"cytochrome P450, family 3, subfamily A, polypeptide 4",3
CYP3A5,"cytochrome P450, family 3, subfamily A, polypeptide 5",3
DHODH,dihydroorotate dehydrogenase (quinone),3
ESR1,estrogen receptor 1,3
FAS,"Fas (TNF receptor superfamily, member 6)",3
FCGR3B,"Fc fragment of IgG, low affinity IIIb, receptor (CD16b)",3
FOS,FBJ murine osteosarcoma viral oncogene homolog,3
FYB,FYN binding protein,3
G0S2,G0/G1switch 2,3
HLA-DPB1,"major histocompatibility complex, class II, DP beta 1",3
ICOS,inducible T-cell co-stimulator,3
IFNG,"interferon, gamma",3
IGH,immunoglobulin heavy locus,3
IL12B,"interleukin 12B (natural killer cell stimulatory factor 2, cytotoxic lymphocyte maturation factor 2, p40)",3
IL21,interleukin 21,3
IRF1,interferon regulatory factor 1,3
JAK2,Janus kinase 2,3
KL,klotho,3
LARP6,"La ribonucleoprotein domain family, member 6",3
LTA,"lymphotoxin alpha (TNF superfamily, member 1)",3
MPI,mannose phosphate isomerase,3
NNT,nicotinamide nucleotide transhydrogenase,3
NRP1,neuropilin 1,3
OMP,olfactory marker protein,3
OXT,oxytocin/neurophysin I prepropeptide,3
PDPN,podoplanin,3
PRG4,proteoglycan 4,3
RGS12,regulator of G-protein signaling 12,3
S100A8,S100 calcium binding protein A8,3
SFN,stratifin,3
SLC11A1,"solute carrier family 11 (proton-coupled divalent metal ion transporters), member 1",3
SYK,spleen tyrosine kinase,3
TH,tyrosine hydroxylase,3
TNFRSF1B,"tumor necrosis factor receptor superfamily, member 1B",3
TYROBP,TYRO protein tyrosine kinase binding protein,3
VAV1,vav 1 guanine nucleotide exchange factor,3
ZKSCAN5,zinc finger with KRAB and SCAN domains 5,3
ACTN1,"actinin, alpha 1",2
ADIPOQ,"adiponectin, C1Q and collagen domain containing",2
AFF3,"AF4/FMR2 family, member 3",2
ANO1,"anoctamin 1, calcium activated chloride channel",2
ANXA3,annexin A3,2
ANXA4,annexin A4,2
ARID5B,AT rich interactive domain 5B (MRF1-like),2
B3GNT2,"UDP-GlcNAc:betaGal beta-1,3-N-acetylglucosaminyltransferase 2",2
BCL3,B-cell CLL/lymphoma 3,2
BMP2,bone morphogenetic protein 2,2
BMP4,bone morphogenetic protein 4,2
C6orf10,chromosome 6 open reading frame 10,2
CARD8,"caspase recruitment domain family, member 8",2
CD6,CD6 molecule,2
CD40LG,CD40 ligand,2
CD44,CD44 molecule (Indian blood group),2
CD46,"CD46 molecule, complement regulatory protein",2
CD55,"CD55 molecule, decay accelerating factor for complement (Cromer blood group)",2
CD59,"CD59 molecule, complement regulatory protein",2
CFTR,"cystic fibrosis transmembrane conductance regulator (ATP-binding cassette sub-family C, member 7)",2
CGA,"glycoprotein hormones, alpha polypeptide",2
CHM,choroideremia (Rab escort protein 1),2
CTHRC1,collagen triple helix repeat containing 1,2
CTSS,cathepsin S,2
CX3CL1,chemokine (C-X3-C motif) ligand 1,2
CXCL1,"chemokine (C-X-C motif) ligand 1 (melanoma growth stimulating activity, alpha)",2
CXCL2,chemokine (C-X-C motif) ligand 2,2
CXCL16,chemokine (C-X-C motif) ligand 16,2
DHX32,DEAH (Asp-Glu-Ala-His) box polypeptide 32,2
DROSHA,"drosha, ribonuclease type III",2
DUSP1,dual specificity phosphatase 1,2
EP300,E1A binding protein p300,2
ESR2,estrogen receptor 2 (ER beta),2
FGF2,fibroblast growth factor 2 (basic),2
FGF12,fibroblast growth factor 12,2
FOXP3,forkhead box P3,2
GABARAPL2,GABA(A) receptor-associated protein-like 2,2
GDA,guanine deaminase,2
GFAP,glial fibrillary acidic protein,2
GPI,glucose-6-phosphate isomerase,2
GSS,glutathione synthetase,2
GSTM1,glutathione S-transferase mu 1,2
HEXDC,"hexosaminidase (glycosyl hydrolase family 20, catalytic domain) containing",2
HHEX,hematopoietically expressed homeobox,2
HLA-B,"major histocompatibility complex, class I, B",2
HLA-DQA1,"major histocompatibility complex, class II, DQ alpha 1",2
HLA-DRA,"major histocompatibility complex, class II, DR alpha",2
HLA-E,"major histocompatibility complex, class I, E",2
ICAM1,intercellular adhesion molecule 1,2
IDO1,"indoleamine 2,3-dioxygenase 1",2
IFI35,interferon-induced protein 35,2
IFI44L,interferon-induced protein 44-like,2
IFNGR2,interferon gamma receptor 2 (interferon gamma transducer 1),2
IL1B,"interleukin 1, beta",2
IL1RAP,interleukin 1 receptor accessory protein,2
IL2,interleukin 2,2
IL4,interleukin 4,2
IL15,interleukin 15,2
JAK1,Janus kinase 1,2
JAM2,junctional adhesion molecule 2,2
JUN,jun proto-oncogene,2
KDR,kinase insert domain receptor (a type III receptor tyrosine kinase),2
KIR2DL3,"killer cell immunoglobulin-like receptor, two domains, long cytoplasmic tail, 3",2
LGALS3,"lectin, galactoside-binding, soluble, 3",2
LILRA2,"leukocyte immunoglobulin-like receptor, subfamily A (with TM domain), member 2",2
LILRB2,"leukocyte immunoglobulin-like receptor, subfamily B (with TM and ITIM domains), member 2",2
LRRC31,leucine rich repeat containing 31,2
LRRK2,leucine-rich repeat kinase 2,2
MICB,MHC class I polypeptide-related sequence B,2
MOS,v-mos Moloney murine sarcoma viral oncogene homolog,2
MTRR,5-methyltetrahydrofolate-homocysteine methyltransferase reductase,2
MVD,mevalonate (diphospho) decarboxylase,2
NOS2,"nitric oxide synthase 2, inducible",2
NOS3,nitric oxide synthase 3 (endothelial cell),2
NOTCH4,notch 4,2
NPSR1,neuropeptide S receptor 1,2
NR1H2,"nuclear receptor subfamily 1, group H, member 2",2
NR1H3,"nuclear receptor subfamily 1, group H, member 3",2
NUDT15,nudix (nucleoside diphosphate linked moiety X)-type motif 15,2
PCBP1,poly(rC) binding protein 1,2
PDCD1,programmed cell death 1,2
PGC,progastricsin (pepsinogen C),2
PIM1,pim-1 oncogene,2
PIWIL2,piwi-like RNA-mediated gene silencing 2,2
PLN,phospholamban,2
PMFBP1,polyamine modulated factor 1 binding protein 1,2
PRF1,perforin 1 (pore forming protein),2
PVR,poliovirus receptor,2
RAD51B,RAD51 homolog B (S. cerevisiae),2
RTKN2,rhotekin 2,2
SLN,sarcolipin,2
SOST,sclerostin,2
SP1,Sp1 transcription factor,2
SP6,Sp6 transcription factor,2
STEAP4,STEAP family member 4,2
SULT2A1,"sulfotransferase family, cytosolic, 2A, dehydroepiandrosterone (DHEA)-preferring, member 1",2
TANK,TRAF family member-associated NFKB activator,2
VCAM1,vascular cell adhesion molecule 1,2
ZNF706,zinc finger protein 706,2
ABCG1,"ATP-binding cassette, sub-family G (WHITE), member 1",1
ABCG2,"ATP-binding cassette, sub-family G (WHITE), member 2",1
ADC,arginine decarboxylase,1
ADORA2B,adenosine A2b receptor,1
AKR1D1,"aldo-keto reductase family 1, member D1",1
AKT1,v-akt murine thymoma viral oncogene homolog 1,1
ANKRD55,ankyrin repeat domain 55,1
APP,amyloid beta (A4) precursor protein,1
ARNTL2,aryl hydrocarbon receptor nuclear translocator-like 2,1
ASCC2,activating signal cointegrator 1 complex subunit 2,1
ASL,argininosuccinate lyase,1
ASPN,asporin,1
ATP5J,"ATP synthase, H+ transporting, mitochondrial Fo complex, subunit F6",1
ATP5O,"ATP synthase, H+ transporting, mitochondrial F1 complex, O subunit",1
BLK,B lymphoid tyrosine kinase,1
BPI,bactericidal/permeability-increasing protein,1
C3AR1,complement component 3a receptor 1,1
C7,complement component 7,1
CAPN8,calpain 8,1
CCL3,chemokine (C-C motif) ligand 3,1
CCL21,chemokine (C-C motif) ligand 21,1
CCND1,cyclin D1,1
CCR4,chemokine (C-C motif) receptor 4,1
CCR9,chemokine (C-C motif) receptor 9,1
CD2,CD2 molecule,1
CD36,CD36 molecule (thrombospondin receptor),1
CDK4,cyclin-dependent kinase 4,1
CDK6,cyclin-dependent kinase 6,1
CHI3L1,chitinase 3-like 1 (cartilage glycoprotein-39),1
CHUK,conserved helix-loop-helix ubiquitous kinase,1
CILP,"cartilage intermediate layer protein, nucleotide pyrophosphohydrolase",1
COL3A1,"collagen, type III, alpha 1",1
COL4A1,"collagen, type IV, alpha 1",1
COL11A1,"collagen, type XI, alpha 1",1
COX7A2,cytochrome c oxidase subunit VIIa polypeptide 2 (liver),1
COX7B,cytochrome c oxidase subunit VIIb,1
CREBBP,CREB binding protein,1
CSF2,colony stimulating factor 2 (granulocyte-macrophage),1
CX3CR1,chemokine (C-X3-C motif) receptor 1,1
CXCL5,chemokine (C-X-C motif) ligand 5,1
CXCR7,chemokine (C-X-C motif) receptor 7,1
CYP1A1,"cytochrome P450, family 1, subfamily A, polypeptide 1",1
DDAH1,dimethylarginine dimethylaminohydrolase 1,1
DDAH2,dimethylarginine dimethylaminohydrolase 2,1
DLG1,"discs, large homolog 1 (Drosophila)",1
DNAJA1,"DnaJ (Hsp40) homolog, subfamily A, member 1",1
DNAJA2,"DnaJ (Hsp40) homolog, subfamily A, member 2",1
DPP4,dipeptidyl-peptidase 4,1
DR1,"down-regulator of transcription 1, TBP-binding (negative cofactor 2)",1
EBI3,Epstein-Barr virus induced 3,1
EFS,embryonal Fyn-associated substrate,1
EGR2,early growth response 2,1
EN1,engrailed homeobox 1,1
ENTPD1,ectonucleoside triphosphate diphosphohydrolase 1,1
ETS1,v-ets erythroblastosis virus E26 oncogene homolog 1 (avian),1
ETS2,v-ets erythroblastosis virus E26 oncogene homolog 2 (avian),1
EVI2A,ecotropic viral integration site 2A,1
F10,coagulation factor X,1
F11,coagulation factor XI,1
FAH,fumarylacetoacetate hydrolase (fumarylacetoacetase),1
FCGR1A,"Fc fragment of IgG, high affinity Ia, receptor (CD64)",1
FCGR2B,"Fc fragment of IgG, low affinity IIb, receptor (CD32)",1
FCGRT,"Fc fragment of IgG, receptor, transporter, alpha",1
FH,fumarate hydratase,1
FKBP1A,"FK506 binding protein 1A, 12kDa",1
FOXJ3,forkhead box J3,1
GAPDH,glyceraldehyde-3-phosphate dehydrogenase,1
GIP,gastric inhibitory polypeptide,1
GLI1,GLI family zinc finger 1,1
GRIN2A,"glutamate receptor, ionotropic, N-methyl D-aspartate 2A",1
GTF2I,general transcription factor IIi,1
GUCY1A2,"guanylate cyclase 1, soluble, alpha 2",1
HBM,"hemoglobin, mu",1
HDAC4,histone deacetylase 4,1
HLA-DOB,"major histocompatibility complex, class II, DO beta",1
HLA-DRB5,"major histocompatibility complex, class II, DR beta 5",1
HLA-F,"major histocompatibility complex, class I, F",1
HMMR,hyaluronan-mediated motility receptor (RHAMM),1
HMOX1,heme oxygenase (decycling) 1,1
HSF1,heat shock transcription factor 1,1
HSPA1B,heat shock 70kDa protein 1B,1
IFI6,"interferon, alpha-inducible protein 6",1
IFIH1,interferon induced with helicase C domain 1,1
IFIT3,interferon-induced protein with tetratricopeptide repeats 3,1
IFNGR1,interferon gamma receptor 1,1
IKBKE,"inhibitor of kappa light polypeptide gene enhancer in B-cells, kinase epsilon",1
IL1A,"interleukin 1, alpha",1
IL2RB,"interleukin 2 receptor, beta",1
IL7,interleukin 7,1
IL17RA,interleukin 17 receptor A,1
IL17RC,interleukin 17 receptor C,1
IL18,interleukin 18 (interferon-gamma-inducing factor),1
IL18R1,interleukin 18 receptor 1,1
IL22,interleukin 22,1
IL33,interleukin 33,1
IRF3,interferon regulatory factor 3,1
IRF7,interferon regulatory factor 7,1
IRX6,iroquois homeobox 6,1
ITGA4,"integrin, alpha 4 (antigen CD49D, alpha 4 subunit of VLA-4 receptor)",1
JAG2,jagged 2,1
JAK3,Janus kinase 3,1
KCNA1,"potassium voltage-gated channel, shaker-related subfamily, member 1 (episodic ataxia with myokymia)",1
KIF12,kinesin family member 12,1
KIR2DL1,"killer cell immunoglobulin-like receptor, two domains, long cytoplasmic tail, 1",1
KIR2DS3,"killer cell immunoglobulin-like receptor, two domains, short cytoplasmic tail, 3",1
KIR2DS4,"killer cell immunoglobulin-like receptor, two domains, short cytoplasmic tail, 4",1
KIR3DL1,"killer cell immunoglobulin-like receptor, three domains, long cytoplasmic tail, 1",1
KLRC3,"killer cell lectin-like receptor subfamily C, member 3",1
KMO,kynurenine 3-monooxygenase (kynurenine 3-hydroxylase),1
LAMA3,"laminin, alpha 3",1
LAMB4,"laminin, beta 4",1
LGALS9,"lectin, galactoside-binding, soluble, 9",1
LHX2,LIM homeobox 2,1
LIFR,leukemia inhibitory factor receptor alpha,1
LILRA1,"leukocyte immunoglobulin-like receptor, subfamily A (with TM domain), member 1",1
LILRB1,"leukocyte immunoglobulin-like receptor, subfamily B (with TM and ITIM domains), member 1",1
LYZ,lysozyme,1
MAFF,v-maf musculoaponeurotic fibrosarcoma oncogene homolog F (avian),1
MAFK,v-maf musculoaponeurotic fibrosarcoma oncogene homolog K (avian),1
MALT1,mucosa associated lymphoid tissue lymphoma translocation gene 1,1
MBP,myelin basic protein,1
MET,met proto-oncogene (hepatocyte growth factor receptor),1
MGMT,O-6-methylguanine-DNA methyltransferase,1
MIA,melanoma inhibitory activity,1
MIPOL1,mirror-image polydactyly 1,1
MPL,myeloproliferative leukemia virus oncogene,1
MSN,moesin,1
MTHFD1,"methylenetetrahydrofolate dehydrogenase (NADP+ dependent) 1, methenyltetrahydrofolate cyclohydrolase, formyltetrahydrofolate synthetase",1
MUC1,"mucin 1, cell surface associated",1
MX1,"myxovirus (influenza virus) resistance 1, interferon-inducible protein p78 (mouse)",1
NDUFA4,"NADH dehydrogenase (ubiquinone) 1 alpha subcomplex, 4, 9kDa",1
NFIA,nuclear factor I/A,1
NPAS2,neuronal PAS domain protein 2,1
NPS,neuropeptide S,1
NQO1,"NAD(P)H dehydrogenase, quinone 1",1
OAS1,"2'-5'-oligoadenylate synthetase 1, 40/46kDa",1
OSCAR,"osteoclast associated, immunoglobulin-like receptor",1
OSM,oncostatin M,1
P2RY6,"pyrimidinergic receptor P2Y, G-protein coupled, 6",1
PADI1,"peptidyl arginine deiminase, type I",1
PADI3,"peptidyl arginine deiminase, type III",1
PADI6,"peptidyl arginine deiminase, type VI",1
PCNA,proliferating cell nuclear antigen,1
PDCD4,programmed cell death 4 (neoplastic transformation inhibitor),1
PF4,platelet factor 4,1
PIAS3,"protein inhibitor of activated STAT, 3",1
PIGF,"phosphatidylinositol glycan anchor biosynthesis, class F",1
PIK3IP1,phosphoinositide-3-kinase interacting protein 1,1
PIWIL4,piwi-like RNA-mediated gene silencing 4,1
PLD4,"phospholipase D family, member 4",1
PLG,plasminogen,1
POR,P450 (cytochrome) oxidoreductase,1
PPT1,palmitoyl-protein thioesterase 1,1
PRKCQ,"protein kinase C, theta",1
PRKCZ,"protein kinase C, zeta",1
PRPF4B,PRP4 pre-mRNA processing factor 4 homolog B (yeast),1
PSORS1C1,psoriasis susceptibility 1 candidate 1,1
PTPN2,"protein tyrosine phosphatase, non-receptor type 2",1
PTPRC,"protein tyrosine phosphatase, receptor type, C",1
PXN,paxillin,1
PYY,peptide YY,1
RAB27A,"RAB27A, member RAS oncogene family",1
RARA,"retinoic acid receptor, alpha",1
RBM17,RNA binding motif protein 17,1
RNASEH2A,"ribonuclease H2, subunit A",1
RUNX2,runt-related transcription factor 2,1
S100A9,S100 calcium binding protein A9,1
S100P,S100 calcium binding protein P,1
SAA4,"serum amyloid A4, constitutive",1
SCD,stearoyl-CoA desaturase (delta-9-desaturase),1
SCO1,SCO1 cytochrome c oxidase assembly protein,1
SDHAF2,succinate dehydrogenase complex assembly factor 2,1
SGTA,"small glutamine-rich tetratricopeptide repeat (TPR)-containing, alpha",1
SH2D2A,SH2 domain containing 2A,1
SHMT1,serine hydroxymethyltransferase 1 (soluble),1
SIAH1,siah E3 ubiquitin protein ligase 1,1
SIN3A,SIN3 transcription regulator homolog A (yeast),1
SLC3A2,"solute carrier family 3 (activators of dibasic and neutral amino acid transport), member 2",1
SMAD2,SMAD family member 2,1
SMS,spermine synthase,1
SNW1,SNW domain containing 1,1
SNX6,sorting nexin 6,1
SOCS1,suppressor of cytokine signaling 1,1
SOD3,"superoxide dismutase 3, extracellular",1
SOX9,SRY (sex determining region Y)-box 9,1
SP9,Sp9 transcription factor,1
SRI,sorcin,1
SSB,Sjogren syndrome antigen B (autoantigen La),1
STAR,steroidogenic acute regulatory protein,1
STAT1,"signal transducer and activator of transcription 1, 91kDa",1
STAT2,"signal transducer and activator of transcription 2, 113kDa",1
STAT5A,signal transducer and activator of transcription 5A,1
STS,"steroid sulfatase (microsomal), isozyme S",1
SULF2,sulfatase 2,1
TAP1,"transporter 1, ATP-binding cassette, sub-family B (MDR/TAP)",1
TAP2,"transporter 2, ATP-binding cassette, sub-family B (MDR/TAP)",1
THBS1,thrombospondin 1,1
TIMP1,TIMP metallopeptidase inhibitor 1,1
TLR6,toll-like receptor 6,1
TNFRSF11B,"tumor necrosis factor receptor superfamily, member 11b",1
TNFSF11,"tumor necrosis factor (ligand) superfamily, member 11",1
TNXB,tenascin XB,1
TOLLIP,toll interacting protein,1
TRADD,TNFRSF1A-associated via death domain,1
TRAF2,TNF receptor-associated factor 2,1
TRIM21,tripartite motif containing 21,1
UQCRQ,"ubiquinol-cytochrome c reductase, complex III subunit VII, 9.5kDa",1
XCL1,chemokine (C motif) ligand 1,1
ZAP70,zeta-chain (TCR) associated protein kinase 70kDa,1
