Gene_symbol,   Genes,Freq
T,"T, brachyury homolog (mouse)",209
GCA,"grancalcin, EF-hand calcium binding protein",173
MPO,myeloperoxidase,71
NHS,Nance-Horan syndrome (congenital cataracts and dental anomalies),58
CS,citrate synthase,35
C3,complement component 3,34
HMGB1,high mobility group box 1,28
CRP,"C-reactive protein, pentraxin-related",27
TNF,tumor necrosis factor,26
CD4,CD4 molecule,18
PRTN3,proteinase 3,17
PTPN22,"protein tyrosine phosphatase, non-receptor type 22 (lymphoid)",16
PTX3,"pentraxin 3, long",14
MIF,macrophage migration inhibitory factor (glycosylation-inhibiting factor),13
TLR9,toll-like receptor 9,13
MUC13,"mucin 13, cell surface associated",12
PTS,6-pyruvoyltetrahydropterin synthase,11
TLR2,toll-like receptor 2,11
TLR4,toll-like receptor 4,11
ACR,acrosin,9
CIC,capicua transcriptional repressor,9
CP,ceruloplasmin (ferroxidase),9
DOCK8,dedicator of cytokinesis 8,9
IL6,"interleukin 6 (interferon, beta 2)",9
NTM,neurotrimin,9
VDR,"vitamin D (1,25- dihydroxyvitamin D3) receptor",9
BTLA,B and T lymphocyte associated,8
GC,group-specific component (vitamin D binding protein),8
HP,haptoglobin,8
IRF8,interferon regulatory factor 8,8
PML,promyelocytic leukemia,8
SEMA4D,"sema domain, immunoglobulin domain (Ig), transmembrane domain (TM) and short cytoplasmic domain, (semaphorin) 4D",8
TRIM21,tripartite motif containing 21,8
AIP,aryl hydrocarbon receptor interacting protein,7
BRAF,v-raf murine sarcoma viral oncogene homolog B1,7
EED,embryonic ectoderm development,7
FCN1,ficolin (collagen/fibrinogen domain containing) 1,7
FHL1,four and a half LIM domains 1,7
HR,hair growth associated,7
MLX,"MLX, MAX dimerization protein",7
SOCS1,suppressor of cytokine signaling 1,7
TNFAIP3,"tumor necrosis factor, alpha-induced protein 3",7
C5,complement component 5,6
FCRL5,Fc receptor-like 5,6
HLA-B,"major histocompatibility complex, class I, B",6
HLA-G,"major histocompatibility complex, class I, G",6
IL12B,"interleukin 12B (natural killer cell stimulatory factor 2, cytotoxic lymphocyte maturation factor 2, p40)",6
MMD,monocyte to macrophage differentiation-associated,6
AR,androgen receptor,5
BDNF,brain-derived neurotrophic factor,5
FCGR2A,"Fc fragment of IgG, low affinity IIa, receptor (CD32)",5
NOD1,nucleotide-binding oligomerization domain containing 1,5
NOD2,nucleotide-binding oligomerization domain containing 2,5
PADI4,"peptidyl arginine deiminase, type IV",5
SI,sucrase-isomaltase (alpha-glucosidase),5
SRC,v-src sarcoma (Schmidt-Ruppin A-2) viral oncogene homolog (avian),5
TMEM173,transmembrane protein 173,5
WAS,Wiskott-Aldrich syndrome,5
C2,complement component 2,4
CCL2,chemokine (C-C motif) ligand 2,4
CD40,"CD40 molecule, TNF receptor superfamily member 5",4
CD68,CD68 molecule,4
CFI,complement factor I,4
CXCL1,"chemokine (C-X-C motif) ligand 1 (melanoma growth stimulating activity, alpha)",4
GPNMB,glycoprotein (transmembrane) nmb,4
HLA-DRB1,"major histocompatibility complex, class II, DR beta 1",4
MOG,myelin oligodendrocyte glycoprotein,4
NGF,nerve growth factor (beta polypeptide),4
NUDT15,nudix (nucleoside diphosphate linked moiety X)-type motif 15,4
PTPN2,"protein tyrosine phosphatase, non-receptor type 2",4
REL,v-rel reticuloendotheliosis viral oncogene homolog (avian),4
TPMT,thiopurine S-methyltransferase,4
VAV1,vav 1 guanine nucleotide exchange factor,4
VWF,von Willebrand factor,4
CAPS,calcyphosine,3
CCR6,chemokine (C-C motif) receptor 6,3
CD52,CD52 molecule,3
CD177,CD177 molecule,3
CYP2C19,"cytochrome P450, family 2, subfamily C, polypeptide 19",3
EFS,embryonal Fyn-associated substrate,3
LARS,leucyl-tRNA synthetase,3
RIPK1,receptor (TNFRSF)-interacting serine-threonine kinase 1,3
SYK,spleen tyrosine kinase,3
TLR3,toll-like receptor 3,3
TLR8,toll-like receptor 8,3
TYK2,tyrosine kinase 2,3
ACE,angiotensin I converting enzyme (peptidyl-dipeptidase A) 1,2
APP,amyloid beta (A4) precursor protein,2
CD19,CD19 molecule,2
CD38,CD38 molecule,2
CD163,CD163 molecule,2
CECR1,"cat eye syndrome chromosome region, candidate 1",2
CLU,clusterin,2
CXCL9,chemokine (C-X-C motif) ligand 9,2
CXCL10,chemokine (C-X-C motif) ligand 10,2
CXCL11,chemokine (C-X-C motif) ligand 11,2
CXCR4,chemokine (C-X-C motif) receptor 4,2
DNASE1L3,deoxyribonuclease I-like 3,2
EHMT2,euchromatic histone-lysine N-methyltransferase 2,2
ING4,"inhibitor of growth family, member 4",2
JAK1,Janus kinase 1,2
JAK3,Janus kinase 3,2
KLRC4,"killer cell lectin-like receptor subfamily C, member 4",2
MB,myoglobin,2
MBL2,"mannose-binding lectin (protein C) 2, soluble",2
MEFV,Mediterranean fever,2
MLKL,mixed lineage kinase domain-like,2
PRKCQ,"protein kinase C, theta",2
RIPK3,receptor-interacting serine-threonine kinase 3,2
SH2D1A,SH2 domain containing 1A,2
TLR7,toll-like receptor 7,2
UBLCP1,ubiquitin-like domain containing CTD phosphatase 1,2
ADAMTS13,"ADAM metallopeptidase with thrombospondin type 1 motif, 13",1
AGA,aspartylglucosaminidase,1
AGTR2,"angiotensin II receptor, type 2",1
AQP4,aquaporin 4,1
ARC,activity-regulated cytoskeleton-associated protein,1
CA9,carbonic anhydrase IX,1
CAD,"carbamoyl-phosphate synthetase 2, aspartate transcarbamylase, and dihydroorotase",1
CALCB,calcitonin-related polypeptide beta,1
CCL24,chemokine (C-C motif) ligand 24,1
CCR3,chemokine (C-C motif) receptor 3,1
CD14,CD14 molecule,1
CD44,CD44 molecule (Indian blood group),1
CD59,"CD59 molecule, complement regulatory protein",1
CD80,CD80 molecule,1
CD83,CD83 molecule,1
CD86,CD86 molecule,1
CD226,CD226 molecule,1
COPA,"coatomer protein complex, subunit alpha",1
CTDP1,"CTD (carboxy-terminal domain, RNA polymerase II, polypeptide A) phosphatase, subunit 1",1
CXCL12,chemokine (C-X-C motif) ligand 12,1
CYP2C9,"cytochrome P450, family 2, subfamily C, polypeptide 9",1
EGFR,epidermal growth factor receptor,1
EHMT1,euchromatic histone-lysine N-methyltransferase 1,1
ERG,v-ets erythroblastosis virus E26 oncogene homolog (avian),1
FAU,Finkel-Biskis-Reilly murine sarcoma virus (FBR-MuSV) ubiquitously expressed,1
FPR2,formyl peptide receptor 2,1
GAPDH,glyceraldehyde-3-phosphate dehydrogenase,1
GFAP,glial fibrillary acidic protein,1
HLA-A,"major histocompatibility complex, class I, A",1
HLA-C,"major histocompatibility complex, class I, C",1
HLA-DPB1,"major histocompatibility complex, class II, DP beta 1",1
HLA-DQA1,"major histocompatibility complex, class II, DQ alpha 1",1
HLA-DQB1,"major histocompatibility complex, class II, DQ beta 1",1
HSD17B8,hydroxysteroid (17-beta) dehydrogenase 8,1
HTN3,histatin 3,1
IK,"IK cytokine, down-regulator of HLA II",1
IL23A,"interleukin 23, alpha subunit p19",1
IMPACT,impact RWD domain protein,1
IRF5,interferon regulatory factor 5,1
KIR3DL2,"killer cell immunoglobulin-like receptor, three domains, long cytoplasmic tail, 2",1
KRAS,v-Ki-ras2 Kirsten rat sarcoma viral oncogene homolog,1
KY,kyphoscoliosis peptidase,1
LMNA,lamin A/C,1
MCC,mutated in colorectal cancers,1
MICA,MHC class I polypeptide-related sequence A,1
MSL1,male-specific lethal 1 homolog (Drosophila),1
NLRP3,"NLR family, pyrin domain containing 3",1
NPS,neuropeptide S,1
OLFM4,olfactomedin 4,1
PAM,peptidylglycine alpha-amidating monooxygenase,1
PDGFB,platelet-derived growth factor beta polypeptide,1
PDGFRB,"platelet-derived growth factor receptor, beta polypeptide",1
PON1,paraoxonase 1,1
PRSS1,"protease, serine, 1 (trypsin 1)",1
PSMG1,"proteasome (prosome, macropain) assembly chaperone 1",1
PTGER4,prostaglandin E receptor 4 (subtype EP4),1
PTH,parathyroid hormone,1
RXRB,"retinoid X receptor, beta",1
S1PR1,sphingosine-1-phosphate receptor 1,1
SCD,stearoyl-CoA desaturase (delta-9-desaturase),1
SERPINA1,"serpin peptidase inhibitor, clade A (alpha-1 antiproteinase, antitrypsin), member 1",1
SOX11,SRY (sex determining region Y)-box 11,1
SSB,Sjogren syndrome antigen B (autoantigen La),1
STAT3,signal transducer and activator of transcription 3 (acute-phase response factor),1
STAT4,signal transducer and activator of transcription 4,1
TNFRSF1A,"tumor necrosis factor receptor superfamily, member 1A",1
TRAF6,"TNF receptor-associated factor 6, E3 ubiquitin protein ligase",1
TROVE2,"TROVE domain family, member 2",1
TSLP,thymic stromal lymphopoietin,1
TXNIP,thioredoxin interacting protein,1
