Gene_symbol,   Genes,Freq
T,"T, brachyury homolog (mouse)",508
OMG,oligodendrocyte myelin glycoprotein,146
GC,group-specific component (vitamin D binding protein),37
LRP4,low density lipoprotein receptor-related protein 4,31
POMC,proopiomelanocortin,26
NHS,Nance-Horan syndrome (congenital cataracts and dental anomalies),24
CXCL13,chemokine (C-X-C motif) ligand 13,20
C5,complement component 5,19
CD4,CD4 molecule,18
COLQ,collagen-like tail subunit (single strand of homotrimer) of asymmetric acetylcholinesterase,14
CS,citrate synthase,14
DOK7,docking protein 7,14
TLR9,toll-like receptor 9,14
CTLA4,cytotoxic T-lymphocyte-associated protein 4,11
S100A11,S100 calcium binding protein A11,11
AFP,alpha-fetoprotein,10
CYP3A5,"cytochrome P450, family 3, subfamily A, polypeptide 5",9
HLA-DRB1,"major histocompatibility complex, class II, DR beta 1",9
ICOS,inducible T-cell co-stimulator,9
TLR7,toll-like receptor 7,9
CD86,CD86 molecule,8
CHM,choroideremia (Rab escort protein 1),8
IRF8,interferon regulatory factor 8,8
AIRE,autoimmune regulator,7
AR,androgen receptor,7
C3,complement component 3,7
CD19,CD19 molecule,7
CD80,CD80 molecule,7
IRF4,interferon regulatory factor 4,7
PML,promyelocytic leukemia,7
SLA,Src-like-adaptor,7
CD40,"CD40 molecule, TNF receptor superfamily member 5",6
CD180,CD180 molecule,6
CRP,"C-reactive protein, pentraxin-related",6
CXCR4,chemokine (C-X-C motif) receptor 4,6
GFPT1,glutamine--fructose-6-phosphate transaminase 1,6
HR,hair growth associated,6
MUSK,"muscle, skeletal, receptor tyrosine kinase",6
PNP,purine nucleoside phosphorylase,6
TNIP1,TNFAIP3 interacting protein 1,6
TRIM9,tripartite motif containing 9,6
TSLP,thymic stromal lymphopoietin,6
AFM,afamin,5
BRAF,v-raf murine sarcoma viral oncogene homolog B1,5
CHAT,choline O-acetyltransferase,5
CHRNA1,"cholinergic receptor, nicotinic, alpha 1 (muscle)",5
DNMT3A,DNA (cytosine-5-)-methyltransferase 3 alpha,5
EFS,embryonal Fyn-associated substrate,5
RAPSN,receptor-associated protein of the synapse,5
TG,thyroglobulin,5
ACR,acrosin,4
ADM,adrenomedullin,4
AQP4,aquaporin 4,4
CCL21,chemokine (C-C motif) ligand 21,4
CCR7,chemokine (C-C motif) receptor 7,4
CCR9,chemokine (C-C motif) receptor 9,4
CD5,CD5 molecule,4
CHRNE,"cholinergic receptor, nicotinic, epsilon (muscle)",4
CXCR5,chemokine (C-X-C motif) receptor 5,4
MTHFR,methylenetetrahydrofolate reductase (NAD(P)H),4
PGM1,phosphoglucomutase 1,4
TGFB1,"transforming growth factor, beta 1",4
TLR4,toll-like receptor 4,4
TNF,tumor necrosis factor,4
TNFAIP3,"tumor necrosis factor, alpha-induced protein 3",4
TYMS,thymidylate synthetase,4
ADA,adenosine deaminase,3
AIP,aryl hydrocarbon receptor interacting protein,3
BCR,breakpoint cluster region,3
BSN,bassoon presynaptic cytomatrix protein,3
CAMP,cathelicidin antimicrobial peptide,3
CAMTA1,calmodulin binding transcription activator 1,3
CD55,"CD55 molecule, decay accelerating factor for complement (Cromer blood group)",3
CD59,"CD59 molecule, complement regulatory protein",3
CP,ceruloplasmin (ferroxidase),3
DMD,dystrophin,3
DNMT3B,DNA (cytosine-5-)-methyltransferase 3 beta,3
HLA-DPB1,"major histocompatibility complex, class II, DP beta 1",3
IL10,interleukin 10,3
MB,myoglobin,3
MCC,mutated in colorectal cancers,3
MEFV,Mediterranean fever,3
NFAT5,"nuclear factor of activated T-cells 5, tonicity-responsive",3
NTM,neurotrimin,3
OVCH1,ovochymase 1,3
PTH,parathyroid hormone,3
PTPN22,"protein tyrosine phosphatase, non-receptor type 22 (lymphoid)",3
SLAMF1,signaling lymphocytic activation molecule family member 1,3
YY1,YY1 transcription factor,3
AGRN,agrin,2
AHSP,alpha hemoglobin stabilizing protein,2
CA3,"carbonic anhydrase III, muscle specific",2
CAT,catalase,2
CD27,CD27 molecule,2
CD28,CD28 molecule,2
CNPY2,canopy 2 homolog (zebrafish),2
EMD,emerin,2
FAS,"Fas (TNF receptor superfamily, member 6)",2
GAPDH,glyceraldehyde-3-phosphate dehydrogenase,2
HIF3A,"hypoxia inducible factor 3, alpha subunit",2
HLA-A,"major histocompatibility complex, class I, A",2
HLA-B,"major histocompatibility complex, class I, B",2
ICAM1,intercellular adhesion molecule 1,2
IRAK1,interleukin-1 receptor-associated kinase 1,2
LAMA5,"laminin, alpha 5",2
MIP,major intrinsic protein of lens fiber,2
S100B,S100 calcium binding protein B,2
TLR3,toll-like receptor 3,2
TPMT,thiopurine S-methyltransferase,2
TYMP,thymidine phosphorylase,2
AES,amino-terminal enhancer of split,1
ALG2,"ALG2, alpha-1,3/1,6-mannosyltransferase",1
ALG14,"ALG14, UDP-N-acetylglucosaminyltransferase subunit",1
AMT,aminomethyltransferase,1
ASL,argininosuccinate lyase,1
BAD,BCL2-associated agonist of cell death,1
BAG3,BCL2-associated athanogene 3,1
BIN1,bridging integrator 1,1
BIRC5,baculoviral IAP repeat containing 5,1
C21orf2,chromosome 21 open reading frame 2,1
CANX,calnexin,1
CAV3,caveolin 3,1
CCL3,chemokine (C-C motif) ligand 3,1
CCL25,chemokine (C-C motif) ligand 25,1
CD34,CD34 molecule,1
CHCHD10,coiled-coil-helix-coiled-coil-helix domain containing 10,1
CHRNA3,"cholinergic receptor, nicotinic, alpha 3 (neuronal)",1
CHRNB1,"cholinergic receptor, nicotinic, beta 1 (muscle)",1
COL13A1,"collagen, type XIII, alpha 1",1
CYP3A4,"cytochrome P450, family 3, subfamily A, polypeptide 4",1
DAP,death-associated protein,1
DES,desmin,1
DNM2,dynamin 2,1
DNMT1,DNA (cytosine-5-)-methyltransferase 1,1
DPAGT1,dolichyl-phosphate (UDP-N-acetylglucosamine) N-acetylglucosaminephosphotransferase 1 (GlcNAc-1-P transferase),1
ECD,ecdysoneless homolog (Drosophila),1
EGFR,epidermal growth factor receptor,1
ESR1,estrogen receptor 1,1
FAM136A,"family with sequence similarity 136, member A",1
FKBP1A,"FK506 binding protein 1A, 12kDa",1
GAA,"glucosidase, alpha; acid",1
GAB2,GRB2-associated binding protein 2,1
GADD45B,"growth arrest and DNA-damage-inducible, beta",1
GFAP,glial fibrillary acidic protein,1
GMPPB,GDP-mannose pyrophosphorylase B,1
GTF2I,general transcription factor IIi,1
HARS,histidyl-tRNA synthetase,1
HIRA,HIR histone cell cycle regulation defective homolog A (S. cerevisiae),1
HLA-DOB,"major histocompatibility complex, class II, DO beta",1
HLA-DPA1,"major histocompatibility complex, class II, DP alpha 1",1
HLA-DQA1,"major histocompatibility complex, class II, DQ alpha 1",1
HLA-DQB1,"major histocompatibility complex, class II, DQ beta 1",1
HMGB1,high mobility group box 1,1
IGH,immunoglobulin heavy locus,1
IL6R,interleukin 6 receptor,1
IL27,interleukin 27,1
IRF3,interferon regulatory factor 3,1
KY,kyphoscoliosis peptidase,1
LAMA1,"laminin, alpha 1",1
LGI1,"leucine-rich, glioma inactivated 1",1
LTA,"lymphotoxin alpha (TNF superfamily, member 1)",1
MAG,myelin associated glycoprotein,1
MAPT,microtubule-associated protein tau,1
MFF,mitochondrial fission factor,1
MSC,musculin,1
MSL2,male-specific lethal 2 homolog (Drosophila),1
MTM1,myotubularin 1,1
MTR,5-methyltetrahydrofolate-homocysteine methyltransferase,1
MTRR,5-methyltetrahydrofolate-homocysteine methyltransferase reductase,1
MYB,v-myb myeloblastosis viral oncogene homolog (avian),1
MYC,v-myc myelocytomatosis viral oncogene homolog (avian),1
MYH7,"myosin, heavy chain 7, cardiac muscle, beta",1
NEK1,NIMA-related kinase 1,1
NFATC2,"nuclear factor of activated T-cells, cytoplasmic, calcineurin-dependent 2",1
PLEC,plectin,1
POLG,"polymerase (DNA directed), gamma",1
RRM2B,ribonucleotide reductase M2 B (TP53 inducible),1
S100A12,S100 calcium binding protein A12,1
S100P,S100 calcium binding protein P,1
SFN,stratifin,1
SLC5A7,"solute carrier family 5 (choline transporter), member 7",1
SMN1,"survival of motor neuron 1, telomeric",1
SOD1,"superoxide dismutase 1, soluble",1
SPP1,secreted phosphoprotein 1,1
SRC,v-src sarcoma (Schmidt-Ruppin A-2) viral oncogene homolog (avian),1
SRF,serum response factor (c-fos serum response element-binding transcription factor),1
STAT3,signal transducer and activator of transcription 3 (acute-phase response factor),1
SV2A,synaptic vesicle glycoprotein 2A,1
SYT2,synaptotagmin II,1
TBK1,TANK-binding kinase 1,1
TEC,tec protein tyrosine kinase,1
TEF,thyrotrophic embryonic factor,1
TH,tyrosine hydroxylase,1
THRA,"thyroid hormone receptor, alpha",1
TNFAIP8,"tumor necrosis factor, alpha-induced protein 8",1
TNFRSF11A,"tumor necrosis factor receptor superfamily, member 11a, NFKB activator",1
TRAF6,"TNF receptor-associated factor 6, E3 ubiquitin protein ligase",1
TUBA4A,"tubulin, alpha 4a",1
VAMP1,vesicle-associated membrane protein 1 (synaptobrevin 1),1
WT1,Wilms tumor 1,1
ZBTB9,zinc finger and BTB domain containing 9,1
ZBTB10,zinc finger and BTB domain containing 10,1
