Gene_symbol,   Genes,Freq
ACE2,angiotensin I converting enzyme (peptidyl-dipeptidase A) 2,770
SARS,seryl-tRNA synthetase,415
T,"T, brachyury homolog (mouse)",307
CRP,"C-reactive protein, pentraxin-related",144
NHS,Nance-Horan syndrome (congenital cataracts and dental anomalies),117
TMPRSS2,"transmembrane protease, serine 2",89
ACE,angiotensin I converting enzyme (peptidyl-dipeptidase A) 1,52
NPS,neuropeptide S,30
CP,ceruloplasmin (ferroxidase),29
CD4,CD4 molecule,26
DPP4,dipeptidyl-peptidase 4,19
CPZ,carboxypeptidase Z,18
IL6,"interleukin 6 (interferon, beta 2)",14
GC,group-specific component (vitamin D binding protein),13
HR,hair growth associated,13
CS,citrate synthase,11
MB,myoglobin,11
TF,transferrin,10
TNF,tumor necrosis factor,10
FURIN,furin (paired basic amino acid cleaving enzyme),9
MSC,musculin,8
PC,pyruvate carboxylase,8
C3,complement component 3,7
CHM,choroideremia (Rab escort protein 1),7
KY,kyphoscoliosis peptidase,7
BSG,basigin (Ok blood group),6
USP13,ubiquitin specific peptidase 13 (isopeptidase T-3),6
ASL,argininosuccinate lyase,5
CTSB,cathepsin B,5
DMD,dystrophin,5
IL10,interleukin 10,5
MX1,"myxovirus (influenza virus) resistance 1, interferon-inducible protein p78 (mouse)",5
NLRP3,"NLR family, pyrin domain containing 3",5
NTS,neurotensin,5
SMS,spermine synthase,5
TMPRSS4,"transmembrane protease, serine 4",5
ABO,"ABO blood group (transferase A, alpha 1-3-N-acetylgalactosaminyltransferase; transferase B, alpha 1-3-galactosyltransferase)",4
AIP,aryl hydrocarbon receptor interacting protein,4
ANPEP,alanyl (membrane) aminopeptidase,4
AR,androgen receptor,4
DCP1A,DCP1 decapping enzyme homolog A (S. cerevisiae),4
HMGB1,high mobility group box 1,4
IL8,interleukin 8,4
IVD,isovaleryl-CoA dehydrogenase,4
MIA,melanoma inhibitory activity,4
NSF,N-ethylmaleimide-sensitive factor,4
PADI2,"peptidyl arginine deiminase, type II",4
PADI4,"peptidyl arginine deiminase, type IV",4
STAT1,"signal transducer and activator of transcription 1, 91kDa",4
TRPV4,"transient receptor potential cation channel, subfamily V, member 4",4
ADAR,"adenosine deaminase, RNA-specific",3
AGA,aspartylglucosaminidase,3
CCL2,chemokine (C-C motif) ligand 2,3
CCL5,chemokine (C-C motif) ligand 5,3
CYP3A4,"cytochrome P450, family 3, subfamily A, polypeptide 4",3
ENPEP,glutamyl aminopeptidase (aminopeptidase A),3
IRF1,interferon regulatory factor 1,3
MAVS,mitochondrial antiviral signaling protein,3
NPC1,"Niemann-Pick disease, type C1",3
PADI6,"peptidyl arginine deiminase, type VI",3
RP2,retinitis pigmentosa 2 (X-linked recessive),3
TAS2R10,"taste receptor, type 2, member 10",3
TLR4,toll-like receptor 4,3
TLR7,toll-like receptor 7,3
ACR,acrosin,2
ALB,albumin,2
ANG,"angiogenin, ribonuclease, RNase A family, 5",2
APC,adenomatous polyposis coli,2
CCL20,chemokine (C-C motif) ligand 20,2
CCR5,chemokine (C-C motif) receptor 5 (gene/pseudogene),2
CD19,CD19 molecule,2
CXCL2,chemokine (C-X-C motif) ligand 2,2
CXCR2,chemokine (C-X-C motif) receptor 2,2
DHODH,dihydroorotate dehydrogenase (quinone),2
EPO,erythropoietin,2
EZH2,enhancer of zeste homolog 2 (Drosophila),2
G6PD,glucose-6-phosphate dehydrogenase,2
IFI44,interferon-induced protein 44,2
IL1B,"interleukin 1, beta",2
IMPACT,impact RWD domain protein,2
IRF3,interferon regulatory factor 3,2
MNT,"MNT, MAX dimerization protein",2
PADI3,"peptidyl arginine deiminase, type III",2
PLP2,proteolipid protein 2 (colonic epithelium-enriched),2
PTGS2,prostaglandin-endoperoxide synthase 2 (prostaglandin G/H synthase and cyclooxygenase),2
PTH,parathyroid hormone,2
RHOA,ras homolog family member A,2
SDS,serine dehydratase,2
SI,sucrase-isomaltase (alpha-glucosidase),2
TRAF3,TNF receptor-associated factor 3,2
VWF,von Willebrand factor,2
AAK1,AP2 associated kinase 1,1
ABL1,"c-abl oncogene 1, non-receptor tyrosine kinase",1
ADAM10,ADAM metallopeptidase domain 10,1
ADAM17,ADAM metallopeptidase domain 17,1
APOL1,"apolipoprotein L, 1",1
BCL6,B-cell CLL/lymphoma 6,1
BMPR2,"bone morphogenetic protein receptor, type II (serine/threonine kinase)",1
C1S,"complement component 1, s subcomponent",1
C5,complement component 5,1
CACNA1S,"calcium channel, voltage-dependent, L type, alpha 1S subunit",1
CAD,"carbamoyl-phosphate synthetase 2, aspartate transcarbamylase, and dihydroorotase",1
CALR,calreticulin,1
CASP3,"caspase 3, apoptosis-related cysteine peptidase",1
CAST,calpastatin,1
CCL4,chemokine (C-C motif) ligand 4,1
CCR1,chemokine (C-C motif) receptor 1,1
CD28,CD28 molecule,1
CDA,cytidine deaminase,1
CDC42,cell division cycle 42,1
CFB,complement factor B,1
CIC,capicua transcriptional repressor,1
CLEC4M,"C-type lectin domain family 4, member M",1
COPE,"coatomer protein complex, subunit epsilon",1
CRIP2,cysteine-rich protein 2,1
CXCL1,"chemokine (C-X-C motif) ligand 1 (melanoma growth stimulating activity, alpha)",1
CXCL3,chemokine (C-X-C motif) ligand 3,1
CXCL10,chemokine (C-X-C motif) ligand 10,1
CXCR1,chemokine (C-X-C motif) receptor 1,1
CXCR3,chemokine (C-X-C motif) receptor 3,1
CYP1A2,"cytochrome P450, family 1, subfamily A, polypeptide 2",1
DCT,dopachrome tautomerase,1
EBP,emopamil binding protein (sterol isomerase),1
EFS,embryonal Fyn-associated substrate,1
EGF,epidermal growth factor,1
EMD,emerin,1
FAS,"Fas (TNF receptor superfamily, member 6)",1
FOXP3,forkhead box P3,1
GPR84,G protein-coupled receptor 84,1
HLA-A,"major histocompatibility complex, class I, A",1
HPD,4-hydroxyphenylpyruvate dioxygenase,1
IFIT1,interferon-induced protein with tetratricopeptide repeats 1,1
IFIT2,interferon-induced protein with tetratricopeptide repeats 2,1
IFIT3,interferon-induced protein with tetratricopeptide repeats 3,1
IFITM1,interferon induced transmembrane protein 1,1
IFITM3,interferon induced transmembrane protein 3,1
IL2,interleukin 2,1
IL4,interleukin 4,1
IL7,interleukin 7,1
IRAK3,interleukin-1 receptor-associated kinase 3,1
ITGA5,"integrin, alpha 5 (fibronectin receptor, alpha polypeptide)",1
LAP3,leucine aminopeptidase 3,1
MAP2K7,mitogen-activated protein kinase kinase 7,1
MAPK1,mitogen-activated protein kinase 1,1
MAPK3,mitogen-activated protein kinase 3,1
MAPK8,mitogen-activated protein kinase 8,1
MME,membrane metallo-endopeptidase,1
MMP14,matrix metallopeptidase 14 (membrane-inserted),1
MR1,"major histocompatibility complex, class I-related",1
NFKB1,nuclear factor of kappa light polypeptide gene enhancer in B-cells 1,1
NFKB2,nuclear factor of kappa light polypeptide gene enhancer in B-cells 2 (p49/p100),1
NOD2,nucleotide-binding oligomerization domain containing 2,1
NTNG1,netrin G1,1
OAS2,"2'-5'-oligoadenylate synthetase 2, 69/71kDa",1
OAS3,"2'-5'-oligoadenylate synthetase 3, 100kDa",1
PADI1,"peptidyl arginine deiminase, type I",1
PARP14,"poly (ADP-ribose) polymerase family, member 14",1
PDF,peptide deformylase (mitochondrial),1
PFKFB3,"6-phosphofructo-2-kinase/fructose-2,6-biphosphatase 3",1
PML,promyelocytic leukemia,1
RAC2,"ras-related C3 botulinum toxin substrate 2 (rho family, small GTP binding protein Rac2)",1
RELB,v-rel reticuloendotheliosis viral oncogene homolog B,1
SCD,stearoyl-CoA desaturase (delta-9-desaturase),1
SOS1,son of sevenless homolog 1 (Drosophila),1
SOX3,SRY (sex determining region Y)-box 3,1
SRY,sex determining region Y,1
TBK1,TANK-binding kinase 1,1
TLR3,toll-like receptor 3,1
TLR8,toll-like receptor 8,1
TNFRSF21,"tumor necrosis factor receptor superfamily, member 21",1
TP53,tumor protein p53,1
TYMP,thymidine phosphorylase,1
VIP,vasoactive intestinal peptide,1
XAF1,XIAP associated factor 1,1
