Gene_symbol,   Genes,Freq
T,"T, brachyury homolog (mouse)",1365
ATM,ataxia telangiectasia mutated,258
CD4,CD4 molecule,216
NHS,Nance-Horan syndrome (congenital cataracts and dental anomalies),196
WAS,Wiskott-Aldrich syndrome,194
STAT3,signal transducer and activator of transcription 3 (acute-phase response factor),140
LRBA,"LPS-responsive vesicle trafficking, beach and anchor containing",120
STAT1,"signal transducer and activator of transcription 1, 91kDa",106
PIDD,p53-induced death domain protein,100
BLM,"Bloom syndrome, RecQ helicase-like",80
CXCR4,chemokine (C-X-C motif) receptor 4,77
DOCK8,dedicator of cytokinesis 8,64
IL2RG,"interleukin 2 receptor, gamma",52
ADA,adenosine deaminase,47
BTK,Bruton agammaglobulinemia tyrosine kinase,47
C3,complement component 3,45
TLR4,toll-like receptor 4,45
CARD9,"caspase recruitment domain family, member 9",44
NLRP3,"NLR family, pyrin domain containing 3",41
SERPING1,"serpin peptidase inhibitor, clade G (C1 inhibitor), member 1",38
CD40,"CD40 molecule, TNF receptor superfamily member 5",31
GC,group-specific component (vitamin D binding protein),31
RAG2,recombination activating gene 2,31
PIK3CD,"phosphatidylinositol-4,5-bisphosphate 3-kinase, catalytic subunit delta",30
IRAK4,interleukin-1 receptor-associated kinase 4,29
C5,complement component 5,28
RAG1,recombination activating gene 1,28
TLR3,toll-like receptor 3,28
ITGB2,"integrin, beta 2 (complement component 3 receptor 3 and 4 subunit)",27
C2,complement component 2,26
ZBTB24,zinc finger and BTB domain containing 24,26
CARD11,"caspase recruitment domain family, member 11",25
LYST,lysosomal trafficking regulator,25
NTM,neurotrimin,25
PML,promyelocytic leukemia,25
AR,androgen receptor,24
FOXP3,forkhead box P3,24
HR,hair growth associated,24
CDCA7,cell division cycle associated 7,22
ORAI1,ORAI calcium release-activated calcium modulator 1,22
XIAP,X-linked inhibitor of apoptosis,22
BCR,breakpoint cluster region,21
CCR5,chemokine (C-C motif) receptor 5 (gene/pseudogene),21
GATA2,GATA binding protein 2,21
TLR2,toll-like receptor 2,21
TNF,tumor necrosis factor,21
SCT,secretin,19
TP53,tumor protein p53,19
ADAM17,ADAM metallopeptidase domain 17,18
CXCR3,chemokine (C-X-C motif) receptor 3,18
PGM3,phosphoglucomutase 3,18
AIRE,autoimmune regulator,17
C4A,complement component 4A (Rodgers blood group),17
MALT1,mucosa associated lymphoid tissue lymphoma translocation gene 1,17
MB,myoglobin,17
TH,tyrosine hydroxylase,17
IL12RB1,"interleukin 12 receptor, beta 1",16
ISG15,ISG15 ubiquitin-like modifier,16
JAK3,Janus kinase 3,16
CD40LG,CD40 ligand,15
IRF3,interferon regulatory factor 3,15
PNP,purine nucleoside phosphorylase,15
STAT6,"signal transducer and activator of transcription 6, interleukin-4 induced",15
TYK2,tyrosine kinase 2,15
CD86,CD86 molecule,14
ICOS,inducible T-cell co-stimulator,14
IFNGR1,interferon gamma receptor 1,14
PTEN,phosphatase and tensin homolog,14
SMARCAL1,"SWI/SNF related, matrix associated, actin dependent regulator of chromatin, subfamily a-like 1",14
ANGPT1,angiopoietin 1,13
BRAF,v-raf murine sarcoma viral oncogene homolog B1,13
CAD,"carbamoyl-phosphate synthetase 2, aspartate transcarbamylase, and dihydroorotase",13
CD19,CD19 molecule,13
CXCL12,chemokine (C-X-C motif) ligand 12,13
HELLS,"helicase, lymphoid-specific",13
LRRK2,leucine-rich repeat kinase 2,13
PIK3R1,"phosphoinositide-3-kinase, regulatory subunit 1 (alpha)",13
TTC7A,tetratricopeptide repeat domain 7A,13
CD27,CD27 molecule,12
CD80,CD80 molecule,12
FOXN1,forkhead box N1,12
HLA-B,"major histocompatibility complex, class I, B",12
MAGT1,magnesium transporter 1,12
SPINK5,"serine peptidase inhibitor, Kazal type 5",12
VDR,"vitamin D (1,25- dihydroxyvitamin D3) receptor",12
BRCA1,"breast cancer 1, early onset",11
CD70,CD70 molecule,11
CD274,CD274 molecule,11
CTLA4,cytotoxic T-lymphocyte-associated protein 4,11
CX3CR1,chemokine (C-X3-C motif) receptor 1,11
F12,coagulation factor XII (Hageman factor),11
MARCO,macrophage receptor with collagenous structure,11
NFKB1,nuclear factor of kappa light polypeptide gene enhancer in B-cells 1,11
RASGRP1,RAS guanyl releasing protein 1 (calcium and DAG-regulated),11
TLR9,toll-like receptor 9,11
ARMC5,armadillo repeat containing 5,10
COPA,"coatomer protein complex, subunit alpha",10
CRP,"C-reactive protein, pentraxin-related",10
DCLRE1C,DNA cross-link repair 1C,10
HLA-A,"major histocompatibility complex, class I, A",10
PC,pyruvate carboxylase,10
STAT4,signal transducer and activator of transcription 4,10
TLR7,toll-like receptor 7,10
TST,thiosulfate sulfurtransferase (rhodanese),10
ZAP70,zeta-chain (TCR) associated protein kinase 70kDa,10
C4B,complement component 4B (Chido blood group),9
CD36,CD36 molecule (thrombospondin receptor),9
CXCL10,chemokine (C-X-C motif) ligand 10,9
CYBB,"cytochrome b-245, beta polypeptide",9
DNMT3B,DNA (cytosine-5-)-methyltransferase 3 beta,9
ELN,elastin,9
FH,fumarate hydratase,9
IL7R,interleukin 7 receptor,9
LIG4,"ligase IV, DNA, ATP-dependent",9
MSC,musculin,9
SIRT3,sirtuin 3,9
TG,thyroglobulin,9
BCL11B,B-cell CLL/lymphoma 11B (zinc finger protein),8
CCL2,chemokine (C-C motif) ligand 2,8
CD3G,"CD3g molecule, gamma (CD3-TCR complex)",8
CD83,CD83 molecule,8
CIC,capicua transcriptional repressor,8
GDF15,growth differentiation factor 15,8
HPN,hepsin,8
IFNAR1,"interferon (alpha, beta and omega) receptor 1",8
IL10,interleukin 10,8
KIFC1,kinesin family member C1,8
LAD1,ladinin 1,8
MLH1,"mutL homolog 1, colon cancer, nonpolyposis type 2 (E. coli)",8
MSH6,mutS homolog 6 (E. coli),8
MST1,macrophage stimulating 1 (hepatocyte growth factor-like),8
MYD88,myeloid differentiation primary response 88,8
NFKB2,nuclear factor of kappa light polypeptide gene enhancer in B-cells 2 (p49/p100),8
NR1D1,"nuclear receptor subfamily 1, group D, member 1",8
SH2D1A,SH2 domain containing 1A,8
STIM1,stromal interaction molecule 1,8
STK4,serine/threonine kinase 4,8
UNC13D,unc-13 homolog D (C. elegans),8
ADAP1,ArfGAP with dual PH domains 1,7
ADC,arginine decarboxylase,7
ATR,ataxia telangiectasia and Rad3 related,7
CACNA1S,"calcium channel, voltage-dependent, L type, alpha 1S subunit",7
CALHM1,calcium homeostasis modulator 1,7
CARD6,"caspase recruitment domain family, member 6",7
CD55,"CD55 molecule, decay accelerating factor for complement (Cromer blood group)",7
CECR1,"cat eye syndrome chromosome region, candidate 1",7
CXCL9,chemokine (C-X-C motif) ligand 9,7
FAS,"Fas (TNF receptor superfamily, member 6)",7
G6PD,glucose-6-phosphate dehydrogenase,7
GAB2,GRB2-associated binding protein 2,7
HLA-F,"major histocompatibility complex, class I, F",7
IDO1,"indoleamine 2,3-dioxygenase 1",7
IKZF1,IKAROS family zinc finger 1 (Ikaros),7
IRF2,interferon regulatory factor 2,7
IRF7,interferon regulatory factor 7,7
MBL2,"mannose-binding lectin (protein C) 2, soluble",7
SARM1,sterile alpha and TIR motif containing 1,7
TNFAIP3,"tumor necrosis factor, alpha-induced protein 3",7
TREM2,triggering receptor expressed on myeloid cells 2,7
UBXN1,UBX domain protein 1,7
UCP2,"uncoupling protein 2 (mitochondrial, proton carrier)",7
AFP,alpha-fetoprotein,6
AHR,aryl hydrocarbon receptor,6
BCL10,B-cell CLL/lymphoma 10,6
BDNF,brain-derived neurotrophic factor,6
CD14,CD14 molecule,6
CFH,complement factor H,6
CORO1A,"coronin, actin binding protein, 1A",6
CYBA,"cytochrome b-245, alpha polypeptide",6
DPP4,dipeptidyl-peptidase 4,6
EZH2,enhancer of zeste homolog 2 (Drosophila),6
FANCD2,"Fanconi anemia, complementation group D2",6
FERMT3,fermitin family member 3,6
GSDMD,gasdermin D,6
HDAC4,histone deacetylase 4,6
IRAK1,interleukin-1 receptor-associated kinase 1,6
IRF5,interferon regulatory factor 5,6
KLF13,Kruppel-like factor 13,6
MSH2,"mutS homolog 2, colon cancer, nonpolyposis type 1 (E. coli)",6
NLRC4,"NLR family, CARD domain containing 4",6
NOX4,NADPH oxidase 4,6
PIWIL4,piwi-like RNA-mediated gene silencing 4,6
PLG,plasminogen,6
POLD1,"polymerase (DNA directed), delta 1, catalytic subunit",6
RAB27A,"RAB27A, member RAS oncogene family",6
RNF168,"ring finger protein 168, E3 ubiquitin protein ligase",6
S100A8,S100 calcium binding protein A8,6
S100A9,S100 calcium binding protein A9,6
SAMHD1,SAM domain and HD domain 1,6
TAP1,"transporter 1, ATP-binding cassette, sub-family B (MDR/TAP)",6
TLR5,toll-like receptor 5,6
ABCA7,"ATP-binding cassette, sub-family A (ABC1), member 7",5
ACE,angiotensin I converting enzyme (peptidyl-dipeptidase A) 1,5
BAG3,BCL2-associated athanogene 3,5
BMPR2,"bone morphogenetic protein receptor, type II (serine/threonine kinase)",5
BRCA2,"breast cancer 2, early onset",5
C9,complement component 9,5
CCR2,chemokine (C-C motif) receptor 2,5
CD3E,"CD3e molecule, epsilon (CD3-TCR complex)",5
CD247,CD247 molecule,5
CFB,complement factor B,5
CFHR1,complement factor H-related 1,5
CFI,complement factor I,5
CPSF6,"cleavage and polyadenylation specific factor 6, 68kDa",5
CS,citrate synthase,5
EFS,embryonal Fyn-associated substrate,5
EMD,emerin,5
FHL3,four and a half LIM domains 3,5
FLG,filaggrin,5
G6PC3,"glucose 6 phosphatase, catalytic, 3",5
HDAC6,histone deacetylase 6,5
HIRA,HIR histone cell cycle regulation defective homolog A (S. cerevisiae),5
HMGB1,high mobility group box 1,5
IFNGR2,interferon gamma receptor 2 (interferon gamma transducer 1),5
IL22RA2,"interleukin 22 receptor, alpha 2",5
IRF4,interferon regulatory factor 4,5
IRF8,interferon regulatory factor 8,5
JAK1,Janus kinase 1,5
MTHFD1,"methylenetetrahydrofolate dehydrogenase (NADP+ dependent) 1, methenyltetrahydrofolate cyclohydrolase, formyltetrahydrofolate synthetase",5
PGD,phosphogluconate dehydrogenase,5
PLCG2,"phospholipase C, gamma 2 (phosphatidylinositol-specific)",5
RIPK1,receptor (TNFRSF)-interacting serine-threonine kinase 1,5
RPL35A,ribosomal protein L35a,5
SARS,seryl-tRNA synthetase,5
TAOK2,TAO kinase 2,5
TBK1,TANK-binding kinase 1,5
TRAF3,TNF receptor-associated factor 3,5
TRPA1,"transient receptor potential cation channel, subfamily A, member 1",5
WAC,WW domain containing adaptor with coiled-coil,5
ADAMTS13,"ADAM metallopeptidase with thrombospondin type 1 motif, 13",4
APC,adenomatous polyposis coli,4
ATF4,activating transcription factor 4 (tax-responsive enhancer element B67),4
C6,complement component 6,4
CAMP,cathelicidin antimicrobial peptide,4
CAT,catalase,4
CD163,CD163 molecule,4
CEBPE,"CCAAT/enhancer binding protein (C/EBP), epsilon",4
CTSS,cathepsin S,4
CXCL11,chemokine (C-X-C motif) ligand 11,4
CYP2B6,"cytochrome P450, family 2, subfamily B, polypeptide 6",4
GOLPH3,golgi phosphoprotein 3 (coat-protein),4
HLA-C,"major histocompatibility complex, class I, C",4
HP,haptoglobin,4
IFNG,"interferon, gamma",4
KRAS,v-Ki-ras2 Kirsten rat sarcoma viral oncogene homolog,4
MIA,melanoma inhibitory activity,4
MPO,myeloperoxidase,4
MX2,myxovirus (influenza virus) resistance 2 (mouse),4
NBAS,neuroblastoma amplified sequence,4
NCF1,neutrophil cytosolic factor 1,4
NFE2L2,nuclear factor (erythroid-derived 2)-like 2,4
NFKBIA,"nuclear factor of kappa light polypeptide gene enhancer in B-cells inhibitor, alpha",4
NMS,neuromedin S,4
NOD2,nucleotide-binding oligomerization domain containing 2,4
NRAS,neuroblastoma RAS viral (v-ras) oncogene homolog,4
PAX1,paired box 1,4
PCSK9,proprotein convertase subtilisin/kexin type 9,4
PIH1D1,PIH1 domain containing 1,4
PIK3CA,"phosphatidylinositol-4,5-bisphosphate 3-kinase, catalytic subunit alpha",4
PTH,parathyroid hormone,4
RPSA,ribosomal protein SA,4
SDS,serine dehydratase,4
SERINC5,serine incorporator 5,4
SMAD3,SMAD family member 3,4
ST8SIA2,"ST8 alpha-N-acetyl-neuraminide alpha-2,8-sialyltransferase 2",4
STXBP2,syntaxin binding protein 2,4
TRIM32,tripartite motif containing 32,4
TRPC1,"transient receptor potential cation channel, subfamily C, member 1",4
TSLP,thymic stromal lymphopoietin,4
TTC37,tetratricopeptide repeat domain 37,4
ADAM10,ADAM metallopeptidase domain 10,3
AGO2,argonaute RISC catalytic component 2,3
AGT,"angiotensinogen (serpin peptidase inhibitor, clade A, member 8)",3
AK2,adenylate kinase 2,3
ARHGEF1,Rho guanine nucleotide exchange factor (GEF) 1,3
ASL,argininosuccinate lyase,3
ATG5,autophagy related 5,3
AUH,AU RNA binding protein/enoyl-CoA hydratase,3
BLK,B lymphoid tyrosine kinase,3
BLNK,B-cell linker,3
C10orf32,chromosome 10 open reading frame 32,3
CCL5,chemokine (C-C motif) ligand 5,3
CCL17,chemokine (C-C motif) ligand 17,3
CD22,CD22 molecule,3
CD28,CD28 molecule,3
CD69,CD69 molecule,3
CDK2,cyclin-dependent kinase 2,3
CP,ceruloplasmin (ferroxidase),3
CR2,complement component (3d/Epstein Barr virus) receptor 2,3
CTPS1,CTP synthase 1,3
DMD,dystrophin,3
DSP,desmoplakin,3
F2,coagulation factor II (thrombin),3
FOS,FBJ murine osteosarcoma viral oncogene homolog,3
GATA3,GATA binding protein 3,3
GFAP,glial fibrillary acidic protein,3
IKBKG,"inhibitor of kappa light polypeptide gene enhancer in B-cells, kinase gamma",3
IL1B,"interleukin 1, beta",3
IL8,interleukin 8,3
IL10RA,"interleukin 10 receptor, alpha",3
IL17RA,interleukin 17 receptor A,3
IRF2BP2,interferon regulatory factor 2 binding protein 2,3
IRG1,immunoresponsive 1 homolog (mouse),3
KY,kyphoscoliosis peptidase,3
MAVS,mitochondrial antiviral signaling protein,3
MLL,"myeloid/lymphoid or mixed-lineage leukemia (trithorax homolog, Drosophila)",3
NR4A3,"nuclear receptor subfamily 4, group A, member 3",3
PAH,phenylalanine hydroxylase,3
PALB2,partner and localizer of BRCA2,3
PGLYRP4,peptidoglycan recognition protein 4,3
PMS2,PMS2 postmeiotic segregation increased 2 (S. cerevisiae),3
POLD2,"polymerase (DNA directed), delta 2, accessory subunit",3
POLE,"polymerase (DNA directed), epsilon, catalytic subunit",3
PRF1,perforin 1 (pore forming protein),3
PRKDC,"protein kinase, DNA-activated, catalytic polypeptide",3
PTPRC,"protein tyrosine phosphatase, receptor type, C",3
RAC2,"ras-related C3 botulinum toxin substrate 2 (rho family, small GTP binding protein Rac2)",3
RAD51,RAD51 homolog (S. cerevisiae),3
RMI2,"RMI2, RecQ mediated genome instability 2, homolog (S. cerevisiae)",3
SKIV2L,superkiller viralicidic activity 2-like (S. cerevisiae),3
SLC15A4,"solute carrier family 15, member 4",3
SLC39A8,"solute carrier family 39 (zinc transporter), member 8",3
STAT2,"signal transducer and activator of transcription 2, 113kDa",3
TBX1,T-box 1,3
TBX21,T-box 21,3
TNFRSF1A,"tumor necrosis factor receptor superfamily, member 1A",3
TNFRSF13B,"tumor necrosis factor receptor superfamily, member 13B",3
ABCA1,"ATP-binding cassette, sub-family A (ABC1), member 1",2
ABR,active BCR-related,2
ACTB,"actin, beta",2
ADM,adrenomedullin,2
AIM2,absent in melanoma 2,2
AKT1,v-akt murine thymoma viral oncogene homolog 1,2
APOL1,"apolipoprotein L, 1",2
AQP4,aquaporin 4,2
ARC,activity-regulated cytoskeleton-associated protein,2
ARID1A,AT rich interactive domain 1A (SWI-like),2
ATG7,autophagy related 7,2
ATG16L1,autophagy related 16-like 1 (S. cerevisiae),2
BCL2,B-cell CLL/lymphoma 2,2
BCL3,B-cell CLL/lymphoma 3,2
BCL6,B-cell CLL/lymphoma 6,2
BECN1,"beclin 1, autophagy related",2
C7,complement component 7,2
CCL20,chemokine (C-C motif) ligand 20,2
CCR7,chemokine (C-C motif) receptor 7,2
CD34,CD34 molecule,2
CD59,"CD59 molecule, complement regulatory protein",2
CD63,CD63 molecule,2
CD81,CD81 molecule,2
CD96,CD96 molecule,2
CDC42,cell division cycle 42,2
CDX2,caudal type homeobox 2,2
CHD7,chromodomain helicase DNA binding protein 7,2
CPM,carboxypeptidase M,2
CTPS2,CTP synthase 2,2
DBP,D site of albumin promoter (albumin D-box) binding protein,2
DOCK2,dedicator of cytokinesis 2,2
DUSP6,dual specificity phosphatase 6,2
ELANE,"elastase, neutrophil expressed",2
F7,coagulation factor VII (serum prothrombin conversion accelerator),2
F8,"coagulation factor VIII, procoagulant component",2
FANCA,"Fanconi anemia, complementation group A",2
FLT3,fms-related tyrosine kinase 3,2
HCFC1,host cell factor C1 (VP16-accessory protein),2
HCST,hematopoietic cell signal transducer,2
HDAC1,histone deacetylase 1,2
IFNLR1,"interferon, lambda receptor 1",2
IK,"IK cytokine, down-regulator of HLA II",2
IKBKB,"inhibitor of kappa light polypeptide gene enhancer in B-cells, kinase beta",2
IL2,interleukin 2,2
IL4,interleukin 4,2
IL6,"interleukin 6 (interferon, beta 2)",2
IL13,interleukin 13,2
IL18,interleukin 18 (interferon-gamma-inducing factor),2
IPP,intracisternal A particle-promoted polypeptide,2
IRF1,interferon regulatory factor 1,2
ITK,IL2-inducible T-cell kinase,2
KIR3DL1,"killer cell immunoglobulin-like receptor, three domains, long cytoplasmic tail, 1",2
KLF2,Kruppel-like factor 2 (lung),2
LCN2,lipocalin 2,2
LYN,v-yes-1 Yamaguchi sarcoma viral related oncogene homolog,2
MAK,male germ cell-associated kinase,2
MAP3K14,mitogen-activated protein kinase kinase kinase 14,2
MDC1,mediator of DNA-damage checkpoint 1,2
MMP12,matrix metallopeptidase 12 (macrophage elastase),2
MS4A1,"membrane-spanning 4-domains, subfamily A, member 1",2
MSN,moesin,2
MSR1,macrophage scavenger receptor 1,2
MTOR,mechanistic target of rapamycin (serine/threonine kinase),2
MUC5AC,"mucin 5AC, oligomeric mucus/gel-forming",2
NCF4,"neutrophil cytosolic factor 4, 40kDa",2
NHEJ1,nonhomologous end-joining factor 1,2
NMI,N-myc (and STAT) interactor,2
NOD1,nucleotide-binding oligomerization domain containing 1,2
NPS,neuropeptide S,2
NRF1,nuclear respiratory factor 1,2
PGF,placental growth factor,2
PIP,prolactin-induced protein,2
POP1,"processing of precursor 1, ribonuclease P/MRP subunit (S. cerevisiae)",2
POR,P450 (cytochrome) oxidoreductase,2
PTX3,"pentraxin 3, long",2
RFXANK,regulatory factor X-associated ankyrin-containing protein,2
RNF31,ring finger protein 31,2
RORC,RAR-related orphan receptor C,2
RPP30,ribonuclease P/MRP 30kDa subunit,2
SLC29A3,"solute carrier family 29 (nucleoside transporters), member 3",2
SNRNP40,small nuclear ribonucleoprotein 40kDa (U5),2
SOCS3,suppressor of cytokine signaling 3,2
SPAG6,sperm associated antigen 6,2
STIM2,stromal interaction molecule 2,2
STK11,serine/threonine kinase 11,2
STT3B,"STT3B, subunit of the oligosaccharyltransferase complex (catalytic)",2
TASP1,"taspase, threonine aspartase, 1",2
TAT,tyrosine aminotransferase,2
TAX1BP1,Tax1 (human T-cell leukemia virus type I) binding protein 1,2
TERT,telomerase reverse transcriptase,2
TET1,tet methylcytosine dioxygenase 1,2
TLR8,toll-like receptor 8,2
TRIM31,tripartite motif containing 31,2
TRNT1,"tRNA nucleotidyl transferase, CCA-adding, 1",2
TRPV1,"transient receptor potential cation channel, subfamily V, member 1",2
TYR,tyrosinase,2
USP18,ubiquitin specific peptidase 18,2
VPS45,vacuolar protein sorting 45 homolog (S. cerevisiae),2
XAF1,XIAP associated factor 1,2
ZNF341,zinc finger protein 341,2
ABCA6,"ATP-binding cassette, sub-family A (ABC1), member 6",1
ABCD4,"ATP-binding cassette, sub-family D (ALD), member 4",1
ABCG1,"ATP-binding cassette, sub-family G (WHITE), member 1",1
ABO,"ABO blood group (transferase A, alpha 1-3-N-acetylgalactosaminyltransferase; transferase B, alpha 1-3-galactosyltransferase)",1
ACP5,"acid phosphatase 5, tartrate resistant",1
ADAR,"adenosine deaminase, RNA-specific",1
ADH1B,"alcohol dehydrogenase 1B (class I), beta polypeptide",1
ADK,adenosine kinase,1
ALCAM,activated leukocyte cell adhesion molecule,1
ALDH1A1,"aldehyde dehydrogenase 1 family, member A1",1
AMT,aminomethyltransferase,1
AP1S3,"adaptor-related protein complex 1, sigma 3 subunit",1
AP3B1,"adaptor-related protein complex 3, beta 1 subunit",1
APOBEC3G,"apolipoprotein B mRNA editing enzyme, catalytic polypeptide-like 3G",1
ATF3,activating transcription factor 3,1
AVP,arginine vasopressin,1
AZI1,5-azacytidine induced 1,1
BAP1,BRCA1 associated protein-1 (ubiquitin carboxy-terminal hydrolase),1
BID,BH3 interacting domain death agonist,1
BNIP1,BCL2/adenovirus E1B 19kDa interacting protein 1,1
CADM1,cell adhesion molecule 1,1
CAPS,calcyphosine,1
CARD10,"caspase recruitment domain family, member 10",1
CARD14,"caspase recruitment domain family, member 14",1
CASP10,"caspase 10, apoptosis-related cysteine peptidase",1
CBL,"Cbl proto-oncogene, E3 ubiquitin protein ligase",1
CCL3,chemokine (C-C motif) ligand 3,1
CCL4,chemokine (C-C motif) ligand 4,1
CCL22,chemokine (C-C motif) ligand 22,1
CCR4,chemokine (C-C motif) receptor 4,1
CD3D,"CD3d molecule, delta (CD3-TCR complex)",1
CD5,CD5 molecule,1
CD38,CD38 molecule,1
CD160,CD160 molecule,1
CD200,CD200 molecule,1
CD244,"CD244 molecule, natural killer cell receptor 2B4",1
CDKN2A,cyclin-dependent kinase inhibitor 2A,1
CFD,complement factor D (adipsin),1
CFP,complement factor properdin,1
CFTR,"cystic fibrosis transmembrane conductance regulator (ATP-binding cassette sub-family C, member 7)",1
CIB1,calcium and integrin binding 1 (calmyrin),1
COG6,component of oligomeric golgi complex 6,1
CPA3,carboxypeptidase A3 (mast cell),1
CREB5,cAMP responsive element binding protein 5,1
CREBBP,CREB binding protein,1
CSNK1D,"casein kinase 1, delta",1
CUL4B,cullin 4B,1
CX3CL1,chemokine (C-X3-C motif) ligand 1,1
CXCL1,"chemokine (C-X-C motif) ligand 1 (melanoma growth stimulating activity, alpha)",1
CXCL13,chemokine (C-X-C motif) ligand 13,1
CXCL16,chemokine (C-X-C motif) ligand 16,1
DDB1,"damage-specific DNA binding protein 1, 127kDa",1
DDIT4,DNA-damage-inducible transcript 4,1
DDX41,DEAD (Asp-Glu-Ala-Asp) box polypeptide 41,1
DNASE2,"deoxyribonuclease II, lysosomal",1
DNM2,dynamin 2,1
DTNBP1,dystrobrevin binding protein 1,1
DUOX2,dual oxidase 2,1
DUSP1,dual specificity phosphatase 1,1
DUSP5,dual specificity phosphatase 5,1
EGFR,epidermal growth factor receptor,1
EPB42,erythrocyte membrane protein band 4.2,1
ERAP1,endoplasmic reticulum aminopeptidase 1,1
EYA1,eyes absent homolog 1 (Drosophila),1
F3,"coagulation factor III (thromboplastin, tissue factor)",1
FANCB,"Fanconi anemia, complementation group B",1
FCGRT,"Fc fragment of IgG, receptor, transporter, alpha",1
FGFR2,fibroblast growth factor receptor 2,1
FKBP8,"FK506 binding protein 8, 38kDa",1
FOXO1,forkhead box O1,1
FST,follistatin,1
GAPDH,glyceraldehyde-3-phosphate dehydrogenase,1
GJB2,"gap junction protein, beta 2, 26kDa",1
GLA,"galactosidase, alpha",1
HBEGF,heparin-binding EGF-like growth factor,1
HDAC2,histone deacetylase 2,1
HDAC3,histone deacetylase 3,1
HDGF,hepatoma-derived growth factor,1
HLA-DRB1,"major histocompatibility complex, class II, DR beta 1",1
HPS1,Hermansky-Pudlak syndrome 1,1
IDH1,"isocitrate dehydrogenase 1 (NADP+), soluble",1
IDO2,"indoleamine 2,3-dioxygenase 2",1
IFI16,"interferon, gamma-inducible protein 16",1
IFIH1,interferon induced with helicase C domain 1,1
IFNA7,"interferon, alpha 7",1
IFNAR2,"interferon (alpha, beta and omega) receptor 2",1
IFNB1,"interferon, beta 1, fibroblast",1
IGF1,insulin-like growth factor 1 (somatomedin C),1
IGF1R,insulin-like growth factor 1 receptor,1
IGF2,insulin-like growth factor 2 (somatomedin A),1
IGFALS,"insulin-like growth factor binding protein, acid labile subunit",1
IL5,"interleukin 5 (colony-stimulating factor, eosinophil)",1
IL6ST,"interleukin 6 signal transducer (gp130, oncostatin M receptor)",1
IL7,interleukin 7,1
IL10RB,"interleukin 10 receptor, beta",1
IL12B,"interleukin 12B (natural killer cell stimulatory factor 2, cytotoxic lymphocyte maturation factor 2, p40)",1
IL15,interleukin 15,1
IL17F,interleukin 17F,1
IL21R,interleukin 21 receptor,1
IL22,interleukin 22,1
IL23R,interleukin 23 receptor,1
IL33,interleukin 33,1
IMPACT,impact RWD domain protein,1
INMT,indolethylamine N-methyltransferase,1
INSR,insulin receptor,1
IRAK2,interleukin-1 receptor-associated kinase 2,1
IRF9,interferon regulatory factor 9,1
ITSN2,intersectin 2,1
KEAP1,kelch-like ECH-associated protein 1,1
KLF9,Kruppel-like factor 9,1
LAMP1,lysosomal-associated membrane protein 1,1
LAMP2,lysosomal-associated membrane protein 2,1
LAT,linker for activation of T cells,1
LCK,lymphocyte-specific protein tyrosine kinase,1
LIG1,"ligase I, DNA, ATP-dependent",1
LMO2,LIM domain only 2 (rhombotin-like 1),1
LTA,"lymphotoxin alpha (TNF superfamily, member 1)",1
MAL,"mal, T-cell differentiation protein",1
MAPKAPK2,mitogen-activated protein kinase-activated protein kinase 2,1
MASP2,mannan-binding lectin serine peptidase 2,1
MCEE,methylmalonyl CoA epimerase,1
MECOM,MDS1 and EVI1 complex locus,1
MED1,mediator complex subunit 1,1
MEFV,Mediterranean fever,1
MET,met proto-oncogene (hepatocyte growth factor receptor),1
MFF,mitochondrial fission factor,1
MITF,microphthalmia-associated transcription factor,1
MLPH,melanophilin,1
MMAA,methylmalonic aciduria (cobalamin deficiency) cblA type,1
MMAB,methylmalonic aciduria (cobalamin deficiency) cblB type,1
MMACHC,"methylmalonic aciduria (cobalamin deficiency) cblC type, with homocystinuria",1
MMP9,"matrix metallopeptidase 9 (gelatinase B, 92kDa gelatinase, 92kDa type IV collagenase)",1
MSH5,mutS homolog 5 (E. coli),1
MTHFR,methylenetetrahydrofolate reductase (NAD(P)H),1
MVK,mevalonate kinase,1
MYO5A,"myosin VA (heavy chain 12, myoxin)",1
NBN,nibrin,1
NCAM1,neural cell adhesion molecule 1,1
NLRC3,"NLR family, CARD domain containing 3",1
NLRP12,"NLR family, pyrin domain containing 12",1
NOX5,"NADPH oxidase, EF-hand calcium binding domain 5",1
NUP214,nucleoporin 214kDa,1
OAT,ornithine aminotransferase,1
ORAI2,ORAI calcium release-activated calcium modulator 2,1
ORAI3,ORAI calcium release-activated calcium modulator 3,1
PALM,paralemmin,1
PAM,peptidylglycine alpha-amidating monooxygenase,1
PAPPA2,pappalysin 2,1
PARP1,poly (ADP-ribose) polymerase 1,1
PAX3,paired box 3,1
PBRM1,polybromo 1,1
PCNA,proliferating cell nuclear antigen,1
PER1,period circadian clock 1,1
PEX1,peroxisomal biogenesis factor 1,1
PHGDH,phosphoglycerate dehydrogenase,1
PI3,"peptidase inhibitor 3, skin-derived",1
POLD3,"polymerase (DNA-directed), delta 3, accessory subunit",1
POLD4,"polymerase (DNA-directed), delta 4, accessory subunit",1
PON1,paraoxonase 1,1
PPAT,phosphoribosyl pyrophosphate amidotransferase,1
PPL,periplakin,1
PRKCD,"protein kinase C, delta",1
PSMD11,"proteasome (prosome, macropain) 26S subunit, non-ATPase, 11",1
PSTPIP1,proline-serine-threonine phosphatase interacting protein 1,1
PTPRS,"protein tyrosine phosphatase, receptor type, S",1
RAC1,"ras-related C3 botulinum toxin substrate 1 (rho family, small GTP binding protein Rac1)",1
RBCK1,RanBP-type and C3HC4-type zinc finger containing 1,1
RECQL4,RecQ protein-like 4,1
RELA,v-rel reticuloendotheliosis viral oncogene homolog A (avian),1
RNF216,ring finger protein 216,1
RPE,ribulose-5-phosphate-3-epimerase,1
RUNX1,runt-related transcription factor 1,1
SAMD9,sterile alpha motif domain containing 9,1
SCN1A,"sodium channel, voltage-gated, type I, alpha subunit",1
SEMA3E,"sema domain, immunoglobulin domain (Ig), short basic domain, secreted, (semaphorin) 3E",1
SERINC3,serine incorporator 3,1
SET,SET nuclear oncogene,1
SETDB1,"SET domain, bifurcated 1",1
SHBG,sex hormone-binding globulin,1
SIX1,SIX homeobox 1,1
SLAMF8,SLAM family member 8,1
SLCO2A1,"solute carrier organic anion transporter family, member 2A1",1
SLX4,SLX4 structure-specific endonuclease subunit homolog (S. cerevisiae),1
SNX5,sorting nexin 5,1
SOCS1,suppressor of cytokine signaling 1,1
SOD2,"superoxide dismutase 2, mitochondrial",1
SQSTM1,sequestosome 1,1
SRL,sarcalumenin,1
SRY,sex determining region Y,1
STAT5B,signal transducer and activator of transcription 5B,1
STS,"steroid sulfatase (microsomal), isozyme S",1
STX11,syntaxin 11,1
SYNPO2,synaptopodin 2,1
SYP,synaptophysin,1
TAF1B,"TATA box binding protein (TBP)-associated factor, RNA polymerase I, B, 63kDa",1
TDO2,"tryptophan 2,3-dioxygenase",1
TEC,tec protein tyrosine kinase,1
TET2,tet methylcytosine dioxygenase 2,1
TFAP2A,transcription factor AP-2 alpha (activating enhancer binding protein 2 alpha),1
TFEB,transcription factor EB,1
TIGIT,T cell immunoreceptor with Ig and ITIM domains,1
TLR6,toll-like receptor 6,1
TNFRSF13C,"tumor necrosis factor receptor superfamily, member 13C",1
TPO,thyroid peroxidase,1
TRAF2,TNF receptor-associated factor 2,1
TRAF6,"TNF receptor-associated factor 6, E3 ubiquitin protein ligase",1
TRB,T cell receptor beta locus,1
TREX1,three prime repair exonuclease 1,1
TUSC3,tumor suppressor candidate 3,1
UBC,ubiquitin C,1
ULK1,unc-51-like kinase 1 (C. elegans),1
UVRAG,UV radiation resistance associated,1
VAV1,vav 1 guanine nucleotide exchange factor,1
VLDLR,very low density lipoprotein receptor,1
WDR1,WD repeat domain 1,1
WRN,"Werner syndrome, RecQ helicase-like",1
XCL1,chemokine (C motif) ligand 1,1
XK,X-linked Kx blood group (McLeod syndrome),1
XPNPEP2,"X-prolyl aminopeptidase (aminopeptidase P) 2, membrane-bound",1
ZNF431,zinc finger protein 431,1
