Gene_symbol,   Genes,Freq
STAT3,signal transducer and activator of transcription 3 (acute-phase response factor),316
DOCK8,dedicator of cytokinesis 8,126
T,"T, brachyury homolog (mouse)",96
PGM3,phosphoglucomutase 3,23
STAT1,"signal transducer and activator of transcription 1, 91kDa",22
TYK2,tyrosine kinase 2,22
SCD,stearoyl-CoA desaturase (delta-9-desaturase),19
HAL,histidine ammonia-lyase,12
NHS,Nance-Horan syndrome (congenital cataracts and dental anomalies),12
SI,sucrase-isomaltase (alpha-glucosidase),10
CD40,"CD40 molecule, TNF receptor superfamily member 5",9
GC,group-specific component (vitamin D binding protein),8
CD4,CD4 molecule,7
FH,fumarate hydratase,7
LBP,lipopolysaccharide binding protein,7
SPINK5,"serine peptidase inhibitor, Kazal type 5",7
AR,androgen receptor,6
CARD11,"caspase recruitment domain family, member 11",6
MSN,moesin,6
OXTR,oxytocin receptor,6
TSLP,thymic stromal lymphopoietin,6
CD40LG,CD40 ligand,5
FAS,"Fas (TNF receptor superfamily, member 6)",5
PML,promyelocytic leukemia,5
BSN,bassoon presynaptic cytomatrix protein,4
C3,complement component 3,4
CAMP,cathelicidin antimicrobial peptide,4
CAPS,calcyphosine,4
CRHR1,corticotropin releasing hormone receptor 1,4
IL6ST,"interleukin 6 signal transducer (gp130, oncostatin M receptor)",4
NANOG,Nanog homeobox,4
SHANK3,SH3 and multiple ankyrin repeat domains 3,4
TH,tyrosine hydroxylase,4
ZNF341,zinc finger protein 341,4
ADA,adenosine deaminase,3
APC,adenomatous polyposis coli,3
AUH,AU RNA binding protein/enoyl-CoA hydratase,3
CAD,"carbamoyl-phosphate synthetase 2, aspartate transcarbamylase, and dihydroorotase",3
CFI,complement factor I,3
FLG,filaggrin,3
S100B,S100 calcium binding protein B,3
TG,thyroglobulin,3
TNF,tumor necrosis factor,3
AIRE,autoimmune regulator,2
C5,complement component 5,2
CARD9,"caspase recruitment domain family, member 9",2
CARD14,"caspase recruitment domain family, member 14",2
CRP,"C-reactive protein, pentraxin-related",2
CS,citrate synthase,2
IL4,interleukin 4,2
IL6,"interleukin 6 (interferon, beta 2)",2
PIK3CD,"phosphatidylinositol-4,5-bisphosphate 3-kinase, catalytic subunit delta",2
SOCS3,suppressor of cytokine signaling 3,2
STAT2,"signal transducer and activator of transcription 2, 113kDa",2
TLR3,toll-like receptor 3,2
TRPV3,"transient receptor potential cation channel, subfamily V, member 3",2
UST,uronyl-2-sulfotransferase,2
WAS,Wiskott-Aldrich syndrome,2
AHR,aryl hydrocarbon receptor,1
AK2,adenylate kinase 2,1
ATR,ataxia telangiectasia and Rad3 related,1
BCL6,B-cell CLL/lymphoma 6,1
BCR,breakpoint cluster region,1
BTK,Bruton agammaglobulinemia tyrosine kinase,1
C3orf18,chromosome 3 open reading frame 18,1
C7,complement component 7,1
CD22,CD22 molecule,1
CD27,CD27 molecule,1
CD38,CD38 molecule,1
CD69,CD69 molecule,1
CD80,CD80 molecule,1
CD86,CD86 molecule,1
CD247,CD247 molecule,1
CISH,cytokine inducible SH2-containing protein,1
COPE,"coatomer protein complex, subunit epsilon",1
CTLA4,cytotoxic T-lymphocyte-associated protein 4,1
CXCL10,chemokine (C-X-C motif) ligand 10,1
CXCL13,chemokine (C-X-C motif) ligand 13,1
CXCR5,chemokine (C-X-C motif) receptor 5,1
CYBB,"cytochrome b-245, beta polypeptide",1
DCLRE1C,DNA cross-link repair 1C,1
DNASE1L3,deoxyribonuclease I-like 3,1
FERD3L,Fer3-like (Drosophila),1
GRK6,G protein-coupled receptor kinase 6,1
HEMK1,HemK methyltransferase family member 1,1
IFNGR2,interferon gamma receptor 2 (interferon gamma transducer 1),1
IL1RN,interleukin 1 receptor antagonist,1
IL5,"interleukin 5 (colony-stimulating factor, eosinophil)",1
IL6R,interleukin 6 receptor,1
IL13,interleukin 13,1
IL17F,interleukin 17F,1
IL17RA,interleukin 17 receptor A,1
IL21R,interleukin 21 receptor,1
KCNH2,"potassium voltage-gated channel, subfamily H (eag-related), member 2",1
KCNQ1,"potassium voltage-gated channel, KQT-like subfamily, member 1",1
LRBA,"LPS-responsive vesicle trafficking, beach and anchor containing",1
LTA,"lymphotoxin alpha (TNF superfamily, member 1)",1
MAPKAPK3,mitogen-activated protein kinase-activated protein kinase 3,1
NF1,neurofibromin 1,1
NF2,neurofibromin 2 (merlin),1
NHEJ1,nonhomologous end-joining factor 1,1
NTS,neurotensin,1
PIDD,p53-induced death domain protein,1
PIK3R1,"phosphoinositide-3-kinase, regulatory subunit 1 (alpha)",1
PRPS1L1,phosphoribosyl pyrophosphate synthetase 1-like 1,1
PTPRC,"protein tyrosine phosphatase, receptor type, C",1
RAG1,recombination activating gene 1,1
RAG2,recombination activating gene 2,1
SARS,seryl-tRNA synthetase,1
SCN5A,"sodium channel, voltage-gated, type V, alpha subunit",1
STAT5B,signal transducer and activator of transcription 5B,1
TLR2,toll-like receptor 2,1
TWIST1,twist basic helix-loop-helix transcription factor 1,1
UNG,uracil-DNA glycosylase,1
XIAP,X-linked inhibitor of apoptosis,1
ZAP70,zeta-chain (TCR) associated protein kinase 70kDa,1
ZNF431,zinc finger protein 431,1
