Gene_symbol,   Genes,Freq
T,"T, brachyury homolog (mouse)",1078
HR,hair growth associated,85
SDS,serine dehydratase,73
NHS,Nance-Horan syndrome (congenital cataracts and dental anomalies),69
ACE,angiotensin I converting enzyme (peptidyl-dipeptidase A) 1,65
DSP,desmoplakin,53
INS,insulin,50
PTPN22,"protein tyrosine phosphatase, non-receptor type 22 (lymphoid)",47
SI,sucrase-isomaltase (alpha-glucosidase),39
CAD,"carbamoyl-phosphate synthetase 2, aspartate transcarbamylase, and dihydroorotase",38
ADA,adenosine deaminase,35
CS,citrate synthase,34
FOXP3,forkhead box P3,33
CP,ceruloplasmin (ferroxidase),31
SLC30A8,"solute carrier family 30 (zinc transporter), member 8",31
CD4,CD4 molecule,30
IFIH1,interferon induced with helicase C domain 1,30
VDR,"vitamin D (1,25- dihydroxyvitamin D3) receptor",27
CRP,"C-reactive protein, pentraxin-related",25
CXCL10,chemokine (C-X-C motif) ligand 10,23
ACR,acrosin,21
MSC,musculin,21
CTLA4,cytotoxic T-lymphocyte-associated protein 4,20
KCNJ11,"potassium inwardly-rectifying channel, subfamily J, member 11",19
NPY,neuropeptide Y,19
AMH,anti-Mullerian hormone,18
TG,thyroglobulin,18
TLR3,toll-like receptor 3,18
DCD,dermcidin,17
DPP4,dipeptidyl-peptidase 4,17
HP,haptoglobin,17
ACE2,angiotensin I converting enzyme (peptidyl-dipeptidase A) 2,16
AR,androgen receptor,16
NGF,nerve growth factor (beta polypeptide),16
PDX1,pancreatic and duodenal homeobox 1,16
C3,complement component 3,15
CCL2,chemokine (C-C motif) ligand 2,15
DBP,D site of albumin promoter (albumin D-box) binding protein,15
G6PD,glucose-6-phosphate dehydrogenase,15
IGF1,insulin-like growth factor 1 (somatomedin C),15
AIRE,autoimmune regulator,14
IAPP,islet amyloid polypeptide,14
ADC,arginine decarboxylase,13
GCK,glucokinase (hexokinase 4),13
HLA-DRB1,"major histocompatibility complex, class II, DR beta 1",13
LPO,lactoperoxidase,13
STAT3,signal transducer and activator of transcription 3 (acute-phase response factor),13
TH,tyrosine hydroxylase,13
WFS1,Wolfram syndrome 1 (wolframin),13
APC,adenomatous polyposis coli,11
FABP4,"fatty acid binding protein 4, adipocyte",11
GLO1,glyoxalase I,11
PON1,paraoxonase 1,11
ALK,anaplastic lymphoma receptor tyrosine kinase,10
CCL3,chemokine (C-C motif) ligand 3,10
CTGF,connective tissue growth factor,10
CYP27B1,"cytochrome P450, family 27, subfamily B, polypeptide 1",10
GC,group-specific component (vitamin D binding protein),10
PTPN2,"protein tyrosine phosphatase, non-receptor type 2",10
TLR4,toll-like receptor 4,10
ABCC8,"ATP-binding cassette, sub-family C (CFTR/MRP), member 8",9
CCL4,chemokine (C-C motif) ligand 4,9
CD34,CD34 molecule,9
ERBB3,v-erb-b2 erythroblastic leukemia viral oncogene homolog 3 (avian),9
F2,coagulation factor II (thrombin),9
GLS,glutaminase,9
HLA-DQB1,"major histocompatibility complex, class II, DQ beta 1",9
HNF1A,HNF1 homeobox A,9
IL2,interleukin 2,9
IL2RA,"interleukin 2 receptor, alpha",9
B2M,beta-2-microglobulin,8
CD44,CD44 molecule (Indian blood group),8
CYP2R1,"cytochrome P450, family 2, subfamily R, polypeptide 1",8
DEXI,Dexi homolog (mouse),8
FGF21,fibroblast growth factor 21,8
FH,fumarate hydratase,8
FN3K,fructosamine 3 kinase,8
MB,myoglobin,8
MET,met proto-oncogene (hepatocyte growth factor receptor),8
SFN,stratifin,8
SHBG,sex hormone-binding globulin,8
STAT4,signal transducer and activator of transcription 4,8
CLC,Charcot-Leyden crystal protein,7
CXCR3,chemokine (C-X-C motif) receptor 3,7
EPO,erythropoietin,7
EPOR,erythropoietin receptor,7
ERG,v-ets erythroblastosis virus E26 oncogene homolog (avian),7
GATA4,GATA binding protein 4,7
GFAP,glial fibrillary acidic protein,7
GLIS3,GLIS family zinc finger 3,7
GPR39,G protein-coupled receptor 39,7
IL15,interleukin 15,7
IRF4,interferon regulatory factor 4,7
PC,pyruvate carboxylase,7
PLN,phospholamban,7
PTF1A,"pancreas specific transcription factor, 1a",7
TLR2,toll-like receptor 2,7
TNF,tumor necrosis factor,7
WT1,Wilms tumor 1,7
ADAMTS13,"ADAM metallopeptidase with thrombospondin type 1 motif, 13",6
ADM,adrenomedullin,6
BDNF,brain-derived neurotrophic factor,6
CCL5,chemokine (C-C motif) ligand 5,6
CIT,"citron (rho-interacting, serine/threonine kinase 21)",6
CXCL5,chemokine (C-X-C motif) ligand 5,6
DES,desmin,6
EIF2AK3,eukaryotic translation initiation factor 2-alpha kinase 3,6
G6PC2,"glucose-6-phosphatase, catalytic, 2",6
HFE,hemochromatosis,6
IL23A,"interleukin 23, alpha subunit p19",6
KY,kyphoscoliosis peptidase,6
PRL,prolactin,6
S100B,S100 calcium binding protein B,6
SHH,sonic hedgehog,6
STAT1,"signal transducer and activator of transcription 1, 91kDa",6
BANK1,B-cell scaffold protein with ankyrin repeats 1,5
CAT,catalase,5
CD36,CD36 molecule (thrombospondin receptor),5
CSF2,colony stimulating factor 2 (granulocyte-macrophage),5
FCRL3,Fc receptor-like 3,5
FST,follistatin,5
HLA-A,"major histocompatibility complex, class I, A",5
IDO1,"indoleamine 2,3-dioxygenase 1",5
KL,klotho,5
LSR,lipolysis stimulated lipoprotein receptor,5
LTA,"lymphotoxin alpha (TNF superfamily, member 1)",5
MEFV,Mediterranean fever,5
MLN,motilin,5
PTH,parathyroid hormone,5
SH2B3,SH2B adaptor protein 3,5
TLR9,toll-like receptor 9,5
TTR,transthyretin,5
AGL,"amylo-alpha-1, 6-glucosidase, 4-alpha-glucanotransferase",4
ASL,argininosuccinate lyase,4
ATP5B,"ATP synthase, H+ transporting, mitochondrial F1 complex, beta polypeptide",4
BTLA,B and T lymphocyte associated,4
CFB,complement factor B,4
CFH,complement factor H,4
CKB,"creatine kinase, brain",4
CREM,cAMP responsive element modulator,4
DTL,denticleless E3 ubiquitin protein ligase homolog (Drosophila),4
EGF,epidermal growth factor,4
GLA,"galactosidase, alpha",4
HDAC1,histone deacetylase 1,4
HLA-B,"major histocompatibility complex, class I, B",4
HLA-DQA1,"major histocompatibility complex, class II, DQ alpha 1",4
IGF2,insulin-like growth factor 2 (somatomedin A),4
IGH,immunoglobulin heavy locus,4
IL23R,interleukin 23 receptor,4
ITGAE,"integrin, alpha E (antigen CD103, human mucosal lymphocyte antigen 1; alpha polypeptide)",4
LEP,leptin,4
LEPR,leptin receptor,4
MPG,N-methylpurine-DNA glycosylase,4
MSN,moesin,4
NLRP3,"NLR family, pyrin domain containing 3",4
PTGS2,prostaglandin-endoperoxide synthase 2 (prostaglandin G/H synthase and cyclooxygenase),4
SUMO4,SMT3 suppressor of mif two 3 homolog 4 (S. cerevisiae),4
TLR7,toll-like receptor 7,4
VWF,von Willebrand factor,4
ABR,active BCR-related,3
ADRB2,"adrenoceptor beta 2, surface",3
AGER,advanced glycosylation end product-specific receptor,3
ARMS2,age-related maculopathy susceptibility 2,3
ATF6,activating transcription factor 6,3
BMP2,bone morphogenetic protein 2,3
CALD1,caldesmon 1,3
CCL11,chemokine (C-C motif) ligand 11,3
CD274,CD274 molecule,3
CELF2,"CUGBP, Elav-like family member 2",3
CEPT1,choline/ethanolamine phosphotransferase 1,3
CLEC16A,"C-type lectin domain family 16, member A",3
DDC,dopa decarboxylase (aromatic L-amino acid decarboxylase),3
ECD,ecdysoneless homolog (Drosophila),3
GLRA3,"glycine receptor, alpha 3",3
HMGB1,high mobility group box 1,3
HMGCS2,3-hydroxy-3-methylglutaryl-CoA synthase 2 (mitochondrial),3
HNF4A,"hepatocyte nuclear factor 4, alpha",3
ICOS,inducible T-cell co-stimulator,3
IVD,isovaleryl-CoA dehydrogenase,3
LPA,"lipoprotein, Lp(a)",3
MBL2,"mannose-binding lectin (protein C) 2, soluble",3
MIF,macrophage migration inhibitory factor (glycosylation-inhibiting factor),3
MMP2,"matrix metallopeptidase 2 (gelatinase A, 72kDa gelatinase, 72kDa type IV collagenase)",3
MMP9,"matrix metallopeptidase 9 (gelatinase B, 92kDa gelatinase, 92kDa type IV collagenase)",3
MPC2,mitochondrial pyruvate carrier 2,3
OMD,osteomodulin,3
RNASEH1,ribonuclease H1,3
RNLS,"renalase, FAD-dependent amine oxidase",3
RTL1,retrotransposon-like 1,3
SELL,selectin L,3
SOD1,"superoxide dismutase 1, soluble",3
STAR,steroidogenic acute regulatory protein,3
TCF7L2,"transcription factor 7-like 2 (T-cell specific, HMG-box)",3
TJP1,tight junction protein 1,3
TPO,thyroid peroxidase,3
UCP2,"uncoupling protein 2 (mitochondrial, proton carrier)",3
ACD,adrenocortical dysplasia homolog (mouse),2
ACSL1,acyl-CoA synthetase long-chain family member 1,2
AGT,"angiotensinogen (serpin peptidase inhibitor, clade A, member 8)",2
AGTR1,"angiotensin II receptor, type 1",2
ALCAM,activated leukocyte cell adhesion molecule,2
ALOX12,arachidonate 12-lipoxygenase,2
APOE,apolipoprotein E,2
AVP,arginine vasopressin,2
BACH2,"BTB and CNC homology 1, basic leucine zipper transcription factor 2",2
CCL8,chemokine (C-C motif) ligand 8,2
CD40,"CD40 molecule, TNF receptor superfamily member 5",2
CD163,CD163 molecule,2
CEL,carboxyl ester lipase,2
CIC,capicua transcriptional repressor,2
CISD2,CDGSH iron sulfur domain 2,2
CNDP1,carnosine dipeptidase 1 (metallopeptidase M20 family),2
CXCR4,chemokine (C-X-C motif) receptor 4,2
CXCR5,chemokine (C-X-C motif) receptor 5,2
CXCR6,chemokine (C-X-C motif) receptor 6,2
CXCR7,chemokine (C-X-C motif) receptor 7,2
DSE,dermatan sulfate epimerase,2
EBI3,Epstein-Barr virus induced 3,2
ELF4,E74-like factor 4 (ets domain transcription factor),2
FGB,fibrinogen beta chain,2
FOS,FBJ murine osteosarcoma viral oncogene homolog,2
FOXO3,forkhead box O3,2
FUT2,fucosyltransferase 2 (secretor status included),2
FYB,FYN binding protein,2
GATA6,GATA binding protein 6,2
GCH1,GTP cyclohydrolase 1,2
GIP,gastric inhibitory polypeptide,2
HDAC2,histone deacetylase 2,2
HDAC3,histone deacetylase 3,2
HLA-C,"major histocompatibility complex, class I, C",2
IFNAR1,"interferon (alpha, beta and omega) receptor 1",2
IL1RAP,interleukin 1 receptor accessory protein,2
IL6R,interleukin 6 receptor,2
IL10,interleukin 10,2
IL12RB2,"interleukin 12 receptor, beta 2",2
IL27,interleukin 27,2
IL32,interleukin 32,2
IMPACT,impact RWD domain protein,2
IRF3,interferon regulatory factor 3,2
IRF5,interferon regulatory factor 5,2
ITGA4,"integrin, alpha 4 (antigen CD49D, alpha 4 subunit of VLA-4 receptor)",2
MTNR1B,melatonin receptor 1B,2
NAT2,N-acetyltransferase 2 (arylamine N-acetyltransferase),2
NMUR2,neuromedin U receptor 2,2
NOS3,nitric oxide synthase 3 (endothelial cell),2
PI3,"peptidase inhibitor 3, skin-derived",2
PIP,prolactin-induced protein,2
POMC,proopiomelanocortin,2
PON3,paraoxonase 3,2
PPARG,peroxisome proliferator-activated receptor gamma,2
PTGER4,prostaglandin E receptor 4 (subtype EP4),2
REG3A,regenerating islet-derived 3 alpha,2
REST,RE1-silencing transcription factor,2
RGS2,"regulator of G-protein signaling 2, 24kDa",2
SLC29A3,"solute carrier family 29 (nucleoside transporters), member 3",2
TIMP3,TIMP metallopeptidase inhibitor 3,2
TLR8,toll-like receptor 8,2
VCL,vinculin,2
VIP,vasoactive intestinal peptide,2
XBP1,X-box binding protein 1,2
ABO,"ABO blood group (transferase A, alpha 1-3-N-acetylgalactosaminyltransferase; transferase B, alpha 1-3-galactosyltransferase)",1
ACO2,"aconitase 2, mitochondrial",1
ADAM17,ADAM metallopeptidase domain 17,1
ADCY9,adenylate cyclase 9,1
AFF3,"AF4/FMR2 family, member 3",1
AGA,aspartylglucosaminidase,1
AKR1B1,"aldo-keto reductase family 1, member B1 (aldose reductase)",1
ANXA11,annexin A11,1
APOA1,apolipoprotein A-I,1
AXL,AXL receptor tyrosine kinase,1
B4GALNT1,"beta-1,4-N-acetyl-galactosaminyl transferase 1",1
BAD,BCL2-associated agonist of cell death,1
BID,BH3 interacting domain death agonist,1
BLK,B lymphoid tyrosine kinase,1
BMF,Bcl2 modifying factor,1
BPI,bactericidal/permeability-increasing protein,1
BRD4,bromodomain containing 4,1
BSN,bassoon presynaptic cytomatrix protein,1
C2,complement component 2,1
C9,complement component 9,1
CASR,calcium-sensing receptor,1
CCL1,chemokine (C-C motif) ligand 1,1
CCL22,chemokine (C-C motif) ligand 22,1
CCR2,chemokine (C-C motif) receptor 2,1
CCR4,chemokine (C-C motif) receptor 4,1
CCR5,chemokine (C-C motif) receptor 5 (gene/pseudogene),1
CCR6,chemokine (C-C motif) receptor 6,1
CCR7,chemokine (C-C motif) receptor 7,1
CD14,CD14 molecule,1
CD19,CD19 molecule,1
CD28,CD28 molecule,1
CD47,CD47 molecule,1
CD68,CD68 molecule,1
CD69,CD69 molecule,1
CD80,CD80 molecule,1
CD86,CD86 molecule,1
CDKAL1,CDK5 regulatory subunit associated protein 1-like 1,1
CPO,carboxypeptidase O,1
CSF3,colony stimulating factor 3 (granulocyte),1
CTSH,cathepsin H,1
CX3CL1,chemokine (C-X3-C motif) ligand 1,1
CXCL9,chemokine (C-X-C motif) ligand 9,1
CXCL11,chemokine (C-X-C motif) ligand 11,1
CYC1,cytochrome c-1,1
CYP24A1,"cytochrome P450, family 24, subfamily A, polypeptide 1",1
DBT,dihydrolipoamide branched chain transacylase E2,1
DDIT3,DNA-damage-inducible transcript 3,1
DDIT4,DNA-damage-inducible transcript 4,1
DHCR7,7-dehydrocholesterol reductase,1
DLK1,delta-like 1 homolog (Drosophila),1
DMP1,dentin matrix acidic phosphoprotein 1,1
DNASE1L1,deoxyribonuclease I-like 1,1
EED,embryonic ectoderm development,1
EFS,embryonal Fyn-associated substrate,1
EVC,Ellis van Creveld syndrome,1
F8A1,coagulation factor VIII-associated 1,1
FAS,"Fas (TNF receptor superfamily, member 6)",1
FASLG,"Fas ligand (TNF superfamily, member 6)",1
FPR2,formyl peptide receptor 2,1
GALC,galactosylceramidase,1
GBA,"glucosidase, beta, acid",1
GEM,GTP binding protein overexpressed in skeletal muscle,1
GNAS,GNAS complex locus,1
GP2,glycoprotein 2 (zymogen granule membrane),1
GRP,gastrin-releasing peptide,1
HHEX,hematopoietically expressed homeobox,1
HIF1A,"hypoxia inducible factor 1, alpha subunit (basic helix-loop-helix transcription factor)",1
HLA-DRB5,"major histocompatibility complex, class II, DR beta 5",1
HLA-E,"major histocompatibility complex, class I, E",1
IFNGR1,interferon gamma receptor 1,1
IGFBP3,insulin-like growth factor binding protein 3,1
IL4,interleukin 4,1
IL6,"interleukin 6 (interferon, beta 2)",1
IL7R,interleukin 7 receptor,1
IL8,interleukin 8,1
IL15RA,"interleukin 15 receptor, alpha",1
IL17RD,interleukin 17 receptor D,1
IL27RA,"interleukin 27 receptor, alpha",1
ITGB3,"integrin, beta 3 (platelet glycoprotein IIIa, antigen CD61)",1
ITPR3,"inositol 1,4,5-trisphosphate receptor, type 3",1
KCNQ1,"potassium voltage-gated channel, KQT-like subfamily, member 1",1
KLRF1,"killer cell lectin-like receptor subfamily F, member 1",1
LPL,lipoprotein lipase,1
LPP,LIM domain containing preferred translocation partner in lipoma,1
LRBA,"LPS-responsive vesicle trafficking, beach and anchor containing",1
LRP1,low density lipoprotein receptor-related protein 1,1
MAFA,v-maf musculoaponeurotic fibrosarcoma oncogene homolog A (avian),1
MEX3B,mex-3 homolog B (C. elegans),1
MFAP4,microfibrillar-associated protein 4,1
MIOX,myo-inositol oxygenase,1
MMD,monocyte to macrophage differentiation-associated,1
MNT,"MNT, MAX dimerization protein",1
MPI,mannose phosphate isomerase,1
MTHFR,methylenetetrahydrofolate reductase (NAD(P)H),1
MYO1B,myosin IB,1
NFIL3,"nuclear factor, interleukin 3 regulated",1
NSF,N-ethylmaleimide-sensitive factor,1
NTS,neurotensin,1
ORMDL3,ORM1-like 3 (S. cerevisiae),1
PAX4,paired box 4,1
PDF,peptide deformylase (mitochondrial),1
PF4,platelet factor 4,1
PFN1,profilin 1,1
PGP,phosphoglycolate phosphatase,1
PLCG2,"phospholipase C, gamma 2 (phosphatidylinositol-specific)",1
PLEKHA5,"pleckstrin homology domain containing, family A member 5",1
PPARD,peroxisome proliferator-activated receptor delta,1
PPARGC1A,"peroxisome proliferator-activated receptor gamma, coactivator 1 alpha",1
PPBP,pro-platelet basic protein (chemokine (C-X-C motif) ligand 7),1
PRKCQ,"protein kinase C, theta",1
PROX1,prospero homeobox 1,1
PRRC2A,proline-rich coiled-coil 2A,1
PTCH1,patched 1,1
RBFOX2,"RNA binding protein, fox-1 homolog (C. elegans) 2",1
REG1B,regenerating islet-derived 1 beta,1
RFX6,"regulatory factor X, 6",1
S100A8,S100 calcium binding protein A8,1
S100A9,S100 calcium binding protein A9,1
SBDS,Shwachman-Bodian-Diamond syndrome,1
SIRPG,signal-regulatory protein gamma,1
SKAP2,src kinase associated phosphoprotein 2,1
SLC1A5,"solute carrier family 1 (neutral amino acid transporter), member 5",1
SLPI,secretory leukocyte peptidase inhibitor,1
SMS,spermine synthase,1
SOST,sclerostin,1
SOX7,SRY (sex determining region Y)-box 7,1
SOX9,SRY (sex determining region Y)-box 9,1
SOX17,SRY (sex determining region Y)-box 17,1
SPHK2,sphingosine kinase 2,1
SRC,v-src sarcoma (Schmidt-Ruppin A-2) viral oncogene homolog (avian),1
ST5,suppression of tumorigenicity 5,1
STIM1,stromal interaction molecule 1,1
STIM2,stromal interaction molecule 2,1
TAF5L,"TAF5-like RNA polymerase II, p300/CBP-associated factor (PCAF)-associated factor, 65kDa",1
TEF,thyrotrophic embryonic factor,1
TENM1,teneurin transmembrane protein 1,1
TIMP2,TIMP metallopeptidase inhibitor 2,1
TKT,transketolase,1
TLR1,toll-like receptor 1,1
TLR5,toll-like receptor 5,1
TLR6,toll-like receptor 6,1
TNFRSF1B,"tumor necrosis factor receptor superfamily, member 1B",1
TP53INP1,tumor protein p53 inducible nuclear protein 1,1
TRAF3IP2,TRAF3 interacting protein 2,1
TYK2,tyrosine kinase 2,1
UBASH3A,ubiquitin associated and SH3 domain containing A,1
UBD,ubiquitin D,1
UCP1,"uncoupling protein 1 (mitochondrial, proton carrier)",1
UCP3,"uncoupling protein 3 (mitochondrial, proton carrier)",1
UMOD,uromodulin,1
VHL,"von Hippel-Lindau tumor suppressor, E3 ubiquitin protein ligase",1
VIT,vitrin,1
VTCN1,V-set domain containing T cell activation inhibitor 1,1
ZAP70,zeta-chain (TCR) associated protein kinase 70kDa,1
ZBP1,Z-DNA binding protein 1,1
ZFP57,ZFP57 zinc finger protein,1
ZMIZ1,"zinc finger, MIZ-type containing 1",1
ZNF714,zinc finger protein 714,1
