Gene_symbol,   Genes,Freq
T,"T, brachyury homolog (mouse)",575
NHS,Nance-Horan syndrome (congenital cataracts and dental anomalies),122
PAH,phenylalanine hydroxylase,64
SIL1,"SIL1 homolog, endoplasmic reticulum chaperone (S. cerevisiae)",63
CTSS,cathepsin S,58
AQP5,aquaporin 5,54
C3,complement component 3,44
CXCL10,chemokine (C-X-C motif) ligand 10,43
CXCL13,chemokine (C-X-C motif) ligand 13,43
EGF,epidermal growth factor,40
ACR,acrosin,37
ALDH3A2,"aldehyde dehydrogenase 3 family, member A2",33
CRP,"C-reactive protein, pentraxin-related",29
SFN,stratifin,28
GC,group-specific component (vitamin D binding protein),26
GBA2,"glucosidase, beta (bile acid) 2",24
CD4,CD4 molecule,23
IFI16,"interferon, gamma-inducible protein 16",23
MSC,musculin,23
SSB,Sjogren syndrome antigen B (autoantigen La),23
CD40,"CD40 molecule, TNF receptor superfamily member 5",22
DES,desmin,21
FURIN,furin (paired basic amino acid cleaving enzyme),20
HR,hair growth associated,20
NLRP3,"NLR family, pyrin domain containing 3",19
AQP4,aquaporin 4,18
GPI,glucose-6-phosphate isomerase,18
TRIM21,tripartite motif containing 21,18
ADC,arginine decarboxylase,16
BMP6,bone morphogenetic protein 6,16
BTK,Bruton agammaglobulinemia tyrosine kinase,16
CXCR3,chemokine (C-X-C motif) receptor 3,16
HMGB1,high mobility group box 1,16
TSLP,thymic stromal lymphopoietin,16
EGFR,epidermal growth factor receptor,15
CCL18,chemokine (C-C motif) ligand 18 (pulmonary and activation-regulated),14
NTM,neurotrimin,14
STAT3,signal transducer and activator of transcription 3 (acute-phase response factor),14
TLR7,toll-like receptor 7,14
BCR,breakpoint cluster region,13
CP,ceruloplasmin (ferroxidase),13
IRF5,interferon regulatory factor 5,13
TLR9,toll-like receptor 9,13
AIP,aryl hydrocarbon receptor interacting protein,12
CFTR,"cystic fibrosis transmembrane conductance regulator (ATP-binding cassette sub-family C, member 7)",12
BRAF,v-raf murine sarcoma viral oncogene homolog B1,11
CCR7,chemokine (C-C motif) receptor 7,11
CX3CL1,chemokine (C-X3-C motif) ligand 1,11
CXCL9,chemokine (C-X-C motif) ligand 9,11
SIGLEC1,"sialic acid binding Ig-like lectin 1, sialoadhesin",11
STAT1,"signal transducer and activator of transcription 1, 91kDa",11
CD28,CD28 molecule,10
CIC,capicua transcriptional repressor,10
LILRA3,"leukocyte immunoglobulin-like receptor, subfamily A (without TM domain), member 3",10
PRG4,proteoglycan 4,10
STAT4,signal transducer and activator of transcription 4,10
TF,transferrin,10
TG,thyroglobulin,10
VIP,vasoactive intestinal peptide,10
CCL25,chemokine (C-C motif) ligand 25,9
CD36,CD36 molecule (thrombospondin receptor),9
CS,citrate synthase,9
CTGF,connective tissue growth factor,9
CXCR5,chemokine (C-X-C motif) receptor 5,9
FAS,"Fas (TNF receptor superfamily, member 6)",9
GTF2I,general transcription factor IIi,9
LEF1,lymphoid enhancer-binding factor 1,9
MUC5AC,"mucin 5AC, oligomeric mucus/gel-forming",9
MX1,"myxovirus (influenza virus) resistance 1, interferon-inducible protein p78 (mouse)",9
PC,pyruvate carboxylase,9
PTPN2,"protein tyrosine phosphatase, non-receptor type 2",9
SLK,STE20-like kinase,9
TLR2,toll-like receptor 2,9
TRAF6,"TNF receptor-associated factor 6, E3 ubiquitin protein ligase",9
ICOS,inducible T-cell co-stimulator,8
IFI44L,interferon-induced protein 44-like,8
MMP9,"matrix metallopeptidase 9 (gelatinase B, 92kDa gelatinase, 92kDa type IV collagenase)",8
MUC1,"mucin 1, cell surface associated",8
TAZ,tafazzin,8
TNF,tumor necrosis factor,8
TNFAIP3,"tumor necrosis factor, alpha-induced protein 3",8
ABO,"ABO blood group (transferase A, alpha 1-3-N-acetylgalactosaminyltransferase; transferase B, alpha 1-3-galactosyltransferase)",7
AQP1,aquaporin 1 (Colton blood group),7
AR,androgen receptor,7
CA6,carbonic anhydrase VI,7
CCL19,chemokine (C-C motif) ligand 19,7
CD200,CD200 molecule,7
IL10,interleukin 10,7
LPA,"lipoprotein, Lp(a)",7
MASP2,mannan-binding lectin serine peptidase 2,7
MR1,"major histocompatibility complex, class I-related",7
BPIFB1,"BPI fold containing family B, member 1",6
CCL21,chemokine (C-C motif) ligand 21,6
CCL22,chemokine (C-C motif) ligand 22,6
EBI3,Epstein-Barr virus induced 3,6
ETS1,v-ets erythroblastosis virus E26 oncogene homolog 1 (avian),6
FCGR3B,"Fc fragment of IgG, low affinity IIIb, receptor (CD16b)",6
ID3,"inhibitor of DNA binding 3, dominant negative helix-loop-helix protein",6
IKZF1,IKAROS family zinc finger 1 (Ikaros),6
IL8,interleukin 8,6
ITIH4,"inter-alpha-trypsin inhibitor heavy chain family, member 4",6
LEPR,leptin receptor,6
NR4A2,"nuclear receptor subfamily 4, group A, member 2",6
NUDT15,nudix (nucleoside diphosphate linked moiety X)-type motif 15,6
SI,sucrase-isomaltase (alpha-glucosidase),6
SOCS1,suppressor of cytokine signaling 1,6
VAMP8,vesicle-associated membrane protein 8,6
AIM2,absent in melanoma 2,5
ATG5,autophagy related 5,5
CXCL12,chemokine (C-X-C motif) ligand 12,5
CXCR1,chemokine (C-X-C motif) receptor 1,5
F3,"coagulation factor III (thromboplastin, tissue factor)",5
FAM167A,"family with sequence similarity 167, member A",5
GCA,"grancalcin, EF-hand calcium binding protein",5
HBZ,"hemoglobin, zeta",5
IL6,"interleukin 6 (interferon, beta 2)",5
IRF8,interferon regulatory factor 8,5
ITIH3,inter-alpha-trypsin inhibitor heavy chain 3,5
SLC12A3,"solute carrier family 12 (sodium/chloride transporters), member 3",5
STIM1,stromal interaction molecule 1,5
STS,"steroid sulfatase (microsomal), isozyme S",5
TLR4,toll-like receptor 4,5
TNFSF4,"tumor necrosis factor (ligand) superfamily, member 4",5
TRPM2,"transient receptor potential cation channel, subfamily M, member 2",5
ADIPOQ,"adiponectin, C1Q and collagen domain containing",4
AHR,aryl hydrocarbon receptor,4
ALB,albumin,4
APOBEC3B,"apolipoprotein B mRNA editing enzyme, catalytic polypeptide-like 3B",4
AREG,amphiregulin,4
AURKB,aurora kinase B,4
BLK,B lymphoid tyrosine kinase,4
CAT,catalase,4
CCL11,chemokine (C-C motif) ligand 11,4
CCR4,chemokine (C-C motif) receptor 4,4
CD38,CD38 molecule,4
CPM,carboxypeptidase M,4
CXorf21,chromosome X open reading frame 21,4
DNMT1,DNA (cytosine-5-)-methyltransferase 1,4
FRZB,frizzled-related protein,4
GAPDH,glyceraldehyde-3-phosphate dehydrogenase,4
IGH,immunoglobulin heavy locus,4
IL12A,"interleukin 12A (natural killer cell stimulatory factor 1, cytotoxic lymphocyte maturation factor 1, p35)",4
IRF7,interferon regulatory factor 7,4
JAK2,Janus kinase 2,4
KY,kyphoscoliosis peptidase,4
LAMB1,"laminin, beta 1",4
LRP5,low density lipoprotein receptor-related protein 5,4
MDM2,"MDM2 oncogene, E3 ubiquitin protein ligase",4
PTH,parathyroid hormone,4
RRM1,ribonucleotide reductase M1,4
SCD,stearoyl-CoA desaturase (delta-9-desaturase),4
SHH,sonic hedgehog,4
SRSF1,serine/arginine-rich splicing factor 1,4
VAV1,vav 1 guanine nucleotide exchange factor,4
VWF,von Willebrand factor,4
AARD,alanine and arginine rich domain containing protein,3
ADA,adenosine deaminase,3
AKNA,AT-hook transcription factor,3
ASL,argininosuccinate lyase,3
BID,BH3 interacting domain death agonist,3
CCR6,chemokine (C-C motif) receptor 6,3
CD22,CD22 molecule,3
CD48,CD48 molecule,3
CD68,CD68 molecule,3
CD69,CD69 molecule,3
CD72,CD72 molecule,3
CD163,CD163 molecule,3
CHM,choroideremia (Rab escort protein 1),3
CTLA4,cytotoxic T-lymphocyte-associated protein 4,3
CTNNA3,"catenin (cadherin-associated protein), alpha 3",3
CXCR4,chemokine (C-X-C motif) receptor 4,3
CXCR6,chemokine (C-X-C motif) receptor 6,3
F2,coagulation factor II (thrombin),3
GTF2IRD1,GTF2I repeat domain containing 1,3
HIF1A,"hypoxia inducible factor 1, alpha subunit (basic helix-loop-helix transcription factor)",3
HLA-DQA1,"major histocompatibility complex, class II, DQ alpha 1",3
HSF1,heat shock transcription factor 1,3
IGK,immunoglobulin kappa locus,3
IL33,interleukin 33,3
IRF4,interferon regulatory factor 4,3
LPL,lipoprotein lipase,3
MAF,v-maf musculoaponeurotic fibrosarcoma oncogene homolog (avian),3
MUC7,"mucin 7, secreted",3
MUC16,"mucin 16, cell surface associated",3
PELI3,pellino E3 ubiquitin protein ligase family member 3,3
PTEN,phosphatase and tensin homolog,3
PTPN6,"protein tyrosine phosphatase, non-receptor type 6",3
PTPN22,"protein tyrosine phosphatase, non-receptor type 22 (lymphoid)",3
PTS,6-pyruvoyltetrahydropterin synthase,3
PUF60,poly-U binding splicing factor 60KDa,3
RAC2,"ras-related C3 botulinum toxin substrate 2 (rho family, small GTP binding protein Rac2)",3
S100B,S100 calcium binding protein B,3
SLC39A8,"solute carrier family 39 (zinc transporter), member 8",3
SMARCB1,"SWI/SNF related, matrix associated, actin dependent regulator of chromatin, subfamily b, member 1",3
SP1,Sp1 transcription factor,3
SRI,sorcin,3
TH,tyrosine hydroxylase,3
TLR3,toll-like receptor 3,3
TREX1,three prime repair exonuclease 1,3
TRIM38,tripartite motif containing 38,3
TRPC1,"transient receptor potential cation channel, subfamily C, member 1",3
ACE,angiotensin I converting enzyme (peptidyl-dipeptidase A) 1,2
ADAMTS13,"ADAM metallopeptidase with thrombospondin type 1 motif, 13",2
AKT1,v-akt murine thymoma viral oncogene homolog 1,2
AMH,anti-Mullerian hormone,2
APC,adenomatous polyposis coli,2
AQP3,aquaporin 3 (Gill blood group),2
ARC,activity-regulated cytoskeleton-associated protein,2
ATM,ataxia telangiectasia mutated,2
BPI,bactericidal/permeability-increasing protein,2
CCL2,chemokine (C-C motif) ligand 2,2
CCR8,chemokine (C-C motif) receptor 8,2
CCR9,chemokine (C-C motif) receptor 9,2
CCR10,chemokine (C-C motif) receptor 10,2
CD19,CD19 molecule,2
CD34,CD34 molecule,2
CD47,CD47 molecule,2
CD70,CD70 molecule,2
CD226,CD226 molecule,2
CGA,"glycoprotein hormones, alpha polypeptide",2
CGN,cingulin,2
CHML,choroideremia-like (Rab escort protein 2),2
CLCN2,"chloride channel, voltage-sensitive 2",2
CXCL11,chemokine (C-X-C motif) ligand 11,2
DNMT3A,DNA (cytosine-5-)-methyltransferase 3 alpha,2
DNMT3B,DNA (cytosine-5-)-methyltransferase 3 beta,2
DTX3L,deltex 3-like (Drosophila),2
EDEM1,"ER degradation enhancer, mannosidase alpha-like 1",2
EMD,emerin,2
EPO,erythropoietin,2
FAM167B,"family with sequence similarity 167, member B",2
FGR,Gardner-Rasheed feline sarcoma viral (v-fgr) oncogene homolog,2
GFAP,glial fibrillary acidic protein,2
HLA-DRA,"major histocompatibility complex, class II, DR alpha",2
HLA-DRB1,"major histocompatibility complex, class II, DR beta 1",2
HMBS,hydroxymethylbilane synthase,2
IFI44,interferon-induced protein 44,2
IFIT1,interferon-induced protein with tetratricopeptide repeats 1,2
IFNG,"interferon, gamma",2
IRF1,interferon regulatory factor 1,2
IRF2,interferon regulatory factor 2,2
ITGAM,"integrin, alpha M (complement component 3 receptor 3 subunit)",2
JAK1,Janus kinase 1,2
KRT19,keratin 19,2
LCK,lymphocyte-specific protein tyrosine kinase,2
LONP1,"lon peptidase 1, mitochondrial",2
LTBR,"lymphotoxin beta receptor (TNFR superfamily, member 3)",2
MB,myoglobin,2
MECP2,methyl CpG binding protein 2 (Rett syndrome),2
MIP,major intrinsic protein of lens fiber,2
MOG,myelin oligodendrocyte glycoprotein,2
MTHFR,methylenetetrahydrofolate reductase (NAD(P)H),2
MUC20,"mucin 20, cell surface associated",2
MUC21,"mucin 21, cell surface associated",2
PARP9,"poly (ADP-ribose) polymerase family, member 9",2
PCNA,proliferating cell nuclear antigen,2
PRAMEF13,PRAME family member 13,2
PRKD1,protein kinase D1,2
PTPRC,"protein tyrosine phosphatase, receptor type, C",2
PVR,poliovirus receptor,2
RIPK3,receptor-interacting serine-threonine kinase 3,2
ROCK2,"Rho-associated, coiled-coil containing protein kinase 2",2
RRM2,ribonucleotide reductase M2,2
RSAD2,radical S-adenosyl methionine domain containing 2,2
S100A8,S100 calcium binding protein A8,2
SEL1L,sel-1 suppressor of lin-12-like (C. elegans),2
SNN,stannin,2
SOCS3,suppressor of cytokine signaling 3,2
STIM2,stromal interaction molecule 2,2
TAP2,"transporter 2, ATP-binding cassette, sub-family B (MDR/TAP)",2
TARBP1,TAR (HIV-1) RNA binding protein 1,2
TCF3,transcription factor 3,2
TEAD1,TEA domain family member 1 (SV40 transcriptional enhancer factor),2
TFF3,trefoil factor 3 (intestinal),2
TIGIT,T cell immunoreceptor with Ig and ITIM domains,2
TNIP1,TNFAIP3 interacting protein 1,2
TROVE2,"TROVE domain family, member 2",2
TRPC3,"transient receptor potential cation channel, subfamily C, member 3",2
TRPV4,"transient receptor potential cation channel, subfamily V, member 4",2
UBC,ubiquitin C,2
UGT2B28,"UDP glucuronosyltransferase 2 family, polypeptide B28",2
ABCG2,"ATP-binding cassette, sub-family G (WHITE), member 2",1
ACADL,"acyl-CoA dehydrogenase, long chain",1
ACE2,angiotensin I converting enzyme (peptidyl-dipeptidase A) 2,1
ADAMTS5,"ADAM metallopeptidase with thrombospondin type 1 motif, 5",1
AGA,aspartylglucosaminidase,1
AGBL5,ATP/GTP binding protein-like 5,1
AGO2,argonaute RISC catalytic component 2,1
ANXA1,annexin A1,1
ANXA4,annexin A4,1
APOA5,apolipoprotein A-V,1
APOC2,apolipoprotein C-II,1
APOM,apolipoprotein M,1
AQP2,aquaporin 2 (collecting duct),1
AQP8,aquaporin 8,1
AQP9,aquaporin 9,1
AZU1,azurocidin 1,1
B2M,beta-2-microglobulin,1
BATF,"basic leucine zipper transcription factor, ATF-like",1
BCL6,B-cell CLL/lymphoma 6,1
BCL10,B-cell CLL/lymphoma 10,1
BDH1,"3-hydroxybutyrate dehydrogenase, type 1",1
BDNF,brain-derived neurotrophic factor,1
BMP7,bone morphogenetic protein 7,1
BPIFA1,"BPI fold containing family A, member 1",1
BPIFB2,"BPI fold containing family B, member 2",1
C2,complement component 2,1
C4A,complement component 4A (Rodgers blood group),1
C7,complement component 7,1
CALR,calreticulin,1
CASP3,"caspase 3, apoptosis-related cysteine peptidase",1
CCL4,chemokine (C-C motif) ligand 4,1
CCL5,chemokine (C-C motif) ligand 5,1
CCL7,chemokine (C-C motif) ligand 7,1
CCL17,chemokine (C-C motif) ligand 17,1
CCL20,chemokine (C-C motif) ligand 20,1
CCL27,chemokine (C-C motif) ligand 27,1
CCL28,chemokine (C-C motif) ligand 28,1
CCR1,chemokine (C-C motif) receptor 1,1
CCR5,chemokine (C-C motif) receptor 5 (gene/pseudogene),1
CD2,CD2 molecule,1
CD5,CD5 molecule,1
CD6,CD6 molecule,1
CD14,CD14 molecule,1
CD27,CD27 molecule,1
CD44,CD44 molecule (Indian blood group),1
CD80,CD80 molecule,1
CD86,CD86 molecule,1
CERS5,ceramide synthase 5,1
CES1,carboxylesterase 1,1
CFLAR,CASP8 and FADD-like apoptosis regulator,1
CHIC1,cysteine-rich hydrophobic domain 1,1
CMTM1,CKLF-like MARVEL transmembrane domain containing 1,1
CMTM2,CKLF-like MARVEL transmembrane domain containing 2,1
CMTM3,CKLF-like MARVEL transmembrane domain containing 3,1
CMTM4,CKLF-like MARVEL transmembrane domain containing 4,1
CMTM5,CKLF-like MARVEL transmembrane domain containing 5,1
CMTM6,CKLF-like MARVEL transmembrane domain containing 6,1
CTDP1,"CTD (carboxy-terminal domain, RNA polymerase II, polypeptide A) phosphatase, subunit 1",1
CTRL,chymotrypsin-like,1
CX3CR1,chemokine (C-X3-C motif) receptor 1,1
CXCL1,"chemokine (C-X-C motif) ligand 1 (melanoma growth stimulating activity, alpha)",1
CYP3A4,"cytochrome P450, family 3, subfamily A, polypeptide 4",1
DCC,deleted in colorectal carcinoma,1
DCD,dermcidin,1
DDX60,DEAD (Asp-Glu-Ala-Asp) box polypeptide 60,1
DGKD,"diacylglycerol kinase, delta 130kDa",1
DKK1,dickkopf 1 homolog (Xenopus laevis),1
ECHS1,"enoyl CoA hydratase, short chain, 1, mitochondrial",1
EDAR,ectodysplasin A receptor,1
EFS,embryonal Fyn-associated substrate,1
FGF2,fibroblast growth factor 2 (basic),1
FGF10,fibroblast growth factor 10,1
FGFR2,fibroblast growth factor receptor 2,1
FGFR3,fibroblast growth factor receptor 3,1
FH,fumarate hydratase,1
FMN2,formin 2,1
FOXP3,forkhead box P3,1
FTO,fat mass and obesity associated,1
GBP1,"guanylate binding protein 1, interferon-inducible",1
GBP2,"guanylate binding protein 2, interferon-inducible",1
GDF5,growth differentiation factor 5,1
GK,glycerol kinase,1
GPIHBP1,glycosylphosphatidylinositol anchored high density lipoprotein binding protein 1,1
GSK3B,glycogen synthase kinase 3 beta,1
HLA-A,"major histocompatibility complex, class I, A",1
HLA-DPB1,"major histocompatibility complex, class II, DP beta 1",1
HLA-DQA2,"major histocompatibility complex, class II, DQ alpha 2",1
HLA-DQB1,"major histocompatibility complex, class II, DQ beta 1",1
HMGCS2,3-hydroxy-3-methylglutaryl-CoA synthase 2 (mitochondrial),1
HMOX1,heme oxygenase (decycling) 1,1
HP,haptoglobin,1
IDO1,"indoleamine 2,3-dioxygenase 1",1
IFIT2,interferon-induced protein with tetratricopeptide repeats 2,1
IL1B,"interleukin 1, beta",1
IL1RN,interleukin 1 receptor antagonist,1
IL4,interleukin 4,1
IL7R,interleukin 7 receptor,1
IL10RA,"interleukin 10 receptor, alpha",1
IL13,interleukin 13,1
IL15,interleukin 15,1
IL16,interleukin 16,1
IL18RAP,interleukin 18 receptor accessory protein,1
IMPACT,impact RWD domain protein,1
IRAK1,interleukin-1 receptor-associated kinase 1,1
IRF9,interferon regulatory factor 9,1
ITGB1,"integrin, beta 1 (fibronectin receptor, beta polypeptide, antigen CD29 includes MDF2, MSK12)",1
ITK,IL2-inducible T-cell kinase,1
ITPR3,"inositol 1,4,5-trisphosphate receptor, type 3",1
KCNN4,"potassium intermediate/small conductance calcium-activated channel, subfamily N, member 4",1
KL,klotho,1
KLRG1,"killer cell lectin-like receptor subfamily G, member 1",1
LAG3,lymphocyte-activation gene 3,1
LAT,linker for activation of T cells,1
LAX1,lymphocyte transmembrane adaptor 1,1
LMF1,lipase maturation factor 1,1
LMNA,lamin A/C,1
LPAR1,lysophosphatidic acid receptor 1,1
LPAR3,lysophosphatidic acid receptor 3,1
LRP1,low density lipoprotein receptor-related protein 1,1
LRP4,low density lipoprotein receptor-related protein 4,1
LRP6,low density lipoprotein receptor-related protein 6,1
LTB,"lymphotoxin beta (TNF superfamily, member 3)",1
MALT1,mucosa associated lymphoid tissue lymphoma translocation gene 1,1
MAP3K8,mitogen-activated protein kinase kinase kinase 8,1
MBL2,"mannose-binding lectin (protein C) 2, soluble",1
MEFV,Mediterranean fever,1
MIS12,"MIS12, MIND kinetochore complex component, homolog (S. pombe)",1
MMP2,"matrix metallopeptidase 2 (gelatinase A, 72kDa gelatinase, 72kDa type IV collagenase)",1
MPL,myeloproliferative leukemia virus oncogene,1
MSH5,mutS homolog 5 (E. coli),1
MSN,moesin,1
MUC4,"mucin 4, cell surface associated",1
MUC5B,"mucin 5B, oligomeric mucus/gel-forming",1
MUC15,"mucin 15, cell surface associated",1
MUM1,melanoma associated antigen (mutated) 1,1
NAPB,"N-ethylmaleimide-sensitive factor attachment protein, beta",1
NFAT5,"nuclear factor of activated T-cells 5, tonicity-responsive",1
NFKBIE,"nuclear factor of kappa light polypeptide gene enhancer in B-cells inhibitor, epsilon",1
NOS2,"nitric oxide synthase 2, inducible",1
NOTCH4,notch 4,1
NT5C1A,"5'-nucleotidase, cytosolic IA",1
NTN1,netrin 1,1
OAS1,"2'-5'-oligoadenylate synthetase 1, 40/46kDa",1
OAS2,"2'-5'-oligoadenylate synthetase 2, 69/71kDa",1
OXCT1,3-oxoacid CoA transferase 1,1
P2RX7,"purinergic receptor P2X, ligand-gated ion channel, 7",1
PAK2,p21 protein (Cdc42/Rac)-activated kinase 2,1
PCCA,"propionyl CoA carboxylase, alpha polypeptide",1
PML,promyelocytic leukemia,1
PMP22,peripheral myelin protein 22,1
PNP,purine nucleoside phosphorylase,1
POC1A,POC1 centriolar protein homolog A (Chlamydomonas),1
PON1,paraoxonase 1,1
POT1,protection of telomeres 1,1
PRDM1,"PR domain containing 1, with ZNF domain",1
PRL,prolactin,1
PSMB8,"proteasome (prosome, macropain) subunit, beta type, 8",1
PTPN3,"protein tyrosine phosphatase, non-receptor type 3",1
PTPN11,"protein tyrosine phosphatase, non-receptor type 11",1
PTPRO,"protein tyrosine phosphatase, receptor type, O",1
PTTG1,pituitary tumor-transforming 1,1
RELN,reelin,1
RLIM,"ring finger protein, LIM domain interacting",1
RPE,ribulose-5-phosphate-3-epimerase,1
S100A9,S100 calcium binding protein A9,1
SATB1,SATB homeobox 1,1
SDS,serine dehydratase,1
SERPING1,"serpin peptidase inhibitor, clade G (C1 inhibitor), member 1",1
SH2D2A,SH2 domain containing 2A,1
SLC13A3,"solute carrier family 13 (sodium-dependent dicarboxylate transporter), member 3",1
SLC26A9,"solute carrier family 26, member 9",1
SMAD2,SMAD family member 2,1
SOST,sclerostin,1
SOX4,SRY (sex determining region Y)-box 4,1
SOX8,SRY (sex determining region Y)-box 8,1
SRL,sarcalumenin,1
STAT2,"signal transducer and activator of transcription 2, 113kDa",1
STOM,stomatin,1
TAP1,"transporter 1, ATP-binding cassette, sub-family B (MDR/TAP)",1
TEC,tec protein tyrosine kinase,1
TESPA1,"thymocyte expressed, positive selection associated 1",1
THBS1,thrombospondin 1,1
TLR1,toll-like receptor 1,1
TLR5,toll-like receptor 5,1
TLR8,toll-like receptor 8,1
TNFRSF1B,"tumor necrosis factor receptor superfamily, member 1B",1
TPMT,thiopurine S-methyltransferase,1
TPO,thyroid peroxidase,1
TPP1,tripeptidyl peptidase I,1
TRAF3IP2,TRAF3 interacting protein 2,1
TRIM22,tripartite motif containing 22,1
TRPA1,"transient receptor potential cation channel, subfamily A, member 1",1
TRPM8,"transient receptor potential cation channel, subfamily M, member 8",1
TRPV1,"transient receptor potential cation channel, subfamily V, member 1",1
TRPV3,"transient receptor potential cation channel, subfamily V, member 3",1
TYK2,tyrosine kinase 2,1
UBE2G2,ubiquitin-conjugating enzyme E2G 2,1
UBE2J1,"ubiquitin-conjugating enzyme E2, J1",1
VARS2,"valyl-tRNA synthetase 2, mitochondrial",1
VCAM1,vascular cell adhesion molecule 1,1
VGLL3,vestigial like 3 (Drosophila),1
VPS13B,vacuolar protein sorting 13 homolog B (yeast),1
VWA8,von Willebrand factor A domain containing 8,1
XBP1,X-box binding protein 1,1
