Gene_symbol,   Genes,Freq
T,"T, brachyury homolog (mouse)",1666
C3,complement component 3,384
ACR,acrosin,200
CRP,"C-reactive protein, pentraxin-related",183
IRF5,interferon regulatory factor 5,144
TLR9,toll-like receptor 9,139
PAH,phenylalanine hydroxylase,120
TLR7,toll-like receptor 7,107
GC,group-specific component (vitamin D binding protein),95
HMGB1,high mobility group box 1,90
NHS,Nance-Horan syndrome (congenital cataracts and dental anomalies),89
VDR,"vitamin D (1,25- dihydroxyvitamin D3) receptor",78
CD40,"CD40 molecule, TNF receptor superfamily member 5",74
CD4,CD4 molecule,63
TNF,tumor necrosis factor,62
AMH,anti-Mullerian hormone,61
MSC,musculin,60
HR,hair growth associated,55
STAT4,signal transducer and activator of transcription 4,55
MIF,macrophage migration inhibitory factor (glycosylation-inhibiting factor),53
TNFAIP3,"tumor necrosis factor, alpha-induced protein 3",47
ACE,angiotensin I converting enzyme (peptidyl-dipeptidase A) 1,45
CXCL13,chemokine (C-X-C motif) ligand 13,43
CAD,"carbamoyl-phosphate synthetase 2, aspartate transcarbamylase, and dihydroorotase",42
SRI,sorcin,42
NLRP3,"NLR family, pyrin domain containing 3",40
CS,citrate synthase,39
TLR4,toll-like receptor 4,39
PRL,prolactin,38
C4A,complement component 4A (Rodgers blood group),37
PC,pyruvate carboxylase,37
C2,complement component 2,36
BLK,B lymphoid tyrosine kinase,34
HLA-G,"major histocompatibility complex, class I, G",34
FOXP3,forkhead box P3,30
ITGAM,"integrin, alpha M (complement component 3 receptor 3 subunit)",30
CP,ceruloplasmin (ferroxidase),29
TG,thyroglobulin,29
PTPN22,"protein tyrosine phosphatase, non-receptor type 22 (lymphoid)",28
STAT1,"signal transducer and activator of transcription 1, 91kDa",27
BCR,breakpoint cluster region,26
DNMT1,DNA (cytosine-5-)-methyltransferase 1,26
IKZF1,IKAROS family zinc finger 1 (Ikaros),26
BANK1,B-cell scaffold protein with ankyrin repeats 1,25
CD70,CD70 molecule,25
FCGR3B,"Fc fragment of IgG, low affinity IIIb, receptor (CD16b)",25
IRF7,interferon regulatory factor 7,25
PML,promyelocytic leukemia,25
CAT,catalase,24
CD22,CD22 molecule,24
C4B,complement component 4B (Chido blood group),23
STAT3,signal transducer and activator of transcription 3 (acute-phase response factor),23
PTX3,"pentraxin 3, long",22
TNIP1,TNFAIP3 interacting protein 1,22
IL10,interleukin 10,21
CXCL10,chemokine (C-X-C motif) ligand 10,20
CXCR4,chemokine (C-X-C motif) receptor 4,20
MBL2,"mannose-binding lectin (protein C) 2, soluble",20
CD28,CD28 molecule,19
FAS,"Fas (TNF receptor superfamily, member 6)",19
HLA-DRB1,"major histocompatibility complex, class II, DR beta 1",19
TST,thiosulfate sulfurtransferase (rhodanese),19
APC,adenomatous polyposis coli,18
MBP,myelin basic protein,18
SIRT1,sirtuin 1,18
TLR3,toll-like receptor 3,18
BDNF,brain-derived neurotrophic factor,17
CAPS,calcyphosine,17
TNFSF4,"tumor necrosis factor (ligand) superfamily, member 4",17
UBASH3A,ubiquitin associated and SH3 domain containing A,17
ADAMTS13,"ADAM metallopeptidase with thrombospondin type 1 motif, 13",16
CXCL12,chemokine (C-X-C motif) ligand 12,16
MTHFR,methylenetetrahydrofolate reductase (NAD(P)H),16
UBE2L3,ubiquitin-conjugating enzyme E2L 3,16
CCR5,chemokine (C-C motif) receptor 5 (gene/pseudogene),15
CD86,CD86 molecule,15
FH,fumarate hydratase,15
TLR2,toll-like receptor 2,15
ADA,adenosine deaminase,14
CXCR3,chemokine (C-X-C motif) receptor 3,14
ETS1,v-ets erythroblastosis virus E26 oncogene homolog 1 (avian),14
GPI,glucose-6-phosphate isomerase,14
IL6,"interleukin 6 (interferon, beta 2)",14
LILRA3,"leukocyte immunoglobulin-like receptor, subfamily A (without TM domain), member 3",14
S100B,S100 calcium binding protein B,14
SOCS1,suppressor of cytokine signaling 1,14
TLR8,toll-like receptor 8,14
ATG5,autophagy related 5,13
CD80,CD80 molecule,13
FCRL3,Fc receptor-like 3,13
IRF8,interferon regulatory factor 8,13
MEFV,Mediterranean fever,13
S100A9,S100 calcium binding protein A9,13
APOL1,"apolipoprotein L, 1",12
CD19,CD19 molecule,12
CD247,CD247 molecule,12
DNMT3A,DNA (cytosine-5-)-methyltransferase 3 alpha,12
IGF1,insulin-like growth factor 1 (somatomedin C),12
LEP,leptin,12
SI,sucrase-isomaltase (alpha-glucosidase),12
TREX1,three prime repair exonuclease 1,12
CD48,CD48 molecule,11
FCGR3A,"Fc fragment of IgG, low affinity IIIa, receptor (CD16a)",11
GAS6,growth arrest-specific 6,11
HDAC6,histone deacetylase 6,11
LTA,"lymphotoxin alpha (TNF superfamily, member 1)",11
MICA,MHC class I polypeptide-related sequence A,11
MX1,"myxovirus (influenza virus) resistance 1, interferon-inducible protein p78 (mouse)",11
PTEN,phosphatase and tensin homolog,11
SSB,Sjogren syndrome antigen B (autoantigen La),11
AIM2,absent in melanoma 2,10
AIMP1,aminoacyl tRNA synthetase complex-interacting multifunctional protein 1,10
CCL2,chemokine (C-C motif) ligand 2,10
CD44,CD44 molecule (Indian blood group),10
CD69,CD69 molecule,10
CD163,CD163 molecule,10
CXCR5,chemokine (C-X-C motif) receptor 5,10
CYP1A1,"cytochrome P450, family 1, subfamily A, polypeptide 1",10
DNASE1,deoxyribonuclease I,10
IFI44L,interferon-induced protein 44-like,10
IFIH1,interferon induced with helicase C domain 1,10
IRAK1,interleukin-1 receptor-associated kinase 1,10
LAPTM5,lysosomal protein transmembrane 5,10
MAVS,mitochondrial antiviral signaling protein,10
RFC1,"replication factor C (activator 1) 1, 145kDa",10
SLC15A4,"solute carrier family 15, member 4",10
SRSF1,serine/arginine-rich splicing factor 1,10
TNC,tenascin C,10
TNFSF13B,"tumor necrosis factor (ligand) superfamily, member 13b",10
TNFSF15,"tumor necrosis factor (ligand) superfamily, member 15",10
CCR4,chemokine (C-C motif) receptor 4,9
CD14,CD14 molecule,9
CD38,CD38 molecule,9
CFH,complement factor H,9
CTLA4,cytotoxic T-lymphocyte-associated protein 4,9
GRN,granulin,9
ICOS,inducible T-cell co-stimulator,9
IRF3,interferon regulatory factor 3,9
ITGAL,"integrin, alpha L (antigen CD11A (p180), lymphocyte function-associated antigen 1; alpha polypeptide)",9
LAIR1,leukocyte-associated immunoglobulin-like receptor 1,9
NFKB1,nuclear factor of kappa light polypeptide gene enhancer in B-cells 1,9
PRF1,perforin 1 (pore forming protein),9
S100A8,S100 calcium binding protein A8,9
S100A12,S100 calcium binding protein A12,9
ADC,arginine decarboxylase,8
APOM,apolipoprotein M,8
CCND3,cyclin D3,8
CD36,CD36 molecule (thrombospondin receptor),8
CD46,"CD46 molecule, complement regulatory protein",8
CGB,"chorionic gonadotropin, beta polypeptide",8
CR2,complement component (3d/Epstein Barr virus) receptor 2,8
CX3CR1,chemokine (C-X3-C motif) receptor 1,8
DBP,D site of albumin promoter (albumin D-box) binding protein,8
E2F1,E2F transcription factor 1,8
NOD2,nucleotide-binding oligomerization domain containing 2,8
RORC,RAR-related orphan receptor C,8
SDS,serine dehydratase,8
AFF1,"AF4/FMR2 family, member 1",7
AMPD2,adenosine monophosphate deaminase 2,7
ANG,"angiogenin, ribonuclease, RNase A family, 5",7
AQP4,aquaporin 4,7
ATM,ataxia telangiectasia mutated,7
BTLA,B and T lymphocyte associated,7
CCL19,chemokine (C-C motif) ligand 19,7
CD24,CD24 molecule,7
CD27,CD27 molecule,7
CIC,capicua transcriptional repressor,7
CLEC16A,"C-type lectin domain family 16, member A",7
CNBP,"CCHC-type zinc finger, nucleic acid binding protein",7
EGFL7,"EGF-like-domain, multiple 7",7
ESR1,estrogen receptor 1,7
FCGR2A,"Fc fragment of IgG, low affinity IIa, receptor (CD32)",7
IRF4,interferon regulatory factor 4,7
ISG15,ISG15 ubiquitin-like modifier,7
LRRK2,leucine-rich repeat kinase 2,7
PADI4,"peptidyl arginine deiminase, type IV",7
PLN,phospholamban,7
SIGIRR,single immunoglobulin and toll-interleukin 1 receptor (TIR) domain,7
STRAP,serine/threonine kinase receptor associated protein,7
TF,transferrin,7
TH,tyrosine hydroxylase,7
TLR5,toll-like receptor 5,7
TRIM21,tripartite motif containing 21,7
AGA,aspartylglucosaminidase,6
ATG7,autophagy related 7,6
CCR6,chemokine (C-C motif) receptor 6,6
CD5L,CD5 molecule-like,6
CTHRC1,collagen triple helix repeat containing 1,6
CXCR2,chemokine (C-X-C motif) receptor 2,6
GABRP,"gamma-aminobutyric acid (GABA) A receptor, pi",6
HP,haptoglobin,6
IFI16,"interferon, gamma-inducible protein 16",6
IFIT1,interferon-induced protein with tetratricopeptide repeats 1,6
KLF13,Kruppel-like factor 13,6
MAF,v-maf musculoaponeurotic fibrosarcoma oncogene homolog (avian),6
MBD4,methyl-CpG binding domain protein 4,6
MIA,melanoma inhibitory activity,6
NTM,neurotrimin,6
PCNA,proliferating cell nuclear antigen,6
PXK,PX domain containing serine/threonine kinase,6
RASGRP1,RAS guanyl releasing protein 1 (calcium and DAG-regulated),6
SOCS3,suppressor of cytokine signaling 3,6
SYK,spleen tyrosine kinase,6
TAGLN2,transgelin 2,6
TSPAN33,tetraspanin 33,6
WDFY4,WDFY family member 4,6
ACP5,"acid phosphatase 5, tartrate resistant",5
ADM,adrenomedullin,5
AGTR1,"angiotensin II receptor, type 1",5
AIRE,autoimmune regulator,5
AR,androgen receptor,5
BDH2,"3-hydroxybutyrate dehydrogenase, type 2",5
CCR2,chemokine (C-C motif) receptor 2,5
CD59,"CD59 molecule, complement regulatory protein",5
CD84,CD84 molecule,5
CD226,CD226 molecule,5
CREM,cAMP responsive element modulator,5
CTSS,cathepsin S,5
CXCL16,chemokine (C-X-C motif) ligand 16,5
DNMT3B,DNA (cytosine-5-)-methyltransferase 3 beta,5
GATA3,GATA binding protein 3,5
GSTT1,glutathione S-transferase theta 1,5
HLA-DRB5,"major histocompatibility complex, class II, DR beta 5",5
IKZF3,IKAROS family zinc finger 3 (Aiolos),5
IL1R2,"interleukin 1 receptor, type II",5
IL12A,"interleukin 12A (natural killer cell stimulatory factor 1, cytotoxic lymphocyte maturation factor 1, p35)",5
JHDM1D,jumonji C domain containing histone demethylase 1 homolog D (S. cerevisiae),5
LAT,linker for activation of T cells,5
LBH,limb bud and heart development,5
LIG4,"ligase IV, DNA, ATP-dependent",5
MECP2,methyl CpG binding protein 2 (Rett syndrome),5
MPI,mannose phosphate isomerase,5
NAT2,N-acetyltransferase 2 (arylamine N-acetyltransferase),5
NOS3,nitric oxide synthase 3 (endothelial cell),5
PDC,phosducin,5
PDCD1,programmed cell death 1,5
PNP,purine nucleoside phosphorylase,5
PON1,paraoxonase 1,5
PRKCD,"protein kinase C, delta",5
RAD52,RAD52 homolog (S. cerevisiae),5
SHOC2,soc-2 suppressor of clear homolog (C. elegans),5
SLAMF1,signaling lymphocytic activation molecule family member 1,5
SOD1,"superoxide dismutase 1, soluble",5
SRM,spermidine synthase,5
TIGIT,T cell immunoreceptor with Ig and ITIM domains,5
TMEM39A,transmembrane protein 39A,5
TMEM173,transmembrane protein 173,5
TPO,thyroid peroxidase,5
TRAF2,TNF receptor-associated factor 2,5
TRAF3IP2,TRAF3 interacting protein 2,5
TRAP1,TNF receptor-associated protein 1,5
TSGA10,"testis specific, 10",5
VGLL3,vestigial like 3 (Drosophila),5
VHL,"von Hippel-Lindau tumor suppressor, E3 ubiquitin protein ligase",5
XKR6,"XK, Kell blood group complex subunit-related family, member 6",5
XRCC1,X-ray repair complementing defective repair in Chinese hamster cells 1,5
AMN,amnion associated transmembrane protein,4
BTK,Bruton agammaglobulinemia tyrosine kinase,4
C6orf10,chromosome 6 open reading frame 10,4
CCL5,chemokine (C-C motif) ligand 5,4
CCL21,chemokine (C-C motif) ligand 21,4
CCL23,chemokine (C-C motif) ligand 23,4
CD55,"CD55 molecule, decay accelerating factor for complement (Cromer blood group)",4
COMT,catechol-O-methyltransferase,4
CSK,c-src tyrosine kinase,4
CTRL,chymotrypsin-like,4
CXCL14,chemokine (C-X-C motif) ligand 14,4
DEFB1,"defensin, beta 1",4
FABP4,"fatty acid binding protein 4, adipocyte",4
FGF23,fibroblast growth factor 23,4
GAPDH,glyceraldehyde-3-phosphate dehydrogenase,4
HDAC2,histone deacetylase 2,4
HMOX1,heme oxygenase (decycling) 1,4
IL17A,interleukin 17A,4
IL23R,interleukin 23 receptor,4
ITK,IL2-inducible T-cell kinase,4
KIR2DL3,"killer cell immunoglobulin-like receptor, two domains, long cytoplasmic tail, 3",4
KIR2DL5B,"killer cell immunoglobulin-like receptor, two domains, long cytoplasmic tail, 5B",4
KIR2DS3,"killer cell immunoglobulin-like receptor, two domains, short cytoplasmic tail, 3",4
LAMC1,"laminin, gamma 1 (formerly LAMB2)",4
LUM,lumican,4
LY6E,"lymphocyte antigen 6 complex, locus E",4
MICB,MHC class I polypeptide-related sequence B,4
NCF1,neutrophil cytosolic factor 1,4
NLRP1,"NLR family, pyrin domain containing 1",4
NRAS,neuroblastoma RAS viral (v-ras) oncogene homolog,4
PBX1,pre-B-cell leukemia homeobox 1,4
PIK3CD,"phosphatidylinositol-4,5-bisphosphate 3-kinase, catalytic subunit delta",4
PLA2R1,"phospholipase A2 receptor 1, 180kDa",4
PPP2CA,"protein phosphatase 2, catalytic subunit, alpha isozyme",4
PTH,parathyroid hormone,4
PVR,poliovirus receptor,4
RFX1,"regulatory factor X, 1 (influences HLA class II expression)",4
S100A4,S100 calcium binding protein A4,4
SCT,secretin,4
SH2D1A,SH2 domain containing 1A,4
SLAMF6,SLAM family member 6,4
SMS,spermine synthase,4
TSPO,translocator protein (18kDa),4
TYK2,tyrosine kinase 2,4
UVRAG,UV radiation resistance associated,4
ADD2,adducin 2 (beta),3
AIP,aryl hydrocarbon receptor interacting protein,3
C5,complement component 5,3
CA1,carbonic anhydrase I,3
CD81,CD81 molecule,3
CSMD1,CUB and Sushi multiple domains 1,3
CSNK2A2,"casein kinase 2, alpha prime polypeptide",3
CX3CL1,chemokine (C-X3-C motif) ligand 1,3
CXCR7,chemokine (C-X-C motif) receptor 7,3
CYP2B6,"cytochrome P450, family 2, subfamily B, polypeptide 6",3
DHFR,dihydrofolate reductase,3
DOCK8,dedicator of cytokinesis 8,3
EMD,emerin,3
FBXW7,"F-box and WD repeat domain containing 7, E3 ubiquitin protein ligase",3
GLS,glutaminase,3
GSTM1,glutathione S-transferase mu 1,3
GTF2I,general transcription factor IIi,3
GTF2IRD1,GTF2I repeat domain containing 1,3
HDAC1,histone deacetylase 1,3
HDAC3,histone deacetylase 3,3
HLA-B,"major histocompatibility complex, class I, B",3
HLA-DQB1,"major histocompatibility complex, class II, DQ beta 1",3
HLA-E,"major histocompatibility complex, class I, E",3
HSPA1A,heat shock 70kDa protein 1A,3
HSPA1B,heat shock 70kDa protein 1B,3
HSPA8,heat shock 70kDa protein 8,3
IFIT3,interferon-induced protein with tetratricopeptide repeats 3,3
IGFBP3,insulin-like growth factor binding protein 3,3
IL1B,"interleukin 1, beta",3
IL2,interleukin 2,3
IL12B,"interleukin 12B (natural killer cell stimulatory factor 2, cytotoxic lymphocyte maturation factor 2, p40)",3
IL12RB2,"interleukin 12 receptor, beta 2",3
IL19,interleukin 19,3
IL21,interleukin 21,3
KIR2DL1,"killer cell immunoglobulin-like receptor, two domains, long cytoplasmic tail, 1",3
LY96,lymphocyte antigen 96,3
LYN,v-yes-1 Yamaguchi sarcoma viral related oncogene homolog,3
MAP4K3,mitogen-activated protein kinase kinase kinase kinase 3,3
MB,myoglobin,3
MTNR1B,melatonin receptor 1B,3
NGF,nerve growth factor (beta polypeptide),3
OAS1,"2'-5'-oligoadenylate synthetase 1, 40/46kDa",3
PELI1,pellino E3 ubiquitin protein ligase 1,3
PROC,protein C (inactivator of coagulation factors Va and VIIIa),3
PTPN2,"protein tyrosine phosphatase, non-receptor type 2",3
PTTG1,pituitary tumor-transforming 1,3
SCD,stearoyl-CoA desaturase (delta-9-desaturase),3
SIGLEC12,sialic acid binding Ig-like lectin 12 (gene/pseudogene),3
SLC11A1,"solute carrier family 11 (proton-coupled divalent metal ion transporters), member 1",3
SPI1,spleen focus forming virus (SFFV) proviral integration oncogene spi1,3
STAT2,"signal transducer and activator of transcription 2, 113kDa",3
STUB1,"STIP1 homology and U-box containing protein 1, E3 ubiquitin protein ligase",3
TBX21,T-box 21,3
TPCN2,two pore segment channel 2,3
TPMT,thiopurine S-methyltransferase,3
TRIB1,tribbles homolog 1 (Drosophila),3
VIP,vasoactive intestinal peptide,3
VRK1,vaccinia related kinase 1,3
ABCA1,"ATP-binding cassette, sub-family A (ABC1), member 1",2
ABCG2,"ATP-binding cassette, sub-family G (WHITE), member 2",2
ACP1,"acid phosphatase 1, soluble",2
ADAM17,ADAM metallopeptidase domain 17,2
AK4,adenylate kinase 4,2
ANXA2,annexin A2,2
APEX1,APEX nuclease (multifunctional DNA repair enzyme) 1,2
APLN,apelin,2
APOE,apolipoprotein E,2
ARC,activity-regulated cytoskeleton-associated protein,2
ARID5B,AT rich interactive domain 5B (MRF1-like),2
ATF3,activating transcription factor 3,2
ATG16L1,autophagy related 16-like 1 (S. cerevisiae),2
AURKA,aurora kinase A,2
AXL,AXL receptor tyrosine kinase,2
BAX,BCL2-associated X protein,2
C1R,"complement component 1, r subcomponent",2
CARD8,"caspase recruitment domain family, member 8",2
CASP1,"caspase 1, apoptosis-related cysteine peptidase",2
CCL20,chemokine (C-C motif) ligand 20,2
CCR1,chemokine (C-C motif) receptor 1,2
CCR3,chemokine (C-C motif) receptor 3,2
CCR7,chemokine (C-C motif) receptor 7,2
CCR8,chemokine (C-C motif) receptor 8,2
CD8B,CD8b molecule,2
CD34,CD34 molecule,2
CD74,"CD74 molecule, major histocompatibility complex, class II invariant chain",2
CFI,complement factor I,2
CR1,complement component (3b/4b) receptor 1 (Knops blood group),2
CRISP3,cysteine-rich secretory protein 3,2
CTGF,connective tissue growth factor,2
DIAPH3,diaphanous homolog 3 (Drosophila),2
DNASE1L3,deoxyribonuclease I-like 3,2
DUSP22,dual specificity phosphatase 22,2
EBF1,early B-cell factor 1,2
EED,embryonic ectoderm development,2
EPO,erythropoietin,2
EPOR,erythropoietin receptor,2
ERBB2IP,erbb2 interacting protein,2
F2,coagulation factor II (thrombin),2
FCN3,ficolin (collagen/fibrinogen domain containing) 3 (Hakata antigen),2
FGG,fibrinogen gamma chain,2
FGL2,fibrinogen-like 2,2
HLA-A,"major histocompatibility complex, class I, A",2
HLA-DQA1,"major histocompatibility complex, class II, DQ alpha 1",2
HLA-DQB2,"major histocompatibility complex, class II, DQ beta 2",2
HLA-DRA,"major histocompatibility complex, class II, DR alpha",2
HLA-F,"major histocompatibility complex, class I, F",2
IDO1,"indoleamine 2,3-dioxygenase 1",2
IL4,interleukin 4,2
IL18,interleukin 18 (interferon-gamma-inducing factor),2
JAK2,Janus kinase 2,2
KRAS,v-Ki-ras2 Kirsten rat sarcoma viral oncogene homolog,2
LAMA1,"laminin, alpha 1",2
LPP,LIM domain containing preferred translocation partner in lipoma,2
MAFB,v-maf musculoaponeurotic fibrosarcoma oncogene homolog B (avian),2
MBD2,methyl-CpG binding domain protein 2,2
MMP8,matrix metallopeptidase 8 (neutrophil collagenase),2
MOS,v-mos Moloney murine sarcoma viral oncogene homolog,2
MPO,myeloperoxidase,2
MTR,5-methyltetrahydrofolate-homocysteine methyltransferase,2
MTRR,5-methyltetrahydrofolate-homocysteine methyltransferase reductase,2
NASP,nuclear autoantigenic sperm protein (histone-binding),2
NMS,neuromedin S,2
NNT,nicotinamide nucleotide transhydrogenase,2
NPS,neuropeptide S,2
NR1H3,"nuclear receptor subfamily 1, group H, member 3",2
OAS3,"2'-5'-oligoadenylate synthetase 3, 100kDa",2
PLSCR1,phospholipid scramblase 1,2
PON3,paraoxonase 3,2
PRDM1,"PR domain containing 1, with ZNF domain",2
PRKCH,"protein kinase C, eta",2
PSORS1C1,psoriasis susceptibility 1 candidate 1,2
RGS1,regulator of G-protein signaling 1,2
RSAD2,radical S-adenosyl methionine domain containing 2,2
SATB1,SATB homeobox 1,2
SLN,sarcolipin,2
SOS1,son of sevenless homolog 1 (Drosophila),2
SRP19,signal recognition particle 19kDa,2
STK17A,serine/threonine kinase 17a,2
TAP1,"transporter 1, ATP-binding cassette, sub-family B (MDR/TAP)",2
TEC,tec protein tyrosine kinase,2
TET2,tet methylcytosine dioxygenase 2,2
TIA1,TIA1 cytotoxic granule-associated RNA binding protein,2
TROVE2,"TROVE domain family, member 2",2
TSC1,tuberous sclerosis 1,2
TSC2,tuberous sclerosis 2,2
TXN,thioredoxin,2
UHRF1BP1,UHRF1 binding protein 1,2
USP18,ubiquitin specific peptidase 18,2
VWF,von Willebrand factor,2
XCR1,chemokine (C motif) receptor 1,2
AANAT,aralkylamine N-acetyltransferase,1
AARD,alanine and arginine rich domain containing protein,1
ABCB1,"ATP-binding cassette, sub-family B (MDR/TAP), member 1",1
ABHD6,abhydrolase domain containing 6,1
ADIPOQ,"adiponectin, C1Q and collagen domain containing",1
AES,amino-terminal enhancer of split,1
AFM,afamin,1
AFP,alpha-fetoprotein,1
AGO1,argonaute RISC catalytic component 1,1
AGT,"angiotensinogen (serpin peptidase inhibitor, clade A, member 8)",1
AHNAK2,AHNAK nucleoprotein 2,1
AHR,aryl hydrocarbon receptor,1
AHSP,alpha hemoglobin stabilizing protein,1
AMT,aminomethyltransferase,1
ANKRD50,ankyrin repeat domain 50,1
ANO3,anoctamin 3,1
AP3B2,"adaptor-related protein complex 3, beta 2 subunit",1
ARHGAP26,Rho GTPase activating protein 26,1
ASL,argininosuccinate lyase,1
ATN1,atrophin 1,1
BACH2,"BTB and CNC homology 1, basic leucine zipper transcription factor 2",1
BARD1,BRCA1 associated RING domain 1,1
BATF,"basic leucine zipper transcription factor, ATF-like",1
BBC3,BCL2 binding component 3,1
BCL2,B-cell CLL/lymphoma 2,1
BCL7A,B-cell CLL/lymphoma 7A,1
BCL11A,B-cell CLL/lymphoma 11A (zinc finger protein),1
BID,BH3 interacting domain death agonist,1
BPI,bactericidal/permeability-increasing protein,1
BRD4,bromodomain containing 4,1
BST2,bone marrow stromal cell antigen 2,1
BTNL2,butyrophilin-like 2 (MHC class II associated),1
C1QA,"complement component 1, q subcomponent, A chain",1
C1QC,"complement component 1, q subcomponent, C chain",1
CADPS,Ca++-dependent secretion activator,1
CARD11,"caspase recruitment domain family, member 11",1
CASP8,"caspase 8, apoptosis-related cysteine peptidase",1
CASP10,"caspase 10, apoptosis-related cysteine peptidase",1
CCDC22,coiled-coil domain containing 22,1
CCL3,chemokine (C-C motif) ligand 3,1
CCL4,chemokine (C-C motif) ligand 4,1
CD1C,CD1c molecule,1
CD8A,CD8a molecule,1
CD40LG,CD40 ligand,1
CD52,CD52 molecule,1
CD63,CD63 molecule,1
CD68,CD68 molecule,1
CD72,CD72 molecule,1
CD83,CD83 molecule,1
CD274,CD274 molecule,1
CD300LB,CD300 molecule-like family member b,1
CDK1,cyclin-dependent kinase 1,1
CDKN1A,"cyclin-dependent kinase inhibitor 1A (p21, Cip1)",1
CDKN1B,"cyclin-dependent kinase inhibitor 1B (p27, Kip1)",1
CDKN2A,cyclin-dependent kinase inhibitor 2A,1
CDKN2B,"cyclin-dependent kinase inhibitor 2B (p15, inhibits CDK4)",1
CEACAM3,carcinoembryonic antigen-related cell adhesion molecule 3,1
CECR1,"cat eye syndrome chromosome region, candidate 1",1
CERS5,ceramide synthase 5,1
CHAF1B,"chromatin assembly factor 1, subunit B (p60)",1
CLIC2,chloride intracellular channel 2,1
COPE,"coatomer protein complex, subunit epsilon",1
CPM,carboxypeptidase M,1
CSF1,colony stimulating factor 1 (macrophage),1
CTCF,CCCTC-binding factor (zinc finger protein),1
CXCL5,chemokine (C-X-C motif) ligand 5,1
CXCL11,chemokine (C-X-C motif) ligand 11,1
CYP2C19,"cytochrome P450, family 2, subfamily C, polypeptide 19",1
CYP3A5,"cytochrome P450, family 3, subfamily A, polypeptide 5",1
DAPP1,dual adaptor of phosphotyrosine and 3-phosphoinositides,1
DDB1,"damage-specific DNA binding protein 1, 127kDa",1
DDIT4L,DNA-damage-inducible transcript 4-like,1
DDX58,DEAD (Asp-Glu-Ala-Asp) box polypeptide 58,1
DUSP4,dual specificity phosphatase 4,1
DUSP5,dual specificity phosphatase 5,1
DUSP7,dual specificity phosphatase 7,1
DUSP10,dual specificity phosphatase 10,1
DUSP14,dual specificity phosphatase 14,1
DUSP23,dual specificity phosphatase 23,1
E2F2,E2F transcription factor 2,1
ECD,ecdysoneless homolog (Drosophila),1
EGFR,epidermal growth factor receptor,1
EIF3F,"eukaryotic translation initiation factor 3, subunit F",1
ENHO,energy homeostasis associated,1
ERAP1,endoplasmic reticulum aminopeptidase 1,1
ERCC2,"excision repair cross-complementing rodent repair deficiency, complementation group 2",1
ESR2,estrogen receptor 2 (ER beta),1
EZH2,enhancer of zeste homolog 2 (Drosophila),1
FAM78B,"family with sequence similarity 78, member B",1
FASLG,"Fas ligand (TNF superfamily, member 6)",1
FBL,fibrillarin,1
FKBP5,FK506 binding protein 5,1
FLI1,Friend leukemia virus integration 1,1
FOS,FBJ murine osteosarcoma viral oncogene homolog,1
FOXO3,forkhead box O3,1
GLDC,glycine dehydrogenase (decarboxylating),1
GPR84,G protein-coupled receptor 84,1
GRIN2B,"glutamate receptor, ionotropic, N-methyl D-aspartate 2B",1
GSDMB,gasdermin B,1
HAND1,heart and neural crest derivatives expressed 1,1
HGF,hepatocyte growth factor (hepapoietin A; scatter factor),1
HGS,hepatocyte growth factor-regulated tyrosine kinase substrate,1
HIF1A,"hypoxia inducible factor 1, alpha subunit (basic helix-loop-helix transcription factor)",1
HIPK1,homeodomain interacting protein kinase 1,1
HIST1H4K,"histone cluster 1, H4k",1
HLA-C,"major histocompatibility complex, class I, C",1
HLA-DPB1,"major histocompatibility complex, class II, DP beta 1",1
HNF4A,"hepatocyte nuclear factor 4, alpha",1
HOMER2,homer homolog 2 (Drosophila),1
HSPB1,heat shock 27kDa protein 1,1
ICA1,"islet cell autoantigen 1, 69kDa",1
IFI44,interferon-induced protein 44,1
IFIT5,interferon-induced protein with tetratricopeptide repeats 5,1
IFITM1,interferon induced transmembrane protein 1,1
IFNAR1,"interferon (alpha, beta and omega) receptor 1",1
IFNB1,"interferon, beta 1, fibroblast",1
IFNG,"interferon, gamma",1
IGJ,"immunoglobulin J polypeptide, linker protein for immunoglobulin alpha and mu polypeptides",1
IL1RN,interleukin 1 receptor antagonist,1
IL5,"interleukin 5 (colony-stimulating factor, eosinophil)",1
IL15RA,"interleukin 15 receptor, alpha",1
IL18R1,interleukin 18 receptor 1,1
IMPACT,impact RWD domain protein,1
IMPDH1,IMP (inosine 5'-monophosphate) dehydrogenase 1,1
IMPDH2,IMP (inosine 5'-monophosphate) dehydrogenase 2,1
INS,insulin,1
IRF1,interferon regulatory factor 1,1
IRF2,interferon regulatory factor 2,1
IRF6,interferon regulatory factor 6,1
ITGA1,"integrin, alpha 1",1
ITGB1,"integrin, beta 1 (fibronectin receptor, beta polypeptide, antigen CD29 includes MDF2, MSK12)",1
ITGB2,"integrin, beta 2 (complement component 3 receptor 3 and 4 subunit)",1
IVD,isovaleryl-CoA dehydrogenase,1
JAK3,Janus kinase 3,1
JAZF1,JAZF zinc finger 1,1
KIR2DL4,"killer cell immunoglobulin-like receptor, two domains, long cytoplasmic tail, 4",1
KIR3DL1,"killer cell immunoglobulin-like receptor, three domains, long cytoplasmic tail, 1",1
KLF4,Kruppel-like factor 4 (gut),1
KY,kyphoscoliosis peptidase,1
LAMB4,"laminin, beta 4",1
LAMTOR3,"late endosomal/lysosomal adaptor, MAPK and MTOR activator 3",1
LATS2,"LATS, large tumor suppressor, homolog 2 (Drosophila)",1
LRP1B,low density lipoprotein receptor-related protein 1B,1
MAPKAPK3,mitogen-activated protein kinase-activated protein kinase 3,1
MET,met proto-oncogene (hepatocyte growth factor receptor),1
MFHAS1,malignant fibrous histiocytoma amplified sequence 1,1
MLH1,"mutL homolog 1, colon cancer, nonpolyposis type 2 (E. coli)",1
MLH3,mutL homolog 3 (E. coli),1
MMP3,"matrix metallopeptidase 3 (stromelysin 1, progelatinase)",1
MMP9,"matrix metallopeptidase 9 (gelatinase B, 92kDa gelatinase, 92kDa type IV collagenase)",1
MMP14,matrix metallopeptidase 14 (membrane-inserted),1
MNDA,myeloid cell nuclear differentiation antigen,1
MOG,myelin oligodendrocyte glycoprotein,1
MON2,MON2 homolog (S. cerevisiae),1
MRE11A,MRE11 meiotic recombination 11 homolog A (S. cerevisiae),1
MS4A1,"membrane-spanning 4-domains, subfamily A, member 1",1
MSH5,mutS homolog 5 (E. coli),1
MTOR,mechanistic target of rapamycin (serine/threonine kinase),1
MYH9,"myosin, heavy chain 9, non-muscle",1
MYO18B,myosin XVIIIB,1
NCOA3,nuclear receptor coactivator 3,1
NF1,neurofibromin 1,1
NFKBIA,"nuclear factor of kappa light polypeptide gene enhancer in B-cells inhibitor, alpha",1
NLRC4,"NLR family, CARD domain containing 4",1
NLRC5,"NLR family, CARD domain containing 5",1
NLRP2,"NLR family, pyrin domain containing 2",1
NOTCH4,notch 4,1
NR2F6,"nuclear receptor subfamily 2, group F, member 6",1
OASL,2'-5'-oligoadenylate synthetase-like,1
OMD,osteomodulin,1
ORMDL3,ORM1-like 3 (S. cerevisiae),1
OSCAR,"osteoclast associated, immunoglobulin-like receptor",1
PAK7,p21 protein (Cdc42/Rac)-activated kinase 7,1
PARP1,poly (ADP-ribose) polymerase 1,1
PARP9,"poly (ADP-ribose) polymerase family, member 9",1
PAX5,paired box 5,1
PDCD4,programmed cell death 4 (neoplastic transformation inhibitor),1
PDE4B,"phosphodiesterase 4B, cAMP-specific",1
PDE4C,"phosphodiesterase 4C, cAMP-specific",1
PDE4D,"phosphodiesterase 4D, cAMP-specific",1
PF4,platelet factor 4,1
PHOSPHO1,"phosphatase, orphan 1",1
PIGF,"phosphatidylinositol glycan anchor biosynthesis, class F",1
PIP,prolactin-induced protein,1
POLB,"polymerase (DNA directed), beta",1
POR,P450 (cytochrome) oxidoreductase,1
PPP1R15A,"protein phosphatase 1, regulatory subunit 15A",1
PRDX2,peroxiredoxin 2,1
PRKRA,"protein kinase, interferon-inducible double stranded RNA dependent activator",1
PSD,pleckstrin and Sec7 domain containing,1
PSMB8,"proteasome (prosome, macropain) subunit, beta type, 8",1
PTGS1,prostaglandin-endoperoxide synthase 1 (prostaglandin G/H synthase and cyclooxygenase),1
PTPN3,"protein tyrosine phosphatase, non-receptor type 3",1
PTPRC,"protein tyrosine phosphatase, receptor type, C",1
RAD50,RAD50 homolog (S. cerevisiae),1
RASGRP3,RAS guanyl releasing protein 3 (calcium and DAG-regulated),1
RAVER2,"ribonucleoprotein, PTB-binding 2",1
RBFOX1,"RNA binding protein, fox-1 homolog (C. elegans) 1",1
RETN,resistin,1
RGS3,regulator of G-protein signaling 3,1
RGS13,regulator of G-protein signaling 13,1
RIPK1,receptor (TNFRSF)-interacting serine-threonine kinase 1,1
RNASE2,"ribonuclease, RNase A family, 2 (liver, eosinophil-derived neurotoxin)",1
ROCK1,"Rho-associated, coiled-coil containing protein kinase 1",1
ROCK2,"Rho-associated, coiled-coil containing protein kinase 2",1
RPE,ribulose-5-phosphate-3-epimerase,1
S1PR3,sphingosine-1-phosphate receptor 3,1
SAMHD1,SAM domain and HD domain 1,1
SCUBE1,"signal peptide, CUB domain, EGF-like 1",1
SELE,selectin E,1
SET,SET nuclear oncogene,1
SHBG,sex hormone-binding globulin,1
SIGLEC1,"sialic acid binding Ig-like lectin 1, sialoadhesin",1
SIGLEC6,sialic acid binding Ig-like lectin 6,1
SLC13A3,"solute carrier family 13 (sodium-dependent dicarboxylate transporter), member 3",1
SMURF1,SMAD specific E3 ubiquitin protein ligase 1,1
SNX6,sorting nexin 6,1
SOST,sclerostin,1
SOX2,SRY (sex determining region Y)-box 2,1
ST8SIA2,"ST8 alpha-N-acetyl-neuraminide alpha-2,8-sialyltransferase 2",1
STAG3,stromal antigen 3,1
STAT6,"signal transducer and activator of transcription 6, interleukin-4 induced",1
STIP1,stress-induced-phosphoprotein 1,1
TAGLN,transgelin,1
TBL1XR1,transducin (beta)-like 1 X-linked receptor 1,1
TET3,tet methylcytosine dioxygenase 3,1
THY1,Thy-1 cell surface antigen,1
TNFAIP6,"tumor necrosis factor, alpha-induced protein 6",1
TNFRSF1A,"tumor necrosis factor receptor superfamily, member 1A",1
TNFRSF9,"tumor necrosis factor receptor superfamily, member 9",1
TNFRSF11B,"tumor necrosis factor receptor superfamily, member 11b",1
TNFSF10,"tumor necrosis factor (ligand) superfamily, member 10",1
TNXB,tenascin XB,1
TRAF5,TNF receptor-associated factor 5,1
TRIM22,tripartite motif containing 22,1
TTC34,tetratricopeptide repeat domain 34,1
TTF1,"transcription termination factor, RNA polymerase I",1
TYMS,thymidylate synthetase,1
UBE2S,ubiquitin-conjugating enzyme E2S,1
USP41,ubiquitin specific peptidase 41,1
WHAMM,"WAS protein homolog associated with actin, golgi membranes and microtubules",1
XBP1,X-box binding protein 1,1
XK,X-linked Kx blood group (McLeod syndrome),1
XPA,"xeroderma pigmentosum, complementation group A",1
XPC,"xeroderma pigmentosum, complementation group C",1
YY1,YY1 transcription factor,1
ZBTB16,zinc finger and BTB domain containing 16,1
ZBTB20,zinc finger and BTB domain containing 20,1
