Gene_symbol,   Genes,Freq
T,"T, brachyury homolog (mouse)",18
GC,group-specific component (vitamin D binding protein),10
HP,haptoglobin,6
ADAMTS13,"ADAM metallopeptidase with thrombospondin type 1 motif, 13",5
CS,citrate synthase,5
GCA,"grancalcin, EF-hand calcium binding protein",4
AIRE,autoimmune regulator,3
ARC,activity-regulated cytoskeleton-associated protein,2
ATP4A,"ATPase, H+/K+ exchanging, alpha polypeptide",2
CTLA4,cytotoxic T-lymphocyte-associated protein 4,2
FOXP3,forkhead box P3,2
HR,hair growth associated,2
NHS,Nance-Horan syndrome (congenital cataracts and dental anomalies),2
PTPN22,"protein tyrosine phosphatase, non-receptor type 22 (lymphoid)",2
SCD,stearoyl-CoA desaturase (delta-9-desaturase),2
ABO,"ABO blood group (transferase A, alpha 1-3-N-acetylgalactosaminyltransferase; transferase B, alpha 1-3-galactosyltransferase)",1
ATP4B,"ATPase, H+/K+ exchanging, beta polypeptide",1
ATP7B,"ATPase, Cu++ transporting, beta polypeptide",1
CD4,CD4 molecule,1
EGFR,epidermal growth factor receptor,1
IMPACT,impact RWD domain protein,1
MAG,myelin associated glycoprotein,1
MLL,"myeloid/lymphoid or mixed-lineage leukemia (trithorax homolog, Drosophila)",1
MVP,major vault protein,1
PON1,paraoxonase 1,1
TPO,thyroid peroxidase,1
