Gene_symbol,   Genes,Freq
EDA,ectodysplasin A,12
MALT1,mucosa associated lymphoid tissue lymphoma translocation gene 1,6
T,"T, brachyury homolog (mouse)",6
IKBKG,"inhibitor of kappa light polypeptide gene enhancer in B-cells, kinase gamma",5
CD40,"CD40 molecule, TNF receptor superfamily member 5",4
TNF,tumor necrosis factor,4
CARD11,"caspase recruitment domain family, member 11",3
NHS,Nance-Horan syndrome (congenital cataracts and dental anomalies),3
SHARPIN,SHANK-associated RH domain interactor,3
TLR3,toll-like receptor 3,3
TLR9,toll-like receptor 9,3
BCL10,B-cell CLL/lymphoma 10,2
PTPRC,"protein tyrosine phosphatase, receptor type, C",2
STAT1,"signal transducer and activator of transcription 1, 91kDa",2
AICDA,activation-induced cytidine deaminase,1
BLNK,B-cell linker,1
BTK,Bruton agammaglobulinemia tyrosine kinase,1
DMD,dystrophin,1
IFNGR1,interferon gamma receptor 1,1
IFNGR2,interferon gamma receptor 2 (interferon gamma transducer 1),1
IL12B,"interleukin 12B (natural killer cell stimulatory factor 2, cytotoxic lymphocyte maturation factor 2, p40)",1
IL12RB1,"interleukin 12 receptor, beta 1",1
IRAK4,interleukin-1 receptor-associated kinase 4,1
ISG15,ISG15 ubiquitin-like modifier,1
ITK,IL2-inducible T-cell kinase,1
KRAS,v-Ki-ras2 Kirsten rat sarcoma viral oncogene homolog,1
LCK,lymphocyte-specific protein tyrosine kinase,1
LRBA,"LPS-responsive vesicle trafficking, beach and anchor containing",1
LYN,v-yes-1 Yamaguchi sarcoma viral related oncogene homolog,1
MAP3K14,mitogen-activated protein kinase kinase kinase 14,1
MS4A1,"membrane-spanning 4-domains, subfamily A, member 1",1
ORAI1,ORAI calcium release-activated calcium modulator 1,1
PLCG2,"phospholipase C, gamma 2 (phosphatidylinositol-specific)",1
RIPK1,receptor (TNFRSF)-interacting serine-threonine kinase 1,1
SMN2,"survival of motor neuron 2, centromeric",1
STIM1,stromal interaction molecule 1,1
TLR2,toll-like receptor 2,1
TLR4,toll-like receptor 4,1
TRAF6,"TNF receptor-associated factor 6, E3 ubiquitin protein ligase",1
ZAP70,zeta-chain (TCR) associated protein kinase 70kDa,1
