Gene_symbol,   Genes,Freq
T,"T, brachyury homolog (mouse)",978
TSHR,thyroid stimulating hormone receptor,368
TG,thyroglobulin,73
PTPN22,"protein tyrosine phosphatase, non-receptor type 22 (lymphoid)",44
TPO,thyroid peroxidase,43
CD40,"CD40 molecule, TNF receptor superfamily member 5",39
CS,citrate synthase,38
NHS,Nance-Horan syndrome (congenital cataracts and dental anomalies),32
CTLA4,cytotoxic T-lymphocyte-associated protein 4,27
HR,hair growth associated,27
MMD,monocyte to macrophage differentiation-associated,25
PC,pyruvate carboxylase,24
PTH,parathyroid hormone,24
AR,androgen receptor,21
CGRRF1,cell growth regulator with ring finger domain 1,21
FOXO1,forkhead box O1,21
GC,group-specific component (vitamin D binding protein),18
MB,myoglobin,18
CD4,CD4 molecule,17
CTGF,connective tissue growth factor,17
SIRT1,sirtuin 1,17
CXCL10,chemokine (C-X-C motif) ligand 10,16
IGF1,insulin-like growth factor 1 (somatomedin C),16
FOXP3,forkhead box P3,15
NAMPT,nicotinamide phosphoribosyltransferase,15
CP,ceruloplasmin (ferroxidase),14
VIP,vasoactive intestinal peptide,13
AHR,aryl hydrocarbon receptor,12
CAT,catalase,12
CD86,CD86 molecule,12
TH,tyrosine hydroxylase,12
ADC,arginine decarboxylase,11
AGO2,argonaute RISC catalytic component 2,11
BMP4,bone morphogenetic protein 4,11
DIO2,"deiodinase, iodothyronine, type II",11
FGF23,fibroblast growth factor 23,10
G6PD,glucose-6-phosphate dehydrogenase,10
IFNG,"interferon, gamma",10
IGF1R,insulin-like growth factor 1 receptor,10
SDS,serine dehydratase,10
TRD,T cell receptor delta locus,10
AMH,anti-Mullerian hormone,9
CD44,CD44 molecule (Indian blood group),9
CD58,CD58 molecule,9
IL10,interleukin 10,9
SLC12A3,"solute carrier family 12 (sodium/chloride transporters), member 3",9
ST3GAL5,"ST3 beta-galactoside alpha-2,3-sialyltransferase 5",9
TLR4,toll-like receptor 4,9
VDR,"vitamin D (1,25- dihydroxyvitamin D3) receptor",9
AIRE,autoimmune regulator,8
CCL2,chemokine (C-C motif) ligand 2,8
CD80,CD80 molecule,8
FOXA1,forkhead box A1,8
IL6,"interleukin 6 (interferon, beta 2)",8
KCNJ18,"potassium inwardly-rectifying channel, subfamily J, member 18",8
OMG,oligodendrocyte myelin glycoprotein,8
OTC,ornithine carbamoyltransferase,8
PDCD4,programmed cell death 4 (neoplastic transformation inhibitor),8
PTX3,"pentraxin 3, long",8
ST8SIA1,"ST8 alpha-N-acetyl-neuraminide alpha-2,8-sialyltransferase 1",8
STAT6,"signal transducer and activator of transcription 6, interleukin-4 induced",8
ARRB1,"arrestin, beta 1",7
BMPR2,"bone morphogenetic protein receptor, type II (serine/threonine kinase)",7
CASQ1,"calsequestrin 1 (fast-twitch, skeletal muscle)",7
CD160,CD160 molecule,7
CEP128,centrosomal protein 128kDa,7
DPP4,dipeptidyl-peptidase 4,7
FCRL3,Fc receptor-like 3,7
HGF,hepatocyte growth factor (hepapoietin A; scatter factor),7
HLA-B,"major histocompatibility complex, class I, B",7
IRF7,interferon regulatory factor 7,7
ITM2A,integral membrane protein 2A,7
MAGI3,"membrane associated guanylate kinase, WW and PDZ domain containing 3",7
NOD1,nucleotide-binding oligomerization domain containing 1,7
PAH,phenylalanine hydroxylase,7
SLAMF1,signaling lymphocytic activation molecule family member 1,7
SRC,v-src sarcoma (Schmidt-Ruppin A-2) viral oncogene homolog (avian),7
TNF,tumor necrosis factor,7
AGO1,argonaute RISC catalytic component 1,6
CCL21,chemokine (C-C motif) ligand 21,6
CPO,carboxypeptidase O,6
CXCL9,chemokine (C-X-C motif) ligand 9,6
CYR61,"cysteine-rich, angiogenic inducer, 61",6
DROSHA,"drosha, ribonuclease type III",6
HLA-DRB1,"major histocompatibility complex, class II, DR beta 1",6
IL12B,"interleukin 12B (natural killer cell stimulatory factor 2, cytotoxic lymphocyte maturation factor 2, p40)",6
KCNJ2,"potassium inwardly-rectifying channel, subfamily J, member 2",6
MMP1,matrix metallopeptidase 1 (interstitial collagenase),6
MSC,musculin,6
PER3,period circadian clock 3,6
PON1,paraoxonase 1,6
SI,sucrase-isomaltase (alpha-glucosidase),6
SIGLEC1,"sialic acid binding Ig-like lectin 1, sialoadhesin",6
SON,SON DNA binding protein,6
STAT4,signal transducer and activator of transcription 4,6
TLR9,toll-like receptor 9,6
APOE,apolipoprotein E,5
BLK,B lymphoid tyrosine kinase,5
CA1,carbonic anhydrase I,5
EGFR,epidermal growth factor receptor,5
EMD,emerin,5
GATA3,GATA binding protein 3,5
GLRA4,"glycine receptor, alpha 4",5
HMGB1,high mobility group box 1,5
HP,haptoglobin,5
IFIH1,interferon induced with helicase C domain 1,5
IL1A,"interleukin 1, alpha",5
IL2RA,"interleukin 2 receptor, alpha",5
IL37,interleukin 37,5
NLRC4,"NLR family, CARD domain containing 4",5
NR3C1,"nuclear receptor subfamily 3, group C, member 1 (glucocorticoid receptor)",5
TF,transferrin,5
TMEM39A,transmembrane protein 39A,5
TNFRSF1A,"tumor necrosis factor receptor superfamily, member 1A",5
ADH1B,"alcohol dehydrogenase 1B (class I), beta polypeptide",4
C2,complement component 2,4
CCL3L1,chemokine (C-C motif) ligand 3-like 1,4
CD52,CD52 molecule,4
CD68,CD68 molecule,4
CD74,"CD74 molecule, major histocompatibility complex, class II invariant chain",4
CFHR1,complement factor H-related 1,4
CIT,"citron (rho-interacting, serine/threonine kinase 21)",4
CXCR3,chemokine (C-X-C motif) receptor 3,4
DDT,D-dopachrome tautomerase,4
DMD,dystrophin,4
FOS,FBJ murine osteosarcoma viral oncogene homolog,4
ICOS,inducible T-cell co-stimulator,4
IKZF3,IKAROS family zinc finger 3 (Aiolos),4
IL15,interleukin 15,4
IL16,interleukin 16,4
KIAA0125,KIAA0125,4
MBP,myelin basic protein,4
MTHFR,methylenetetrahydrofolate reductase (NAD(P)H),4
NOD2,nucleotide-binding oligomerization domain containing 2,4
SOCS3,suppressor of cytokine signaling 3,4
TLR2,toll-like receptor 2,4
TLR7,toll-like receptor 7,4
TTK,TTK protein kinase,4
UBE2L3,ubiquitin-conjugating enzyme E2L 3,4
UGT2B15,"UDP glucuronosyltransferase 2 family, polypeptide B15",4
BOLL,"bol, boule-like (Drosophila)",3
C1QTNF6,C1q and tumor necrosis factor related protein 6,3
C3,complement component 3,3
CAD,"carbamoyl-phosphate synthetase 2, aspartate transcarbamylase, and dihydroorotase",3
CCL5,chemokine (C-C motif) ligand 5,3
CCR6,chemokine (C-C motif) receptor 6,3
CD14,CD14 molecule,3
CD34,CD34 molecule,3
CFH,complement factor H,3
CHUK,conserved helix-loop-helix ubiquitous kinase,3
CXCL11,chemokine (C-X-C motif) ligand 11,3
EPHX1,"epoxide hydrolase 1, microsomal (xenobiotic)",3
ERG,v-ets erythroblastosis virus E26 oncogene homolog (avian),3
FH,fumarate hydratase,3
FMO3,flavin containing monooxygenase 3,3
FNDC5,fibronectin type III domain containing 5,3
HAS2,hyaluronan synthase 2,3
HSD11B1,hydroxysteroid (11-beta) dehydrogenase 1,3
IHH,indian hedgehog,3
IKBKB,"inhibitor of kappa light polypeptide gene enhancer in B-cells, kinase beta",3
IL8,interleukin 8,3
IL17F,interleukin 17F,3
IL18,interleukin 18 (interferon-gamma-inducing factor),3
IL23R,interleukin 23 receptor,3
IRAK1,interleukin-1 receptor-associated kinase 1,3
IRGM,"immunity-related GTPase family, M",3
KEAP1,kelch-like ECH-associated protein 1,3
KL,klotho,3
LAT2,"linker for activation of T cells family, member 2",3
LYZ,lysozyme,3
MFN2,mitofusin 2,3
NAAA,N-acylethanolamine acid amidase,3
PLP1,proteolipid protein 1,3
PPARG,peroxisome proliferator-activated receptor gamma,3
PTEN,phosphatase and tensin homolog,3
PVR,poliovirus receptor,3
RAC2,"ras-related C3 botulinum toxin substrate 2 (rho family, small GTP binding protein Rac2)",3
SLCO1B1,"solute carrier organic anion transporter family, member 1B1",3
SRL,sarcalumenin,3
STAT1,"signal transducer and activator of transcription 1, 91kDa",3
TLR3,toll-like receptor 3,3
TNFSF4,"tumor necrosis factor (ligand) superfamily, member 4",3
TRAF4,TNF receptor-associated factor 4,3
UGT2B17,"UDP glucuronosyltransferase 2 family, polypeptide B17",3
ADAMTS13,"ADAM metallopeptidase with thrombospondin type 1 motif, 13",2
ADIPOQ,"adiponectin, C1Q and collagen domain containing",2
ADRB2,"adrenoceptor beta 2, surface",2
AGL,"amylo-alpha-1, 6-glucosidase, 4-alpha-glucanotransferase",2
AHI1,Abelson helper integration site 1,2
ALB,albumin,2
AQP4,aquaporin 4,2
BCL2,B-cell CLL/lymphoma 2,2
BID,BH3 interacting domain death agonist,2
CACNA1S,"calcium channel, voltage-dependent, L type, alpha 1S subunit",2
CCL7,chemokine (C-C motif) ligand 7,2
CD163,CD163 molecule,2
CDK5,cyclin-dependent kinase 5,2
COL13A1,"collagen, type XIII, alpha 1",2
CXCL13,chemokine (C-X-C motif) ligand 13,2
CXCR4,chemokine (C-X-C motif) receptor 4,2
DNMT1,DNA (cytosine-5-)-methyltransferase 1,2
ETV1,ets variant 1,2
FABP4,"fatty acid binding protein 4, adipocyte",2
FAH,fumarylacetoacetate hydrolase (fumarylacetoacetase),2
FHL2,four and a half LIM domains 2,2
FLNA,"filamin A, alpha",2
FOXE1,forkhead box E1 (thyroid transcription factor 2),2
GABRA3,"gamma-aminobutyric acid (GABA) A receptor, alpha 3",2
GPR174,G protein-coupled receptor 174,2
HAS1,hyaluronan synthase 1,2
HAS3,hyaluronan synthase 3,2
HDAC1,histone deacetylase 1,2
HLA-DPB1,"major histocompatibility complex, class II, DP beta 1",2
IL4,interleukin 4,2
IL17A,interleukin 17A,2
IL17RE,interleukin 17 receptor E,2
IL21,interleukin 21,2
IL27,interleukin 27,2
KLF14,Kruppel-like factor 14,2
LOX,lysyl oxidase,2
MAG,myelin associated glycoprotein,2
MAGI2,"membrane associated guanylate kinase, WW and PDZ domain containing 2",2
MBD4,methyl-CpG binding domain protein 4,2
MORF4L2,mortality factor 4 like 2,2
MPI,mannose phosphate isomerase,2
MPO,myeloperoxidase,2
MTNR1A,melatonin receptor 1A,2
MTNR1B,melatonin receptor 1B,2
MUC1,"mucin 1, cell surface associated",2
MUC5AC,"mucin 5AC, oligomeric mucus/gel-forming",2
NUMB,numb homolog (Drosophila),2
PIP,prolactin-induced protein,2
PRL,prolactin,2
PSMA1,"proteasome (prosome, macropain) subunit, alpha type, 1",2
PSMC4,"proteasome (prosome, macropain) 26S subunit, ATPase, 4",2
PSMC5,"proteasome (prosome, macropain) 26S subunit, ATPase, 5",2
S100A4,S100 calcium binding protein A4,2
SCN4A,"sodium channel, voltage-gated, type IV, alpha subunit",2
SHMT2,serine hydroxymethyltransferase 2 (mitochondrial),2
SLAMF6,SLAM family member 6,2
SLC26A4,"solute carrier family 26, member 4",2
SLN,sarcolipin,2
SOCS1,suppressor of cytokine signaling 1,2
SRP14,signal recognition particle 14kDa (homologous Alu RNA binding protein),2
SRP54,signal recognition particle 54kDa,2
ST5,suppression of tumorigenicity 5,2
STAT3,signal transducer and activator of transcription 3 (acute-phase response factor),2
TCEAL1,transcription elongation factor A (SII)-like 1,2
TEC,tec protein tyrosine kinase,2
THRB,"thyroid hormone receptor, beta",2
TNFSF15,"tumor necrosis factor (ligand) superfamily, member 15",2
TRIM59,tripartite motif containing 59,2
TRO,trophinin,2
UNC93B1,unc-93 homolog B1 (C. elegans),2
ABCB1,"ATP-binding cassette, sub-family B (MDR/TAP), member 1",1
ABO,"ABO blood group (transferase A, alpha 1-3-N-acetylgalactosaminyltransferase; transferase B, alpha 1-3-galactosyltransferase)",1
ABR,active BCR-related,1
ACAN,aggrecan,1
ACE,angiotensin I converting enzyme (peptidyl-dipeptidase A) 1,1
ACTA2,"actin, alpha 2, smooth muscle, aorta",1
AFM,afamin,1
ALDH2,aldehyde dehydrogenase 2 family (mitochondrial),1
ANGEL1,angel homolog 1 (Drosophila),1
APOD,apolipoprotein D,1
ARC,activity-regulated cytoskeleton-associated protein,1
ARNT,aryl hydrocarbon receptor nuclear translocator,1
ARRB2,"arrestin, beta 2",1
ART3,ADP-ribosyltransferase 3,1
ASL,argininosuccinate lyase,1
AZGP1,"alpha-2-glycoprotein 1, zinc-binding",1
BACH2,"BTB and CNC homology 1, basic leucine zipper transcription factor 2",1
BCL2L15,BCL2-like 15,1
BRAF,v-raf murine sarcoma viral oncogene homolog B1,1
C1QL1,"complement component 1, q subcomponent-like 1",1
C6,complement component 6,1
CCR4,chemokine (C-C motif) receptor 4,1
CD19,CD19 molecule,1
CD28,CD28 molecule,1
CD244,"CD244 molecule, natural killer cell receptor 2B4",1
CDK4,cyclin-dependent kinase 4,1
CDK6,cyclin-dependent kinase 6,1
CIDEC,cell death-inducing DFFA-like effector c,1
CREBBP,CREB binding protein,1
CRP,"C-reactive protein, pentraxin-related",1
CX3CL1,chemokine (C-X3-C motif) ligand 1,1
CX3CR1,chemokine (C-X3-C motif) receptor 1,1
CYP1B1,"cytochrome P450, family 1, subfamily B, polypeptide 1",1
CYP27B1,"cytochrome P450, family 27, subfamily B, polypeptide 1",1
DGCR8,DiGeorge syndrome critical region gene 8,1
DIO1,"deiodinase, iodothyronine, type I",1
DNMT3A,DNA (cytosine-5-)-methyltransferase 3 alpha,1
DNMT3B,DNA (cytosine-5-)-methyltransferase 3 beta,1
DRD4,dopamine receptor D4,1
DUOX2,dual oxidase 2,1
DUOXA2,dual oxidase maturation factor 2,1
ECD,ecdysoneless homolog (Drosophila),1
EFCAB1,EF-hand calcium binding domain 1,1
EGF,epidermal growth factor,1
ELOVL2,ELOVL fatty acid elongase 2,1
EMB,embigin,1
EPHX2,"epoxide hydrolase 2, cytoplasmic",1
ETS1,v-ets erythroblastosis virus E26 oncogene homolog 1 (avian),1
ETV5,ets variant 5,1
FAS,"Fas (TNF receptor superfamily, member 6)",1
FES,feline sarcoma oncogene,1
FSHR,follicle stimulating hormone receptor,1
GCA,"grancalcin, EF-hand calcium binding protein",1
GCG,glucagon,1
GIP,gastric inhibitory polypeptide,1
GK,glycerol kinase,1
GLI3,GLI family zinc finger 3,1
GNA14,"guanine nucleotide binding protein (G protein), alpha 14",1
HDAC2,histone deacetylase 2,1
HIF1A,"hypoxia inducible factor 1, alpha subunit (basic helix-loop-helix transcription factor)",1
HIST1H2AL,"histone cluster 1, H2al",1
HLA-A,"major histocompatibility complex, class I, A",1
HLA-C,"major histocompatibility complex, class I, C",1
HLA-DQB1,"major histocompatibility complex, class II, DQ beta 1",1
HLA-DRA,"major histocompatibility complex, class II, DR alpha",1
HOXB2,homeobox B2,1
HOXB3,homeobox B3,1
HOXC10,homeobox C10,1
HRH1,histamine receptor H1,1
HYAL2,hyaluronoglucosaminidase 2,1
ICAM1,intercellular adhesion molecule 1,1
IFI44L,interferon-induced protein 44-like,1
IK,"IK cytokine, down-regulator of HLA II",1
IL5,"interleukin 5 (colony-stimulating factor, eosinophil)",1
IL6R,interleukin 6 receptor,1
IL13,interleukin 13,1
IL18R1,interleukin 18 receptor 1,1
IL18RAP,interleukin 18 receptor accessory protein,1
IL21R,interleukin 21 receptor,1
IL33,interleukin 33,1
IP6K3,inositol hexakisphosphate kinase 3,1
IRF1,interferon regulatory factor 1,1
IRF5,interferon regulatory factor 5,1
IRF9,interferon regulatory factor 9,1
JAKMIP2,janus kinase and microtubule interacting protein 2,1
JUN,jun proto-oncogene,1
JUNB,jun B proto-oncogene,1
KCNE3,"potassium voltage-gated channel, Isk-related family, member 3",1
LACRT,lacritin,1
LRP2,low density lipoprotein receptor-related protein 2,1
LRRK2,leucine-rich repeat kinase 2,1
LYAR,Ly1 antibody reactive,1
MAF,v-maf musculoaponeurotic fibrosarcoma oncogene homolog (avian),1
MAP3K12,mitogen-activated protein kinase kinase kinase 12,1
MAPT,microtubule-associated protein tau,1
MELK,maternal embryonic leucine zipper kinase,1
MICA,MHC class I polypeptide-related sequence A,1
MOS,v-mos Moloney murine sarcoma viral oncogene homolog,1
MTR,5-methyltetrahydrofolate-homocysteine methyltransferase,1
MUC4,"mucin 4, cell surface associated",1
MYBPC3,"myosin binding protein C, cardiac",1
MYL4,"myosin, light chain 4, alkali; atrial, embryonic",1
MYOD1,myogenic differentiation 1,1
NFKB1,nuclear factor of kappa light polypeptide gene enhancer in B-cells 1,1
NFKBIA,"nuclear factor of kappa light polypeptide gene enhancer in B-cells inhibitor, alpha",1
NOX3,NADPH oxidase 3,1
NQO1,"NAD(P)H dehydrogenase, quinone 1",1
OCM,oncomodulin,1
PAM,peptidylglycine alpha-amidating monooxygenase,1
PAX7,paired box 7,1
PCCA,"propionyl CoA carboxylase, alpha polypeptide",1
PCNA,proliferating cell nuclear antigen,1
PDGFB,platelet-derived growth factor beta polypeptide,1
PHTF1,putative homeodomain transcription factor 1,1
PI3,"peptidase inhibitor 3, skin-derived",1
PPEF2,"protein phosphatase, EF-hand calcium binding domain 2",1
PRICKLE1,prickle homolog 1 (Drosophila),1
PROC,protein C (inactivator of coagulation factors Va and VIIIa),1
PSD,pleckstrin and Sec7 domain containing,1
RARA,"retinoic acid receptor, alpha",1
RASD2,"RASD family, member 2",1
RNASET2,ribonuclease T2,1
RORC,RAR-related orphan receptor C,1
RUNX2,runt-related transcription factor 2,1
S1PR1,sphingosine-1-phosphate receptor 1,1
S100A8,S100 calcium binding protein A8,1
S100A9,S100 calcium binding protein A9,1
SARS,seryl-tRNA synthetase,1
SCARB2,"scavenger receptor class B, member 2",1
SCGB3A2,"secretoglobin, family 3A, member 2",1
SDK2,sidekick cell adhesion molecule 2,1
SH2D1A,SH2 domain containing 1A,1
SHOX2,short stature homeobox 2,1
SLC5A5,"solute carrier family 5 (sodium iodide symporter), member 5",1
SLC16A1,"solute carrier family 16, member 1 (monocarboxylic acid transporter 1)",1
SLC22A4,"solute carrier family 22 (organic cation/ergothioneine transporter), member 4",1
SLCO2B1,"solute carrier organic anion transporter family, member 2B1",1
SMTN,smoothelin,1
SPN,sialophorin,1
SPP1,secreted phosphoprotein 1,1
SRR,serine racemase,1
SRY,sex determining region Y,1
TAT,tyrosine aminotransferase,1
TCL1A,T-cell leukemia/lymphoma 1A,1
TGFB1,"transforming growth factor, beta 1",1
TGFB2,"transforming growth factor, beta 2",1
TLR10,toll-like receptor 10,1
TNFRSF18,"tumor necrosis factor receptor superfamily, member 18",1
TNFSF11,"tumor necrosis factor (ligand) superfamily, member 11",1
TRAF1,TNF receptor-associated factor 1,1
TRH,thyrotropin-releasing hormone,1
TRIB2,tribbles homolog 2 (Drosophila),1
TRPV5,"transient receptor potential cation channel, subfamily V, member 5",1
TTF1,"transcription termination factor, RNA polymerase I",1
UACA,uveal autoantigen with coiled-coil domains and ankyrin repeats,1
UCP1,"uncoupling protein 1 (mitochondrial, proton carrier)",1
WNT5A,"wingless-type MMTV integration site family, member 5A",1
WSB1,WD repeat and SOCS box containing 1,1
XRCC2,X-ray repair complementing defective repair in Chinese hamster cells 2,1
ZCCHC6,"zinc finger, CCHC domain containing 6",1
ZIC1,Zic family member 1,1
ZNF596,zinc finger protein 596,1
ZNRF3,zinc and ring finger 3,1
