Gene_symbol,   Genes,Freq
T,"T, brachyury homolog (mouse)",855
TNF,tumor necrosis factor,495
CRP,"C-reactive protein, pentraxin-related",189
NHS,Nance-Horan syndrome (congenital cataracts and dental anomalies),152
ADA,adenosine deaminase,110
HR,hair growth associated,81
ACR,acrosin,58
ERAP1,endoplasmic reticulum aminopeptidase 1,52
HLA-C,"major histocompatibility complex, class I, C",49
CXCL10,chemokine (C-X-C motif) ligand 10,44
SI,sucrase-isomaltase (alpha-glucosidase),40
CD6,CD6 molecule,39
STAT3,signal transducer and activator of transcription 3 (acute-phase response factor),39
MB,myoglobin,38
PRL,prolactin,37
IL12B,"interleukin 12B (natural killer cell stimulatory factor 2, cytotoxic lymphocyte maturation factor 2, p40)",34
PAM,peptidylglycine alpha-amidating monooxygenase,34
BID,BH3 interacting domain death agonist,33
IL23R,interleukin 23 receptor,31
UST,uronyl-2-sulfotransferase,29
HLA-B,"major histocompatibility complex, class I, B",27
TST,thiosulfate sulfurtransferase (rhodanese),26
TRAF3IP2,TRAF3 interacting protein 2,25
CARD14,"caspase recruitment domain family, member 14",24
PTPN22,"protein tyrosine phosphatase, non-receptor type 22 (lymphoid)",21
PML,promyelocytic leukemia,20
REL,v-rel reticuloendotheliosis viral oncogene homolog (avian),20
CP,ceruloplasmin (ferroxidase),19
TNFAIP3,"tumor necrosis factor, alpha-induced protein 3",19
TLR4,toll-like receptor 4,18
C3,complement component 3,17
CS,citrate synthase,17
MIF,macrophage migration inhibitory factor (glycosylation-inhibiting factor),16
TNIP1,TNFAIP3 interacting protein 1,16
IL17RA,interleukin 17 receptor A,15
IL23A,"interleukin 23, alpha subunit p19",15
JAK1,Janus kinase 1,14
JAK2,Janus kinase 2,14
CD4,CD4 molecule,13
IL17A,interleukin 17A,13
JAK3,Janus kinase 3,13
NLRP3,"NLR family, pyrin domain containing 3",13
TSLP,thymic stromal lymphopoietin,13
AR,androgen receptor,12
CD40,"CD40 molecule, TNF receptor superfamily member 5",12
CXCL12,chemokine (C-X-C motif) ligand 12,12
CXCR3,chemokine (C-X-C motif) receptor 3,12
HLA-DRB1,"major histocompatibility complex, class II, DR beta 1",12
NGF,nerve growth factor (beta polypeptide),12
AQP1,aquaporin 1 (Colton blood group),11
CCL21,chemokine (C-C motif) ligand 21,11
ERG,v-ets erythroblastosis virus E26 oncogene homolog (avian),11
IL1RN,interleukin 1 receptor antagonist,11
RIPK1,receptor (TNFRSF)-interacting serine-threonine kinase 1,11
STAT4,signal transducer and activator of transcription 4,11
CCR6,chemokine (C-C motif) receptor 6,10
CD74,"CD74 molecule, major histocompatibility complex, class II invariant chain",10
COMP,cartilage oligomeric matrix protein,10
IFIH1,interferon induced with helicase C domain 1,10
TAGAP,T-cell activation RhoGTPase activating protein,10
TLR2,toll-like receptor 2,10
TNFRSF1A,"tumor necrosis factor receptor superfamily, member 1A",10
TYK2,tyrosine kinase 2,10
CCL19,chemokine (C-C motif) ligand 19,9
IL17F,interleukin 17F,9
IL20RB,interleukin 20 receptor beta,9
NFKBIA,"nuclear factor of kappa light polypeptide gene enhancer in B-cells inhibitor, alpha",9
TRAF6,"TNF receptor-associated factor 6, E3 ubiquitin protein ligase",9
CD68,CD68 molecule,8
CLEC9A,"C-type lectin domain family 9, member A",8
CXCL9,chemokine (C-X-C motif) ligand 9,8
DHODH,dihydroorotate dehydrogenase (quinone),8
IL13,interleukin 13,8
LTA,"lymphotoxin alpha (TNF superfamily, member 1)",8
NOD2,nucleotide-binding oligomerization domain containing 2,8
PAH,phenylalanine hydroxylase,8
TNC,tenascin C,8
ACE,angiotensin I converting enzyme (peptidyl-dipeptidase A) 1,7
AGA,aspartylglucosaminidase,7
CXCL11,chemokine (C-X-C motif) ligand 11,7
ERAP2,endoplasmic reticulum aminopeptidase 2,7
FBXL19,F-box and leucine-rich repeat protein 19,7
FCGR3B,"Fc fragment of IgG, low affinity IIIb, receptor (CD16b)",7
GC,group-specific component (vitamin D binding protein),7
HLA-A,"major histocompatibility complex, class I, A",7
HLA-G,"major histocompatibility complex, class I, G",7
HRH4,histamine receptor H4,7
IDO1,"indoleamine 2,3-dioxygenase 1",7
IL36RN,interleukin 36 receptor antagonist,7
IMPACT,impact RWD domain protein,7
KIR3DL1,"killer cell immunoglobulin-like receptor, three domains, long cytoplasmic tail, 1",7
MICA,MHC class I polypeptide-related sequence A,7
PC,pyruvate carboxylase,7
PIP,prolactin-induced protein,7
PRLR,prolactin receptor,7
S100A8,S100 calcium binding protein A8,7
S100A9,S100 calcium binding protein A9,7
STIP1,stress-induced-phosphoprotein 1,7
TLR9,toll-like receptor 9,7
VIP,vasoactive intestinal peptide,7
AIM2,absent in melanoma 2,6
ASL,argininosuccinate lyase,6
CD226,CD226 molecule,6
CPE,carboxypeptidase E,6
CTLA4,cytotoxic T-lymphocyte-associated protein 4,6
CYP2E1,"cytochrome P450, family 2, subfamily E, polypeptide 1",6
EGF,epidermal growth factor,6
FCGR2A,"Fc fragment of IgG, low affinity IIa, receptor (CD32)",6
GLS,glutaminase,6
IDO2,"indoleamine 2,3-dioxygenase 2",6
LBP,lipopolysaccharide binding protein,6
MEFV,Mediterranean fever,6
MMP3,"matrix metallopeptidase 3 (stromelysin 1, progelatinase)",6
NOS2,"nitric oxide synthase 2, inducible",6
PRCC,papillary renal cell carcinoma (translocation-associated),6
RORC,RAR-related orphan receptor C,6
TG,thyroglobulin,6
TNFRSF1B,"tumor necrosis factor receptor superfamily, member 1B",6
VDR,"vitamin D (1,25- dihydroxyvitamin D3) receptor",6
APC,adenomatous polyposis coli,5
CARD8,"caspase recruitment domain family, member 8",5
CCL20,chemokine (C-C motif) ligand 20,5
CCR4,chemokine (C-C motif) receptor 4,5
CD28,CD28 molecule,5
CPM,carboxypeptidase M,5
CXCR4,chemokine (C-X-C motif) receptor 4,5
CYP2A6,"cytochrome P450, family 2, subfamily A, polypeptide 6",5
FCGR3A,"Fc fragment of IgG, low affinity IIIa, receptor (CD16a)",5
FUT2,fucosyltransferase 2 (secretor status included),5
IL6,"interleukin 6 (interferon, beta 2)",5
IL10,interleukin 10,5
KLK8,kallikrein-related peptidase 8,5
LOX,lysyl oxidase,5
MCC,mutated in colorectal cancers,5
NNT,nicotinamide nucleotide transhydrogenase,5
NRP1,neuropilin 1,5
PDE4B,"phosphodiesterase 4B, cAMP-specific",5
S100A4,S100 calcium binding protein A4,5
SRM,spermidine synthase,5
CAPS,calcyphosine,4
CCL5,chemokine (C-C motif) ligand 5,4
CXCR2,chemokine (C-X-C motif) receptor 2,4
FAU,Finkel-Biskis-Reilly murine sarcoma virus (FBR-MuSV) ubiquitously expressed,4
IFI16,"interferon, gamma-inducible protein 16",4
MTHFR,methylenetetrahydrofolate reductase (NAD(P)H),4
PTH,parathyroid hormone,4
PTX3,"pentraxin 3, long",4
RNF114,ring finger protein 114,4
RUNX3,runt-related transcription factor 3,4
SRSF1,serine/arginine-rich splicing factor 1,4
STAT1,"signal transducer and activator of transcription 1, 91kDa",4
TLR3,toll-like receptor 3,4
TLR7,toll-like receptor 7,4
ATG16L1,autophagy related 16-like 1 (S. cerevisiae),3
BAMBI,BMP and activin membrane-bound inhibitor homolog (Xenopus laevis),3
CCL3,chemokine (C-C motif) ligand 3,3
CCL4,chemokine (C-C motif) ligand 4,3
CCS,copper chaperone for superoxide dismutase,3
CD5L,CD5 molecule-like,3
CD14,CD14 molecule,3
CD47,CD47 molecule,3
CIC,capicua transcriptional repressor,3
CXCL1,"chemokine (C-X-C motif) ligand 1 (melanoma growth stimulating activity, alpha)",3
CXCL16,chemokine (C-X-C motif) ligand 16,3
CXCR5,chemokine (C-X-C motif) receptor 5,3
CXCR6,chemokine (C-X-C motif) receptor 6,3
F3,"coagulation factor III (thromboplastin, tissue factor)",3
GJB2,"gap junction protein, beta 2, 26kDa",3
GK,glycerol kinase,3
GNLY,granulysin,3
GSTT1,glutathione S-transferase theta 1,3
IL8,interleukin 8,3
IL17C,interleukin 17C,3
IL22,interleukin 22,3
IPMK,inositol polyphosphate multikinase,3
ITGB5,"integrin, beta 5",3
LCE3B,late cornified envelope 3B,3
LCE3C,late cornified envelope 3C,3
METRNL,"meteorin, glial cell differentiation regulator-like",3
MIP,major intrinsic protein of lens fiber,3
MMP2,"matrix metallopeptidase 2 (gelatinase A, 72kDa gelatinase, 72kDa type IV collagenase)",3
MPO,myeloperoxidase,3
PDCD1,programmed cell death 1,3
PON1,paraoxonase 1,3
POSTN,"periostin, osteoblast specific factor",3
PTTG1,pituitary tumor-transforming 1,3
TBX21,T-box 21,3
TNFSF15,"tumor necrosis factor (ligand) superfamily, member 15",3
ZAP70,zeta-chain (TCR) associated protein kinase 70kDa,3
ABCB1,"ATP-binding cassette, sub-family B (MDR/TAP), member 1",2
ABCG2,"ATP-binding cassette, sub-family G (WHITE), member 2",2
ADAMTSL5,ADAMTS-like 5,2
ARC,activity-regulated cytoskeleton-associated protein,2
BNIP3L,BCL2/adenovirus E1B 19kDa interacting protein 3-like,2
BRD2,bromodomain containing 2,2
CAD,"carbamoyl-phosphate synthetase 2, aspartate transcarbamylase, and dihydroorotase",2
CASP5,"caspase 5, apoptosis-related cysteine peptidase",2
CBS,cystathionine-beta-synthase,2
CCL2,chemokine (C-C motif) ligand 2,2
CCL3L1,chemokine (C-C motif) ligand 3-like 1,2
CD69,CD69 molecule,2
CD70,CD70 molecule,2
CD80,CD80 molecule,2
CD163,CD163 molecule,2
CEL,carboxyl ester lipase,2
COG6,component of oligomeric golgi complex 6,2
CTSK,cathepsin K,2
CYP1A2,"cytochrome P450, family 1, subfamily A, polypeptide 2",2
CYP2C19,"cytochrome P450, family 2, subfamily C, polypeptide 19",2
CYP3A4,"cytochrome P450, family 3, subfamily A, polypeptide 4",2
DLX3,distal-less homeobox 3,2
DUSP10,dual specificity phosphatase 10,2
EBI3,Epstein-Barr virus induced 3,2
EGFR,epidermal growth factor receptor,2
EMD,emerin,2
GSTM1,glutathione S-transferase mu 1,2
HLA-DRA,"major histocompatibility complex, class II, DR alpha",2
HLA-E,"major histocompatibility complex, class I, E",2
HP,haptoglobin,2
ICOS,inducible T-cell co-stimulator,2
IL1B,"interleukin 1, beta",2
IL20RA,"interleukin 20 receptor, alpha",2
IL36G,"interleukin 36, gamma",2
JAM2,junctional adhesion molecule 2,2
KLF4,Kruppel-like factor 4 (gut),2
KY,kyphoscoliosis peptidase,2
LAT,linker for activation of T cells,2
LCE3D,late cornified envelope 3D,2
LIMK2,LIM domain kinase 2,2
LOR,loricrin,2
MBP,myelin basic protein,2
MIA,melanoma inhibitory activity,2
MMP13,matrix metallopeptidase 13 (collagenase 3),2
MSC,musculin,2
NCOA5,nuclear receptor coactivator 5,2
NFKB1,nuclear factor of kappa light polypeptide gene enhancer in B-cells 1,2
NFKBIZ,"nuclear factor of kappa light polypeptide gene enhancer in B-cells inhibitor, zeta",2
NMS,neuromedin S,2
OTC,ornithine carbamoyltransferase,2
PIAS3,"protein inhibitor of activated STAT, 3",2
PLCL2,phospholipase C-like 2,2
PSD,pleckstrin and Sec7 domain containing,2
PSTPIP1,proline-serine-threonine phosphatase interacting protein 1,2
ROCK1,"Rho-associated, coiled-coil containing protein kinase 1",2
RUNX1,runt-related transcription factor 1,2
SDS,serine dehydratase,2
SERPINB8,"serpin peptidase inhibitor, clade B (ovalbumin), member 8",2
SMARCA4,"SWI/SNF related, matrix associated, actin dependent regulator of chromatin, subfamily a, member 4",2
SOCS3,suppressor of cytokine signaling 3,2
SPR,"sepiapterin reductase (7,8-dihydrobiopterin:NADP+ oxidoreductase)",2
SRR,serine racemase,2
TH,tyrosine hydroxylase,2
TIMP1,TIMP metallopeptidase inhibitor 1,2
TLR6,toll-like receptor 6,2
TSC1,tuberous sclerosis 1,2
ABO,"ABO blood group (transferase A, alpha 1-3-N-acetylgalactosaminyltransferase; transferase B, alpha 1-3-galactosyltransferase)",1
ADM,adrenomedullin,1
AFF3,"AF4/FMR2 family, member 3",1
AGK,acylglycerol kinase,1
AKT1,v-akt murine thymoma viral oncogene homolog 1,1
ANG,"angiogenin, ribonuclease, RNase A family, 5",1
ANKRD55,ankyrin repeat domain 55,1
APOD,apolipoprotein D,1
BCL2L1,BCL2-like 1,1
BMPR2,"bone morphogenetic protein receptor, type II (serine/threonine kinase)",1
BNIP3,BCL2/adenovirus E1B 19kDa interacting protein 3,1
BRAF,v-raf murine sarcoma viral oncogene homolog B1,1
BRD3,bromodomain containing 3,1
BRD4,bromodomain containing 4,1
C1QL1,"complement component 1, q subcomponent-like 1",1
C5,complement component 5,1
CARD9,"caspase recruitment domain family, member 9",1
CCDC22,coiled-coil domain containing 22,1
CCHCR1,coiled-coil alpha-helical rod protein 1,1
CCL1,chemokine (C-C motif) ligand 1,1
CCL4L1,chemokine (C-C motif) ligand 4-like 1,1
CCL18,chemokine (C-C motif) ligand 18 (pulmonary and activation-regulated),1
CCR2,chemokine (C-C motif) receptor 2,1
CD19,CD19 molecule,1
CD22,CD22 molecule,1
CD44,CD44 molecule (Indian blood group),1
CD55,"CD55 molecule, decay accelerating factor for complement (Cromer blood group)",1
CD84,CD84 molecule,1
CD209,CD209 molecule,1
CD248,"CD248 molecule, endosialin",1
CDH1,"cadherin 1, type 1, E-cadherin (epithelial)",1
CDKN2B,"cyclin-dependent kinase inhibitor 2B (p15, inhibits CDK4)",1
CMTM1,CKLF-like MARVEL transmembrane domain containing 1,1
CMTM2,CKLF-like MARVEL transmembrane domain containing 2,1
CMTM3,CKLF-like MARVEL transmembrane domain containing 3,1
CMTM4,CKLF-like MARVEL transmembrane domain containing 4,1
CMTM5,CKLF-like MARVEL transmembrane domain containing 5,1
CMTM6,CKLF-like MARVEL transmembrane domain containing 6,1
COL1A1,"collagen, type I, alpha 1",1
CRH,corticotropin releasing hormone,1
CSK,c-src tyrosine kinase,1
CSMD1,CUB and Sushi multiple domains 1,1
CTNNAL1,"catenin (cadherin-associated protein), alpha-like 1",1
CXCL2,chemokine (C-X-C motif) ligand 2,1
CXCL5,chemokine (C-X-C motif) ligand 5,1
CYP7A1,"cytochrome P450, family 7, subfamily A, polypeptide 1",1
CYP11A1,"cytochrome P450, family 11, subfamily A, polypeptide 1",1
CYP11B1,"cytochrome P450, family 11, subfamily B, polypeptide 1",1
CYP17A1,"cytochrome P450, family 17, subfamily A, polypeptide 1",1
CYP21A2,"cytochrome P450, family 21, subfamily A, polypeptide 2",1
DMPK,dystrophia myotonica-protein kinase,1
DOCK5,dedicator of cytokinesis 5,1
DR1,"down-regulator of transcription 1, TBP-binding (negative cofactor 2)",1
ELF5,E74-like factor 5 (ets domain transcription factor),1
EPO,erythropoietin,1
FGB,fibrinogen beta chain,1
FH,fumarate hydratase,1
FLT3,fms-related tyrosine kinase 3,1
FUT8,"fucosyltransferase 8 (alpha (1,6) fucosyltransferase)",1
GCA,"grancalcin, EF-hand calcium binding protein",1
GDA,guanine deaminase,1
GSDMB,gasdermin B,1
HGD,"homogentisate 1,2-dioxygenase",1
HGF,hepatocyte growth factor (hepapoietin A; scatter factor),1
HLA-DRB5,"major histocompatibility complex, class II, DR beta 5",1
HMGB1,high mobility group box 1,1
ICOSLG,inducible T-cell co-stimulator ligand,1
IFNG,"interferon, gamma",1
IHH,indian hedgehog,1
IL1R1,"interleukin 1 receptor, type I",1
IL1R2,"interleukin 1 receptor, type II",1
IL2,interleukin 2,1
IL3,"interleukin 3 (colony-stimulating factor, multiple)",1
IL4,interleukin 4,1
IL7,interleukin 7,1
IL12RB2,"interleukin 12 receptor, beta 2",1
IL17B,interleukin 17B,1
IL17RB,interleukin 17 receptor B,1
IL18RAP,interleukin 18 receptor accessory protein,1
IL22RA1,"interleukin 22 receptor, alpha 1",1
IL26,interleukin 26,1
IL33,interleukin 33,1
IRF3,interferon regulatory factor 3,1
IRF5,interferon regulatory factor 5,1
IRGM,"immunity-related GTPase family, M",1
JAM3,junctional adhesion molecule 3,1
KIF5A,kinesin family member 5A,1
KL,klotho,1
KLK6,kallikrein-related peptidase 6,1
KYNU,kynureninase,1
LAMB1,"laminin, beta 1",1
LPIN2,lipin 2,1
LRRK2,leucine-rich repeat kinase 2,1
LTA4H,leukotriene A4 hydrolase,1
MAF,v-maf musculoaponeurotic fibrosarcoma oncogene homolog (avian),1
MARCKS,myristoylated alanine-rich protein kinase C substrate,1
MARS,methionyl-tRNA synthetase,1
MCAM,melanoma cell adhesion molecule,1
MINA,MYC induced nuclear antigen,1
MMP8,matrix metallopeptidase 8 (neutrophil collagenase),1
MMP9,"matrix metallopeptidase 9 (gelatinase B, 92kDa gelatinase, 92kDa type IV collagenase)",1
MMP10,matrix metallopeptidase 10 (stromelysin 2),1
MMP12,matrix metallopeptidase 12 (macrophage elastase),1
MOS,v-mos Moloney murine sarcoma viral oncogene homolog,1
MTOR,mechanistic target of rapamycin (serine/threonine kinase),1
MVK,mevalonate kinase,1
NCF1,neutrophil cytosolic factor 1,1
NGFR,nerve growth factor receptor,1
NLRP1,"NLR family, pyrin domain containing 1",1
NLRP12,"NLR family, pyrin domain containing 12",1
NOD1,nucleotide-binding oligomerization domain containing 1,1
NRM,nurim (nuclear envelope membrane protein),1
OAS2,"2'-5'-oligoadenylate synthetase 2, 69/71kDa",1
ORMDL3,ORM1-like 3 (S. cerevisiae),1
OSBPL5,oxysterol binding protein-like 5,1
PARK2,"parkinson protein 2, E3 ubiquitin protein ligase (parkin)",1
PCOLCE,procollagen C-endopeptidase enhancer,1
PDE4D,"phosphodiesterase 4D, cAMP-specific",1
PI3,"peptidase inhibitor 3, skin-derived",1
PIGF,"phosphatidylinositol glycan anchor biosynthesis, class F",1
PLA2G4D,"phospholipase A2, group IVD (cytosolic)",1
PLG,plasminogen,1
PPP2R2D,"protein phosphatase 2, regulatory subunit B, delta",1
PRDM1,"PR domain containing 1, with ZNF domain",1
PSMA6,"proteasome (prosome, macropain) subunit, alpha type, 6",1
PSMB8,"proteasome (prosome, macropain) subunit, beta type, 8",1
PTPRN2,"protein tyrosine phosphatase, receptor type, N polypeptide 2",1
RIPK2,receptor-interacting serine-threonine kinase 2,1
RIPK3,receptor-interacting serine-threonine kinase 3,1
RNF39,ring finger protein 39,1
SERPINB3,"serpin peptidase inhibitor, clade B (ovalbumin), member 3",1
SMAD3,SMAD family member 3,1
SOCS1,suppressor of cytokine signaling 1,1
SPAST,spastin,1
ST5,suppression of tumorigenicity 5,1
SYNGR1,synaptogyrin 1,1
TGFB1,"transforming growth factor, beta 1",1
TGFBR1,"transforming growth factor, beta receptor 1",1
TIMP2,TIMP metallopeptidase inhibitor 2,1
TIMP4,TIMP metallopeptidase inhibitor 4,1
TIRAP,toll-interleukin 1 receptor (TIR) domain containing adaptor protein,1
TLR8,toll-like receptor 8,1
TRB,T cell receptor beta locus,1
TRPA1,"transient receptor potential cation channel, subfamily A, member 1",1
WAC,WW domain containing adaptor with coiled-coil,1
WNT3A,"wingless-type MMTV integration site family, member 3A",1
ZNF626,zinc finger protein 626,1
