Gene_symbol,   Genes,Freq
T,"T, brachyury homolog (mouse)",813
CRP,"C-reactive protein, pentraxin-related",178
TNF,tumor necrosis factor,177
TPMT,thiopurine S-methyltransferase,122
NOD2,nucleotide-binding oligomerization domain containing 2,105
NHS,Nance-Horan syndrome (congenital cataracts and dental anomalies),83
ADA,adenosine deaminase,67
MSC,musculin,65
VDR,"vitamin D (1,25- dihydroxyvitamin D3) receptor",65
S100A12,S100 calcium binding protein A12,59
NLRP3,"NLR family, pyrin domain containing 3",56
TLR4,toll-like receptor 4,55
IL10,interleukin 10,48
HR,hair growth associated,47
ATG16L1,autophagy related 16-like 1 (S. cerevisiae),44
TST,thiosulfate sulfurtransferase (rhodanese),42
PTPN2,"protein tyrosine phosphatase, non-receptor type 2",40
STAT3,signal transducer and activator of transcription 3 (acute-phase response factor),38
AIP,aryl hydrocarbon receptor interacting protein,37
MPO,myeloperoxidase,35
CS,citrate synthase,34
LOR,loricrin,34
CDX2,caudal type homeobox 2,31
CD4,CD4 molecule,30
GC,group-specific component (vitamin D binding protein),29
IL23R,interleukin 23 receptor,28
TLR2,toll-like receptor 2,27
IL10RA,"interleukin 10 receptor, alpha",25
ITPA,inosine triphosphatase (nucleoside triphosphate pyrophosphatase),25
XIAP,X-linked inhibitor of apoptosis,24
CARD9,"caspase recruitment domain family, member 9",23
OSM,oncostatin M,23
TP53,tumor protein p53,23
IL12B,"interleukin 12B (natural killer cell stimulatory factor 2, cytotoxic lymphocyte maturation factor 2, p40)",21
KRAS,v-Ki-ras2 Kirsten rat sarcoma viral oncogene homolog,21
TLR5,toll-like receptor 5,20
IRGM,"immunity-related GTPase family, M",19
TFF3,trefoil factor 3 (intestinal),19
TLR9,toll-like receptor 9,19
VIP,vasoactive intestinal peptide,19
ADC,arginine decarboxylase,18
MLN,motilin,18
NUDT15,nudix (nucleoside diphosphate linked moiety X)-type motif 15,18
CUZD1,CUB and zona pellucida-like domains 1,16
PC,pyruvate carboxylase,16
CAD,"carbamoyl-phosphate synthetase 2, aspartate transcarbamylase, and dihydroorotase",15
HGD,"homogentisate 1,2-dioxygenase",15
HMGB1,high mobility group box 1,15
ANKZF1,ankyrin repeat and zinc finger domain containing 1,14
FOXP3,forkhead box P3,14
HGF,hepatocyte growth factor (hepapoietin A; scatter factor),14
CHI3L1,chitinase 3-like 1 (cartilage glycoprotein-39),13
CXCL12,chemokine (C-X-C motif) ligand 12,13
LRBA,"LPS-responsive vesicle trafficking, beach and anchor containing",13
TG,thyroglobulin,13
ABCB1,"ATP-binding cassette, sub-family B (MDR/TAP), member 1",12
ACD,adrenocortical dysplasia homolog (mouse),12
AGA,aspartylglucosaminidase,12
CCR9,chemokine (C-C motif) receptor 9,12
IL6,"interleukin 6 (interferon, beta 2)",12
IRF4,interferon regulatory factor 4,12
LTB,"lymphotoxin beta (TNF superfamily, member 3)",12
MB,myoglobin,12
MUC2,"mucin 2, oligomeric mucus/gel-forming",12
SDS,serine dehydratase,12
SI,sucrase-isomaltase (alpha-glucosidase),12
CXCR3,chemokine (C-X-C motif) receptor 3,11
CYP3A4,"cytochrome P450, family 3, subfamily A, polypeptide 4",11
GDNF,glial cell derived neurotrophic factor,11
HP,haptoglobin,11
MTHFR,methylenetetrahydrofolate reductase (NAD(P)H),11
NKX2-3,NK2 homeobox 3,11
SIRT1,sirtuin 1,11
TRAF6,"TNF receptor-associated factor 6, E3 ubiquitin protein ligase",11
TRPV1,"transient receptor potential cation channel, subfamily V, member 1",11
BID,BH3 interacting domain death agonist,10
CD163,CD163 molecule,10
CEACAM6,carcinoembryonic antigen-related cell adhesion molecule 6 (non-specific cross reacting antigen),10
CTLA4,cytotoxic T-lymphocyte-associated protein 4,10
IL8,interleukin 8,10
LCN2,lipocalin 2,10
MIF,macrophage migration inhibitory factor (glycosylation-inhibiting factor),10
VWF,von Willebrand factor,10
BSG,basigin (Ok blood group),9
CCR5,chemokine (C-C motif) receptor 5 (gene/pseudogene),9
CP,ceruloplasmin (ferroxidase),9
DLG5,"discs, large homolog 5 (Drosophila)",9
GSTT1,glutathione S-transferase theta 1,9
LRRK2,leucine-rich repeat kinase 2,9
TH,tyrosine hydroxylase,9
TLR1,toll-like receptor 1,9
AFP,alpha-fetoprotein,8
APC,adenomatous polyposis coli,8
BPI,bactericidal/permeability-increasing protein,8
BRAF,v-raf murine sarcoma viral oncogene homolog B1,8
CD14,CD14 molecule,8
CGA,"glycoprotein hormones, alpha polypeptide",8
ERAP1,endoplasmic reticulum aminopeptidase 1,8
ERF,Ets2 repressor factor,8
GK,glycerol kinase,8
IDO1,"indoleamine 2,3-dioxygenase 1",8
IL10RB,"interleukin 10 receptor, beta",8
IL11,interleukin 11,8
IL33,interleukin 33,8
IMPACT,impact RWD domain protein,8
KY,kyphoscoliosis peptidase,8
MEP1A,"meprin A, alpha (PABA peptide hydrolase)",8
NTM,neurotrimin,8
PTPN22,"protein tyrosine phosphatase, non-receptor type 22 (lymphoid)",8
PTS,6-pyruvoyltetrahydropterin synthase,8
TFPI,tissue factor pathway inhibitor (lipoprotein-associated coagulation inhibitor),8
TNFSF15,"tumor necrosis factor (ligand) superfamily, member 15",8
TRAF3,TNF receptor-associated factor 3,8
TRAF5,TNF receptor-associated factor 5,8
ACE,angiotensin I converting enzyme (peptidyl-dipeptidase A) 1,7
ANXA2,annexin A2,7
CD99,CD99 molecule,7
CIC,capicua transcriptional repressor,7
CXCR4,chemokine (C-X-C motif) receptor 4,7
CXCR7,chemokine (C-X-C motif) receptor 7,7
GCA,"grancalcin, EF-hand calcium binding protein",7
IL22,interleukin 22,7
IRF5,interferon regulatory factor 5,7
KRT1,keratin 1,7
NPY,neuropeptide Y,7
SCD,stearoyl-CoA desaturase (delta-9-desaturase),7
TRAF4,TNF receptor-associated factor 4,7
TSLP,thymic stromal lymphopoietin,7
TSPO,translocator protein (18kDa),7
UBD,ubiquitin D,7
WISP1,WNT1 inducible signaling pathway protein 1,7
BACH2,"BTB and CNC homology 1, basic leucine zipper transcription factor 2",6
CCL2,chemokine (C-C motif) ligand 2,6
CCR6,chemokine (C-C motif) receptor 6,6
CEACAM1,carcinoembryonic antigen-related cell adhesion molecule 1 (biliary glycoprotein),6
CXCL9,chemokine (C-X-C motif) ligand 9,6
CXCL11,chemokine (C-X-C motif) ligand 11,6
EED,embryonic ectoderm development,6
EMD,emerin,6
EPX,eosinophil peroxidase,6
ESD,esterase D,6
FOS,FBJ murine osteosarcoma viral oncogene homolog,6
FUT3,"fucosyltransferase 3 (galactoside 3(4)-L-fucosyltransferase, Lewis blood group)",6
GUCY2C,guanylate cyclase 2C (heat stable enterotoxin receptor),6
HMOX1,heme oxygenase (decycling) 1,6
HYAL2,hyaluronoglucosaminidase 2,6
JAK2,Janus kinase 2,6
LST1,leukocyte specific transcript 1,6
MICA,MHC class I polypeptide-related sequence A,6
MMP13,matrix metallopeptidase 13 (collagenase 3),6
MSN,moesin,6
NAT2,N-acetyltransferase 2 (arylamine N-acetyltransferase),6
NRG4,neuregulin 4,6
ORMDL3,ORM1-like 3 (S. cerevisiae),6
PTGER4,prostaglandin E receptor 4 (subtype EP4),6
SFRP2,secreted frizzled-related protein 2,6
STAT1,"signal transducer and activator of transcription 1, 91kDa",6
STH,saitohin,6
TNFAIP3,"tumor necrosis factor, alpha-induced protein 3",6
TRIM21,tripartite motif containing 21,6
XBP1,X-box binding protein 1,6
CCL20,chemokine (C-C motif) ligand 20,5
CD6,CD6 molecule,5
CD200R1,CD200 receptor 1,5
CLDN8,claudin 8,5
CPM,carboxypeptidase M,5
CXCL1,"chemokine (C-X-C motif) ligand 1 (melanoma growth stimulating activity, alpha)",5
CXCL5,chemokine (C-X-C motif) ligand 5,5
CXCL10,chemokine (C-X-C motif) ligand 10,5
CYP2D6,"cytochrome P450, family 2, subfamily D, polypeptide 6",5
DSG2,desmoglein 2,5
ECM1,extracellular matrix protein 1,5
FGL2,fibrinogen-like 2,5
FUT2,fucosyltransferase 2 (secretor status included),5
GSC,goosecoid homeobox,5
GSTM1,glutathione S-transferase mu 1,5
HNF4A,"hepatocyte nuclear factor 4, alpha",5
IDH1,"isocitrate dehydrogenase 1 (NADP+), soluble",5
IL1B,"interleukin 1, beta",5
IL2RA,"interleukin 2 receptor, alpha",5
IL2RB,"interleukin 2 receptor, beta",5
IL17A,interleukin 17A,5
MET,met proto-oncogene (hepatocyte growth factor receptor),5
MGAT3,"mannosyl (beta-1,4-)-glycoprotein beta-1,4-N-acetylglucosaminyltransferase",5
MMP3,"matrix metallopeptidase 3 (stromelysin 1, progelatinase)",5
MMP10,matrix metallopeptidase 10 (stromelysin 2),5
MMP12,matrix metallopeptidase 12 (macrophage elastase),5
MST1,macrophage stimulating 1 (hepatocyte growth factor-like),5
PDZK1,PDZ domain containing 1,5
PNP,purine nucleoside phosphorylase,5
SFRP1,secreted frizzled-related protein 1,5
SLC22A4,"solute carrier family 22 (organic cation/ergothioneine transporter), member 4",5
SNX10,sorting nexin 10,5
STC2,stanniocalcin 2,5
TFF1,trefoil factor 1,5
TFF2,trefoil factor 2,5
TGFB1,"transforming growth factor, beta 1",5
TLR6,toll-like receptor 6,5
TNFAIP6,"tumor necrosis factor, alpha-induced protein 6",5
AGT,"angiotensinogen (serpin peptidase inhibitor, clade A, member 8)",4
ALCAM,activated leukocyte cell adhesion molecule,4
B2M,beta-2-microglobulin,4
CD27,CD27 molecule,4
CD86,CD86 molecule,4
CNR2,cannabinoid receptor 2 (macrophage),4
COPE,"coatomer protein complex, subunit epsilon",4
CSF1,colony stimulating factor 1 (macrophage),4
EIF2AK2,eukaryotic translation initiation factor 2-alpha kinase 2,4
EPHX2,"epoxide hydrolase 2, cytoplasmic",4
EPO,erythropoietin,4
F3,"coagulation factor III (thromboplastin, tissue factor)",4
FAM84A,"family with sequence similarity 84, member A",4
GLI1,GLI family zinc finger 1,4
GMPS,guanine monphosphate synthetase,4
GSDMB,gasdermin B,4
HDAC4,histone deacetylase 4,4
IFNG,"interferon, gamma",4
IL13RA2,"interleukin 13 receptor, alpha 2",4
IL17F,interleukin 17F,4
IL18,interleukin 18 (interferon-gamma-inducing factor),4
IL21,interleukin 21,4
IL23A,"interleukin 23, alpha subunit p19",4
IL34,interleukin 34,4
MAZ,MYC-associated zinc finger protein (purine-binding transcription factor),4
MEFV,Mediterranean fever,4
MGMT,O-6-methylguanine-DNA methyltransferase,4
MUC5AC,"mucin 5AC, oligomeric mucus/gel-forming",4
MUC6,"mucin 6, oligomeric mucus/gel-forming",4
NOD1,nucleotide-binding oligomerization domain containing 1,4
NQO1,"NAD(P)H dehydrogenase, quinone 1",4
PCNA,proliferating cell nuclear antigen,4
PIP,prolactin-induced protein,4
PSMG1,"proteasome (prosome, macropain) assembly chaperone 1",4
REG1A,regenerating islet-derived 1 alpha,4
S100A4,S100 calcium binding protein A4,4
SATB2,SATB homeobox 2,4
SCT,secretin,4
SLC2A14,"solute carrier family 2 (facilitated glucose transporter), member 14",4
SMAD7,SMAD family member 7,4
SP140,SP140 nuclear body protein,4
TEC,tec protein tyrosine kinase,4
TNFRSF1B,"tumor necrosis factor receptor superfamily, member 1B",4
TNK1,"tyrosine kinase, non-receptor, 1",4
TRAF2,TNF receptor-associated factor 2,4
TREM1,triggering receptor expressed on myeloid cells 1,4
TRPV4,"transient receptor potential cation channel, subfamily V, member 4",4
WAS,Wiskott-Aldrich syndrome,4
ZNF365,zinc finger protein 365,4
ACTB,"actin, beta",3
ADAMTS13,"ADAM metallopeptidase with thrombospondin type 1 motif, 13",3
AHR,aryl hydrocarbon receptor,3
ANPEP,alanyl (membrane) aminopeptidase,3
AQP5,aquaporin 5,3
ATF6,activating transcription factor 6,3
BMP3,bone morphogenetic protein 3,3
CARD8,"caspase recruitment domain family, member 8",3
CAST,calpastatin,3
CCL25,chemokine (C-C motif) ligand 25,3
CD40,"CD40 molecule, TNF receptor superfamily member 5",3
CD70,CD70 molecule,3
CD80,CD80 molecule,3
CD200,CD200 molecule,3
CDK2,cyclin-dependent kinase 2,3
CNR1,cannabinoid receptor 1 (brain),3
CRH,corticotropin releasing hormone,3
CTRL,chymotrypsin-like,3
CXCL2,chemokine (C-X-C motif) ligand 2,3
CXCR2,chemokine (C-X-C motif) receptor 2,3
DEFB1,"defensin, beta 1",3
EBP,emopamil binding protein (sterol isomerase),3
EPCAM,epithelial cell adhesion molecule,3
ESRP1,epithelial splicing regulatory protein 1,3
FAP,"fibroblast activation protein, alpha",3
FH,fumarate hydratase,3
GAPDH,glyceraldehyde-3-phosphate dehydrogenase,3
GSDMD,gasdermin D,3
GUCA2A,guanylate cyclase activator 2A (guanylin),3
HGS,hepatocyte growth factor-regulated tyrosine kinase substrate,3
HK1,hexokinase 1,3
HLA-C,"major histocompatibility complex, class I, C",3
HSPA5,"heat shock 70kDa protein 5 (glucose-regulated protein, 78kDa)",3
ICAM1,intercellular adhesion molecule 1,3
IL2,interleukin 2,3
IL6ST,"interleukin 6 signal transducer (gp130, oncostatin M receptor)",3
IPO8,importin 8,3
MARS,methionyl-tRNA synthetase,3
MLH1,"mutL homolog 1, colon cancer, nonpolyposis type 2 (E. coli)",3
MLKL,mixed lineage kinase domain-like,3
MUC1,"mucin 1, cell surface associated",3
MZF1,myeloid zinc finger 1,3
NLRX1,NLR family member X1,3
NR1H4,"nuclear receptor subfamily 1, group H, member 4",3
NR1I2,"nuclear receptor subfamily 1, group I, member 2",3
NRAS,neuroblastoma RAS viral (v-ras) oncogene homolog,3
NTSR1,neurotensin receptor 1 (high affinity),3
PYY,peptide YY,3
REG1B,regenerating islet-derived 1 beta,3
REG4,"regenerating islet-derived family, member 4",3
RNF20,"ring finger protein 20, E3 ubiquitin protein ligase",3
SLC9A3,"solute carrier family 9, subfamily A (NHE3, cation proton antiporter 3), member 3",3
SOCS1,suppressor of cytokine signaling 1,3
SOCS3,suppressor of cytokine signaling 3,3
SOD2,"superoxide dismutase 2, mitochondrial",3
STAT4,signal transducer and activator of transcription 4,3
STK31,serine/threonine kinase 31,3
TBP,TATA box binding protein,3
TNFRSF11B,"tumor necrosis factor receptor superfamily, member 11b",3
TNFRSF13B,"tumor necrosis factor receptor superfamily, member 13B",3
TNFRSF13C,"tumor necrosis factor receptor superfamily, member 13C",3
UBC,ubiquitin C,3
VEGFA,vascular endothelial growth factor A,3
ABCG2,"ATP-binding cassette, sub-family G (WHITE), member 2",2
ABO,"ABO blood group (transferase A, alpha 1-3-N-acetylgalactosaminyltransferase; transferase B, alpha 1-3-galactosyltransferase)",2
AQP1,aquaporin 1 (Colton blood group),2
AQP3,aquaporin 3 (Gill blood group),2
AQP8,aquaporin 8,2
AQP9,aquaporin 9,2
ARNTL2,aryl hydrocarbon receptor nuclear translocator-like 2,2
ATG5,autophagy related 5,2
AVP,arginine vasopressin,2
BLM,"Bloom syndrome, RecQ helicase-like",2
BMP2,bone morphogenetic protein 2,2
CASP1,"caspase 1, apoptosis-related cysteine peptidase",2
CCR1,chemokine (C-C motif) receptor 1,2
CCR2,chemokine (C-C motif) receptor 2,2
CCR3,chemokine (C-C motif) receptor 3,2
CCS,copper chaperone for superoxide dismutase,2
CD19,CD19 molecule,2
CD38,CD38 molecule,2
CD44,CD44 molecule (Indian blood group),2
CD69,CD69 molecule,2
CFP,complement factor properdin,2
CHL1,cell adhesion molecule with homology to L1CAM (close homolog of L1),2
CPE,carboxypeptidase E,2
CXCL6,chemokine (C-X-C motif) ligand 6,2
CXCR1,chemokine (C-X-C motif) receptor 1,2
CYP3A5,"cytochrome P450, family 3, subfamily A, polypeptide 5",2
CYP27B1,"cytochrome P450, family 27, subfamily B, polypeptide 1",2
DAO,D-amino-acid oxidase,2
DMBT1,deleted in malignant brain tumors 1,2
EDA,ectodysplasin A,2
EGF,epidermal growth factor,2
ELOVL7,ELOVL fatty acid elongase 7,2
ERAP2,endoplasmic reticulum aminopeptidase 2,2
EYA4,eyes absent homolog 4 (Drosophila),2
F7,coagulation factor VII (serum prothrombin conversion accelerator),2
FAM92A1,"family with sequence similarity 92, member A1",2
FAM96A,"family with sequence similarity 96, member A",2
FGF19,fibroblast growth factor 19,2
FGF23,fibroblast growth factor 23,2
FST,follistatin,2
GATA3,GATA binding protein 3,2
GP2,glycoprotein 2 (zymogen granule membrane),2
GPR137,G protein-coupled receptor 137,2
GSTO1,glutathione S-transferase omega 1,2
GUCA2B,guanylate cyclase activator 2B (uroguanylin),2
HLA-DRB1,"major histocompatibility complex, class II, DR beta 1",2
IGFBP3,insulin-like growth factor binding protein 3,2
IGFBP5,insulin-like growth factor binding protein 5,2
IL4,interleukin 4,2
IL26,interleukin 26,2
IRF8,interferon regulatory factor 8,2
ISPD,isoprenoid synthase domain containing,2
ITK,IL2-inducible T-cell kinase,2
JAK1,Janus kinase 1,2
JAK3,Janus kinase 3,2
KAT2B,K(lysine) acetyltransferase 2B,2
KLF4,Kruppel-like factor 4 (gut),2
LIFR,leukemia inhibitory factor receptor alpha,2
LRP6,low density lipoprotein receptor-related protein 6,2
LY75,lymphocyte antigen 75,2
MAN2A1,"mannosidase, alpha, class 2A, member 1",2
MCC,mutated in colorectal cancers,2
MMP2,"matrix metallopeptidase 2 (gelatinase A, 72kDa gelatinase, 72kDa type IV collagenase)",2
MMP9,"matrix metallopeptidase 9 (gelatinase B, 92kDa gelatinase, 92kDa type IV collagenase)",2
MSH2,"mutS homolog 2, colon cancer, nonpolyposis type 1 (E. coli)",2
NCF4,"neutrophil cytosolic factor 4, 40kDa",2
NLRC4,"NLR family, CARD domain containing 4",2
NOS2,"nitric oxide synthase 2, inducible",2
OTC,ornithine carbamoyltransferase,2
PDIA4,"protein disulfide isomerase family A, member 4",2
PECAM1,platelet/endothelial cell adhesion molecule 1,2
PER3,period circadian clock 3,2
PIK3CA,"phosphatidylinositol-4,5-bisphosphate 3-kinase, catalytic subunit alpha",2
POR,P450 (cytochrome) oxidoreductase,2
PPIA,peptidylprolyl isomerase A (cyclophilin A),2
REG3A,regenerating islet-derived 3 alpha,2
RNF183,ring finger protein 183,2
RORA,RAR-related orphan receptor A,2
RORC,RAR-related orphan receptor C,2
RPLP0,"ribosomal protein, large, P0",2
RPS23,ribosomal protein S23,2
S100A8,S100 calcium binding protein A8,2
S100B,S100 calcium binding protein B,2
SAA1,serum amyloid A1,2
SDC3,syndecan 3,2
SEPP1,"selenoprotein P, plasma, 1",2
SEPT9,septin 9,2
SHH,sonic hedgehog,2
SLC22A5,"solute carrier family 22 (organic cation/carnitine transporter), member 5",2
SMS,spermine synthase,2
SNIP1,Smad nuclear interacting protein 1,2
STAT6,"signal transducer and activator of transcription 6, interleukin-4 induced",2
SULT1B1,"sulfotransferase family, cytosolic, 1B, member 1",2
SULT1E1,"sulfotransferase family 1E, estrogen-preferring, member 1",2
TF,transferrin,2
TMTC1,transmembrane and tetratricopeptide repeat containing 1,2
TRA,T cell receptor alpha locus,2
TRIM62,tripartite motif containing 62,2
TTC7A,tetratricopeptide repeat domain 7A,2
TTC37,tetratricopeptide repeat domain 37,2
VEGFC,vascular endothelial growth factor C,2
ABCA12,"ATP-binding cassette, sub-family A (ABC1), member 12",1
ABCC1,"ATP-binding cassette, sub-family C (CFTR/MRP), member 1",1
ABCC2,"ATP-binding cassette, sub-family C (CFTR/MRP), member 2",1
ABCC5,"ATP-binding cassette, sub-family C (CFTR/MRP), member 5",1
ACE2,angiotensin I converting enzyme (peptidyl-dipeptidase A) 2,1
ADAMDEC1,"ADAM-like, decysin 1",1
ADCY3,adenylate cyclase 3,1
ADCY7,adenylate cyclase 7,1
ADK,adenosine kinase,1
AIM2,absent in melanoma 2,1
ANO6,anoctamin 6,1
ANXA1,annexin A1,1
APOA1,apolipoprotein A-I,1
APOE,apolipoprotein E,1
AQP4,aquaporin 4,1
ARC,activity-regulated cytoskeleton-associated protein,1
ATF4,activating transcription factor 4 (tax-responsive enhancer element B67),1
ATG9A,autophagy related 9A,1
ATM,ataxia telangiectasia mutated,1
ATP7B,"ATPase, Cu++ transporting, beta polypeptide",1
AXIN2,axin 2,1
BDNF,brain-derived neurotrophic factor,1
BPIFB1,"BPI fold containing family B, member 1",1
C2,complement component 2,1
C3,complement component 3,1
C5,complement component 5,1
C11orf93,chromosome 11 open reading frame 93,1
CAPN10,calpain 10,1
CBS,cystathionine-beta-synthase,1
CCL5,chemokine (C-C motif) ligand 5,1
CCL21,chemokine (C-C motif) ligand 21,1
CCL23,chemokine (C-C motif) ligand 23,1
CCL28,chemokine (C-C motif) ligand 28,1
CCR7,chemokine (C-C motif) receptor 7,1
CD5,CD5 molecule,1
CD58,CD58 molecule,1
CD68,CD68 molecule,1
CD83,CD83 molecule,1
CD207,"CD207 molecule, langerin",1
CDC42,cell division cycle 42,1
CDH1,"cadherin 1, type 1, E-cadherin (epithelial)",1
CDK1,cyclin-dependent kinase 1,1
CEACAM5,carcinoembryonic antigen-related cell adhesion molecule 5,1
CH25H,cholesterol 25-hydroxylase,1
CKM,"creatine kinase, muscle",1
CLDN2,claudin 2,1
CLDN18,claudin 18,1
CMKLR1,chemokine-like receptor 1,1
COL6A1,"collagen, type VI, alpha 1",1
CR1,complement component (3b/4b) receptor 1 (Knops blood group),1
CRB3,crumbs homolog 3 (Drosophila),1
CRY1,cryptochrome 1 (photolyase-like),1
CSF1R,colony stimulating factor 1 receptor,1
CSF3,colony stimulating factor 3 (granulocyte),1
CSNK1E,"casein kinase 1, epsilon",1
CSNK2B,"casein kinase 2, beta polypeptide",1
CTGF,connective tissue growth factor,1
CTSD,cathepsin D,1
CTSS,cathepsin S,1
CUX1,cut-like homeobox 1,1
CX3CR1,chemokine (C-X3-C motif) receptor 1,1
CXCL3,chemokine (C-X-C motif) ligand 3,1
CXCL13,chemokine (C-X-C motif) ligand 13,1
CXCL14,chemokine (C-X-C motif) ligand 14,1
CXCR5,chemokine (C-X-C motif) receptor 5,1
CYBA,"cytochrome b-245, alpha polypeptide",1
CYBB,"cytochrome b-245, beta polypeptide",1
CYP2R1,"cytochrome P450, family 2, subfamily R, polypeptide 1",1
DBH,dopamine beta-hydroxylase (dopamine beta-monooxygenase),1
DHCR7,7-dehydrocholesterol reductase,1
DUOX2,dual oxidase 2,1
E2F1,E2F transcription factor 1,1
EDIL3,EGF-like repeats and discoidin I-like domains 3,1
EFS,embryonal Fyn-associated substrate,1
EGFR,epidermal growth factor receptor,1
ERAS,ES cell expressed Ras,1
ERBB2,"v-erb-b2 erythroblastic leukemia viral oncogene homolog 2, neuro/glioblastoma derived oncogene homolog (avian)",1
F8,"coagulation factor VIII, procoagulant component",1
FCGR2A,"Fc fragment of IgG, low affinity IIa, receptor (CD32)",1
FCGR3A,"Fc fragment of IgG, low affinity IIIa, receptor (CD16a)",1
FGF2,fibroblast growth factor 2 (basic),1
FMO3,flavin containing monooxygenase 3,1
FSTL5,follistatin-like 5,1
G6PC3,"glucose 6 phosphatase, catalytic, 3",1
GAA,"glucosidase, alpha; acid",1
GHR,growth hormone receptor,1
GPR35,G protein-coupled receptor 35,1
GPR55,G protein-coupled receptor 55,1
GPX1,glutathione peroxidase 1,1
GRB7,growth factor receptor-bound protein 7,1
GSDMA,gasdermin A,1
GSDMC,gasdermin C,1
GSTA4,glutathione S-transferase alpha 4,1
GUSB,"glucuronidase, beta",1
HAPLN1,hyaluronan and proteoglycan link protein 1,1
HDAC2,histone deacetylase 2,1
HDAC3,histone deacetylase 3,1
HDAC6,histone deacetylase 6,1
HDAC9,histone deacetylase 9,1
HDAC10,histone deacetylase 10,1
HLA-A,"major histocompatibility complex, class I, A",1
HLA-DRA,"major histocompatibility complex, class II, DR alpha",1
HMGCR,3-hydroxy-3-methylglutaryl-CoA reductase,1
HNF4G,"hepatocyte nuclear factor 4, gamma",1
HPRT1,hypoxanthine phosphoribosyltransferase 1,1
HSF1,heat shock transcription factor 1,1
HSF2,heat shock transcription factor 2,1
HSH2D,hematopoietic SH2 domain containing,1
HVCN1,hydrogen voltage-gated channel 1,1
IDH2,"isocitrate dehydrogenase 2 (NADP+), mitochondrial",1
IER3,immediate early response 3,1
IKZF1,IKAROS family zinc finger 1 (Ikaros),1
IKZF3,IKAROS family zinc finger 3 (Aiolos),1
IL1A,"interleukin 1, alpha",1
IL1RL1,interleukin 1 receptor-like 1,1
IL6R,interleukin 6 receptor,1
IL17C,interleukin 17C,1
ILF2,interleukin enhancer binding factor 2,1
IMP3,"IMP3, U3 small nucleolar ribonucleoprotein, homolog (yeast)",1
IMPDH1,IMP (inosine 5'-monophosphate) dehydrogenase 1,1
IMPDH2,IMP (inosine 5'-monophosphate) dehydrogenase 2,1
INPP5E,"inositol polyphosphate-5-phosphatase, 72 kDa",1
IPO13,importin 13,1
IRAK1,interleukin-1 receptor-associated kinase 1,1
IRF1,interferon regulatory factor 1,1
ITGAL,"integrin, alpha L (antigen CD11A (p180), lymphocyte function-associated antigen 1; alpha polypeptide)",1
ITGB3,"integrin, beta 3 (platelet glycoprotein IIIa, antigen CD61)",1
IVD,isovaleryl-CoA dehydrogenase,1
KL,klotho,1
KRT12,keratin 12,1
LACC1,laccase (multicopper oxidoreductase) domain containing 1,1
LAMB1,"laminin, beta 1",1
LAT,linker for activation of T cells,1
LPA,"lipoprotein, Lp(a)",1
LPL,lipoprotein lipase,1
LRRC3C,leucine rich repeat containing 3C,1
MADCAM1,mucosal vascular addressin cell adhesion molecule 1,1
MAEA,macrophage erythroblast attacher,1
MAPK3,mitogen-activated protein kinase 3,1
MECOM,MDS1 and EVI1 complex locus,1
MIEN1,migration and invasion enhancer 1,1
MMP1,matrix metallopeptidase 1 (interstitial collagenase),1
MMP7,"matrix metallopeptidase 7 (matrilysin, uterine)",1
MMP28,matrix metallopeptidase 28,1
MRPL19,mitochondrial ribosomal protein L19,1
MSH5,mutS homolog 5 (E. coli),1
MSH6,mutS homolog 6 (E. coli),1
MST1R,macrophage stimulating 1 receptor (c-met-related tyrosine kinase),1
MTMR3,myotubularin related protein 3,1
MUC5B,"mucin 5B, oligomeric mucus/gel-forming",1
MYC,v-myc myelocytomatosis viral oncogene homolog (avian),1
MYD88,myeloid differentiation primary response 88,1
MYO9B,myosin IXB,1
NCF1,neutrophil cytosolic factor 1,1
NCF2,neutrophil cytosolic factor 2,1
NDRG1,N-myc downstream regulated 1,1
NDRG4,NDRG family member 4,1
NLRP1,"NLR family, pyrin domain containing 1",1
NLRP6,"NLR family, pyrin domain containing 6",1
NNT,nicotinamide nucleotide transhydrogenase,1
NOTCH1,notch 1,1
NOTCH2,notch 2,1
NOX1,NADPH oxidase 1,1
NPAS2,neuronal PAS domain protein 2,1
NPC1,"Niemann-Pick disease, type C1",1
NPS,neuropeptide S,1
NR1D2,"nuclear receptor subfamily 1, group D, member 2",1
NUMB,numb homolog (Drosophila),1
NXPE1,"neurexophilin and PC-esterase domain family, member 1",1
OSMR,oncostatin M receptor,1
PDC,phosducin,1
PDX1,pancreatic and duodenal homeobox 1,1
PER1,period circadian clock 1,1
PGAP3,post-GPI attachment to proteins 3,1
PGC,progastricsin (pepsinogen C),1
PGK1,phosphoglycerate kinase 1,1
PGLYRP1,peptidoglycan recognition protein 1,1
PGLYRP2,peptidoglycan recognition protein 2,1
PGLYRP3,peptidoglycan recognition protein 3,1
PGLYRP4,peptidoglycan recognition protein 4,1
PHLDA1,"pleckstrin homology-like domain, family A, member 1",1
PIDD,p53-induced death domain protein,1
PIGF,"phosphatidylinositol glycan anchor biosynthesis, class F",1
PIK3R4,"phosphoinositide-3-kinase, regulatory subunit 4",1
PMS2,PMS2 postmeiotic segregation increased 2 (S. cerevisiae),1
PNN,"pinin, desmosome associated protein",1
POLE,"polymerase (DNA directed), epsilon, catalytic subunit",1
POU2AF1,POU class 2 associating factor 1,1
PPL,periplakin,1
PRDM1,"PR domain containing 1, with ZNF domain",1
PSMA7,"proteasome (prosome, macropain) subunit, alpha type, 7",1
PTEN,phosphatase and tensin homolog,1
PTH,parathyroid hormone,1
PUS10,pseudouridylate synthase 10,1
RCN1,"reticulocalbin 1, EF-hand calcium binding domain",1
RELA,v-rel reticuloendotheliosis viral oncogene homolog A (avian),1
RET,ret proto-oncogene,1
REXO2,"REX2, RNA exonuclease 2 homolog (S. cerevisiae)",1
RFK,riboflavin kinase,1
RNF186,ring finger protein 186,1
S1PR1,sphingosine-1-phosphate receptor 1,1
S1PR2,sphingosine-1-phosphate receptor 2,1
S100A9,S100 calcium binding protein A9,1
S100P,S100 calcium binding protein P,1
SAMD9L,sterile alpha motif domain containing 9-like,1
SDHA,"succinate dehydrogenase complex, subunit A, flavoprotein (Fp)",1
SFMBT1,Scm-like with four mbt domains 1,1
SFPQ,splicing factor proline/glutamine-rich,1
SFTPD,surfactant protein D,1
SKIV2L,superkiller viralicidic activity 2-like (S. cerevisiae),1
SLA,Src-like-adaptor,1
SLC2A5,"solute carrier family 2 (facilitated glucose/fructose transporter), member 5",1
SLC7A5,"solute carrier family 7 (amino acid transporter light chain, L system), member 5",1
SLC11A1,"solute carrier family 11 (proton-coupled divalent metal ion transporters), member 1",1
SLC22A23,"solute carrier family 22, member 23",1
SLC29A1,"solute carrier family 29 (nucleoside transporters), member 1",1
SLC52A1,"solute carrier family 52, riboflavin transporter, member 1",1
SLC52A3,"solute carrier family 52, riboflavin transporter, member 3",1
SLPI,secretory leukocyte peptidase inhibitor,1
SLU7,SLU7 splicing factor homolog (S. cerevisiae),1
SMAD3,SMAD family member 3,1
SNRPF,small nuclear ribonucleoprotein polypeptide F,1
SOCS2,suppressor of cytokine signaling 2,1
SOCS5,suppressor of cytokine signaling 5,1
SOX2,SRY (sex determining region Y)-box 2,1
SPINT2,"serine peptidase inhibitor, Kunitz type, 2",1
SPR,"sepiapterin reductase (7,8-dihydrobiopterin:NADP+ oxidoreductase)",1
STAR,steroidogenic acute regulatory protein,1
STAT5A,signal transducer and activator of transcription 5A,1
STIP1,stress-induced-phosphoprotein 1,1
TAP2,"transporter 2, ATP-binding cassette, sub-family B (MDR/TAP)",1
TBX21,T-box 21,1
TCF4,transcription factor 4,1
TEPP,"testis, prostate and placenta expressed",1
TFAM,"transcription factor A, mitochondrial",1
TGFA,"transforming growth factor, alpha",1
THY1,Thy-1 cell surface antigen,1
TIMP1,TIMP metallopeptidase inhibitor 1,1
TIMP3,TIMP metallopeptidase inhibitor 3,1
TIPIN,TIMELESS interacting protein,1
TLR3,toll-like receptor 3,1
TMEM45A,transmembrane protein 45A,1
TNFRSF1A,"tumor necrosis factor receptor superfamily, member 1A",1
TNFRSF6B,"tumor necrosis factor receptor superfamily, member 6b, decoy",1
TNFRSF14,"tumor necrosis factor receptor superfamily, member 14",1
TOLLIP,toll interacting protein,1
TRPA1,"transient receptor potential cation channel, subfamily A, member 1",1
TSR2,"TSR2, 20S rRNA accumulation, homolog (S. cerevisiae)",1
TYK2,tyrosine kinase 2,1
TYMS,thymidylate synthetase,1
UBA7,ubiquitin-like modifier activating enzyme 7,1
USP15,ubiquitin specific peptidase 15,1
UST,uronyl-2-sulfotransferase,1
VIM,vimentin,1
WNT2,wingless-type MMTV integration site family member 2,1
ZMIZ1,"zinc finger, MIZ-type containing 1",1
ZNF133,zinc finger protein 133,1
