Gene_symbol,   Genes,Freq
T,"T, brachyury homolog (mouse)",1312
TLR4,toll-like receptor 4,173
TLR2,toll-like receptor 2,109
TLR3,toll-like receptor 3,107
CD4,CD4 molecule,98
TLR9,toll-like receptor 9,87
NLRP3,"NLR family, pyrin domain containing 3",81
NOD2,nucleotide-binding oligomerization domain containing 2,73
CFTR,"cystic fibrosis transmembrane conductance regulator (ATP-binding cassette sub-family C, member 7)",71
STAT3,signal transducer and activator of transcription 3 (acute-phase response factor),60
STAT1,"signal transducer and activator of transcription 1, 91kDa",56
TLR7,toll-like receptor 7,55
TNF,tumor necrosis factor,54
C3,complement component 3,46
IRF3,interferon regulatory factor 3,46
CARD9,"caspase recruitment domain family, member 9",36
GC,group-specific component (vitamin D binding protein),33
NLRC4,"NLR family, CARD domain containing 4",32
SCD,stearoyl-CoA desaturase (delta-9-desaturase),32
ATG16L1,autophagy related 16-like 1 (S. cerevisiae),31
VDR,"vitamin D (1,25- dihydroxyvitamin D3) receptor",31
SAMHD1,SAM domain and HD domain 1,30
CD86,CD86 molecule,29
CD14,CD14 molecule,28
PTX3,"pentraxin 3, long",27
TRAF6,"TNF receptor-associated factor 6, E3 ubiquitin protein ligase",25
CD40,"CD40 molecule, TNF receptor superfamily member 5",21
IRAK4,interleukin-1 receptor-associated kinase 4,21
MBL2,"mannose-binding lectin (protein C) 2, soluble",21
TYK2,tyrosine kinase 2,21
TLR5,toll-like receptor 5,20
ICOS,inducible T-cell co-stimulator,19
MALT1,mucosa associated lymphoid tissue lymphoma translocation gene 1,19
TBK1,TANK-binding kinase 1,19
CCL2,chemokine (C-C motif) ligand 2,18
IRF7,interferon regulatory factor 7,18
MIA,melanoma inhibitory activity,18
APC,adenomatous polyposis coli,17
CS,citrate synthase,17
ISG15,ISG15 ubiquitin-like modifier,17
TLR1,toll-like receptor 1,17
AIM2,absent in melanoma 2,16
CP,ceruloplasmin (ferroxidase),16
CXCL1,"chemokine (C-X-C motif) ligand 1 (melanoma growth stimulating activity, alpha)",16
DMD,dystrophin,16
LRRK2,leucine-rich repeat kinase 2,16
NLRP7,"NLR family, pyrin domain containing 7",16
PRMT1,protein arginine methyltransferase 1,16
CAPS,calcyphosine,15
IRF1,interferon regulatory factor 1,15
NLRP12,"NLR family, pyrin domain containing 12",15
PML,promyelocytic leukemia,15
SOCS1,suppressor of cytokine signaling 1,15
GBA2,"glucosidase, beta (bile acid) 2",14
IFITM3,interferon induced transmembrane protein 3,14
PAH,phenylalanine hydroxylase,14
SIRT3,sirtuin 3,14
CCL5,chemokine (C-C motif) ligand 5,13
CD80,CD80 molecule,13
CFH,complement factor H,13
IL6,"interleukin 6 (interferon, beta 2)",13
LBP,lipopolysaccharide binding protein,13
NOD1,nucleotide-binding oligomerization domain containing 1,13
C5,complement component 5,12
CXCL10,chemokine (C-X-C motif) ligand 10,12
IL10,interleukin 10,12
IRGM,"immunity-related GTPase family, M",12
TNFAIP3,"tumor necrosis factor, alpha-induced protein 3",12
TSLP,thymic stromal lymphopoietin,12
EFTUD2,elongation factor Tu GTP binding domain containing 2,11
HLA-E,"major histocompatibility complex, class I, E",11
HR,hair growth associated,11
IFIH1,interferon induced with helicase C domain 1,11
MARCO,macrophage receptor with collagenous structure,11
MYD88,myeloid differentiation primary response 88,11
NHS,Nance-Horan syndrome (congenital cataracts and dental anomalies),11
WAS,Wiskott-Aldrich syndrome,11
CRP,"C-reactive protein, pentraxin-related",10
MPO,myeloperoxidase,10
NLRC5,"NLR family, CARD domain containing 5",10
TSC1,tuberous sclerosis 1,10
ATM,ataxia telangiectasia mutated,9
BTK,Bruton agammaglobulinemia tyrosine kinase,9
CD28,CD28 molecule,9
CD69,CD69 molecule,9
CXCL2,chemokine (C-X-C motif) ligand 2,9
CXCL9,chemokine (C-X-C motif) ligand 9,9
DOCK2,dedicator of cytokinesis 2,9
GBP5,guanylate binding protein 5,9
IRF8,interferon regulatory factor 8,9
MIF,macrophage migration inhibitory factor (glycosylation-inhibiting factor),9
PC,pyruvate carboxylase,9
TLR8,toll-like receptor 8,9
TREX1,three prime repair exonuclease 1,9
CD19,CD19 molecule,8
CD36,CD36 molecule (thrombospondin receptor),8
COPA,"coatomer protein complex, subunit alpha",8
CTLA4,cytotoxic T-lymphocyte-associated protein 4,8
JAK2,Janus kinase 2,8
ORAI1,ORAI calcium release-activated calcium modulator 1,8
S100A8,S100 calcium binding protein A8,8
STAT2,"signal transducer and activator of transcription 2, 113kDa",8
STAT4,signal transducer and activator of transcription 4,8
TNFAIP8L2,"tumor necrosis factor, alpha-induced protein 8-like 2",8
ADAR,"adenosine deaminase, RNA-specific",7
ARF6,ADP-ribosylation factor 6,7
BAK1,BCL2-antagonist/killer 1,7
BMF,Bcl2 modifying factor,7
BPIFA1,"BPI fold containing family A, member 1",7
CAMP,cathelicidin antimicrobial peptide,7
CCR2,chemokine (C-C motif) receptor 2,7
CD38,CD38 molecule,7
CD47,CD47 molecule,7
CD163,CD163 molecule,7
CMKLR1,chemokine-like receptor 1,7
CYBB,"cytochrome b-245, beta polypeptide",7
G6PD,glucose-6-phosphate dehydrogenase,7
HDAC6,histone deacetylase 6,7
HDAC7,histone deacetylase 7,7
IFNGR1,interferon gamma receptor 1,7
ITK,IL2-inducible T-cell kinase,7
JAK1,Janus kinase 1,7
MAVS,mitochondrial antiviral signaling protein,7
MUC2,"mucin 2, oligomeric mucus/gel-forming",7
NLRP1,"NLR family, pyrin domain containing 1",7
P2RX7,"purinergic receptor P2X, ligand-gated ion channel, 7",7
PTEN,phosphatase and tensin homolog,7
PTPMT1,"protein tyrosine phosphatase, mitochondrial 1",7
RIPK2,receptor-interacting serine-threonine kinase 2,7
SFN,stratifin,7
SIGIRR,single immunoglobulin and toll-interleukin 1 receptor (TIR) domain,7
SIRT5,sirtuin 5,7
SLC15A4,"solute carrier family 15, member 4",7
SRF,serum response factor (c-fos serum response element-binding transcription factor),7
TRPM8,"transient receptor potential cation channel, subfamily M, member 8",7
XBP1,X-box binding protein 1,7
APOL1,"apolipoprotein L, 1",6
C2,complement component 2,6
CARD11,"caspase recruitment domain family, member 11",6
CCL20,chemokine (C-C motif) ligand 20,6
CCL28,chemokine (C-C motif) ligand 28,6
CCR7,chemokine (C-C motif) receptor 7,6
CD34,CD34 molecule,6
CXCR3,chemokine (C-X-C motif) receptor 3,6
DOCK5,dedicator of cytokinesis 5,6
DOCK8,dedicator of cytokinesis 8,6
FGF23,fibroblast growth factor 23,6
FH,fumarate hydratase,6
HMGB1,high mobility group box 1,6
IRAK2,interleukin-1 receptor-associated kinase 2,6
IRF5,interferon regulatory factor 5,6
KDM6B,lysine (K)-specific demethylase 6B,6
MEFV,Mediterranean fever,6
MYSM1,"Myb-like, SWIRM and MPN domains 1",6
NPR1,natriuretic peptide receptor A/guanylate cyclase A (atrionatriuretic peptide receptor A),6
PINK1,PTEN induced putative kinase 1,6
PTPRE,"protein tyrosine phosphatase, receptor type, E",6
SOD2,"superoxide dismutase 2, mitochondrial",6
TLR6,toll-like receptor 6,6
TRIM41,tripartite motif containing 41,6
TRPC6,"transient receptor potential cation channel, subfamily C, member 6",6
TSPAN7,tetraspanin 7,6
TXNIP,thioredoxin interacting protein,6
ULK1,unc-51-like kinase 1 (C. elegans),6
AHR,aryl hydrocarbon receptor,5
AIRE,autoimmune regulator,5
ASL,argininosuccinate lyase,5
ATF3,activating transcription factor 3,5
ATP6V0C,"ATPase, H+ transporting, lysosomal 16kDa, V0 subunit c",5
BCL10,B-cell CLL/lymphoma 10,5
C6,complement component 6,5
CCR5,chemokine (C-C motif) receptor 5 (gene/pseudogene),5
CD44,CD44 molecule (Indian blood group),5
CD46,"CD46 molecule, complement regulatory protein",5
CD200,CD200 molecule,5
CD200R1,CD200 receptor 1,5
CXCL5,chemokine (C-X-C motif) ligand 5,5
CXCL12,chemokine (C-X-C motif) ligand 12,5
CXCL13,chemokine (C-X-C motif) ligand 13,5
CYLD,cylindromatosis (turban tumor syndrome),5
GDNF,glial cell derived neurotrophic factor,5
IFNGR2,interferon gamma receptor 2 (interferon gamma transducer 1),5
IL1B,"interleukin 1, beta",5
IL2,interleukin 2,5
IRAK1,interleukin-1 receptor-associated kinase 1,5
KPNA3,karyopherin alpha 3 (importin alpha 4),5
KPNA4,karyopherin alpha 4 (importin alpha 3),5
KY,kyphoscoliosis peptidase,5
MTOR,mechanistic target of rapamycin (serine/threonine kinase),5
MYB,v-myb myeloblastosis viral oncogene homolog (avian),5
NAP1L1,nucleosome assembly protein 1-like 1,5
NCF4,"neutrophil cytosolic factor 4, 40kDa",5
NMT1,N-myristoyltransferase 1,5
NPC1,"Niemann-Pick disease, type C1",5
OGG1,8-oxoguanine DNA glycosylase,5
PLD1,"phospholipase D1, phosphatidylcholine-specific",5
RAD51,RAD51 homolog (S. cerevisiae),5
RNF8,"ring finger protein 8, E3 ubiquitin protein ligase",5
TFF3,trefoil factor 3 (intestinal),5
TG,thyroglobulin,5
TIFAB,"TRAF-interacting protein with forkhead-associated domain, family member B",5
TIRAP,toll-interleukin 1 receptor (TIR) domain containing adaptor protein,5
TNFRSF11A,"tumor necrosis factor receptor superfamily, member 11a, NFKB activator",5
TREM2,triggering receptor expressed on myeloid cells 2,5
TRIM14,tripartite motif containing 14,5
UMOD,uromodulin,5
VPS45,vacuolar protein sorting 45 homolog (S. cerevisiae),5
ACD,adrenocortical dysplasia homolog (mouse),4
ANTXR1,anthrax toxin receptor 1,4
AQP3,aquaporin 3 (Gill blood group),4
ATF6,activating transcription factor 6,4
BCR,breakpoint cluster region,4
BID,BH3 interacting domain death agonist,4
C4A,complement component 4A (Rodgers blood group),4
CALR,calreticulin,4
CCL3,chemokine (C-C motif) ligand 3,4
CCL4,chemokine (C-C motif) ligand 4,4
CCL7,chemokine (C-C motif) ligand 7,4
CCR6,chemokine (C-C motif) receptor 6,4
CD27,CD27 molecule,4
CD81,CD81 molecule,4
CIITA,"class II, major histocompatibility complex, transactivator",4
CXCR1,chemokine (C-X-C motif) receptor 1,4
CXCR2,chemokine (C-X-C motif) receptor 2,4
DDX41,DEAD (Asp-Glu-Ala-Asp) box polypeptide 41,4
EGFR,epidermal growth factor receptor,4
ERAP1,endoplasmic reticulum aminopeptidase 1,4
FBXW7,"F-box and WD repeat domain containing 7, E3 ubiquitin protein ligase",4
FOXP3,forkhead box P3,4
GAD1,"glutamate decarboxylase 1 (brain, 67kDa)",4
GATA3,GATA binding protein 3,4
GSDMD,gasdermin D,4
HDC,histidine decarboxylase,4
IFI16,"interferon, gamma-inducible protein 16",4
IFI35,interferon-induced protein 35,4
IL8,interleukin 8,4
IL12B,"interleukin 12B (natural killer cell stimulatory factor 2, cytotoxic lymphocyte maturation factor 2, p40)",4
JAK3,Janus kinase 3,4
KAT8,K(lysine) acetyltransferase 8,4
KRT1,keratin 1,4
LAMP1,lysosomal-associated membrane protein 1,4
LPA,"lipoprotein, Lp(a)",4
MSC,musculin,4
NCF1,neutrophil cytosolic factor 1,4
NFIL3,"nuclear factor, interleukin 3 regulated",4
NLRP10,"NLR family, pyrin domain containing 10",4
PGD,phosphogluconate dehydrogenase,4
PIDD,p53-induced death domain protein,4
PIP5K1C,"phosphatidylinositol-4-phosphate 5-kinase, type I, gamma",4
PLD2,phospholipase D2,4
PPARA,peroxisome proliferator-activated receptor alpha,4
RAC1,"ras-related C3 botulinum toxin substrate 1 (rho family, small GTP binding protein Rac1)",4
SERINC5,serine incorporator 5,4
SMS,spermine synthase,4
STIM1,stromal interaction molecule 1,4
TF,transferrin,4
WEE1,WEE1 homolog (S. pombe),4
YY1,YY1 transcription factor,4
ADAM10,ADAM metallopeptidase domain 10,3
BACE1,beta-site APP-cleaving enzyme 1,3
BLK,B lymphoid tyrosine kinase,3
BRCA1,"breast cancer 1, early onset",3
CAST,calpastatin,3
CCL1,chemokine (C-C motif) ligand 1,3
CCL17,chemokine (C-C motif) ligand 17,3
CCR4,chemokine (C-C motif) receptor 4,3
CD6,CD6 molecule,3
CGA,"glycoprotein hormones, alpha polypeptide",3
CIC,capicua transcriptional repressor,3
CX3CR1,chemokine (C-X3-C motif) receptor 1,3
CXCL16,chemokine (C-X-C motif) ligand 16,3
CYBA,"cytochrome b-245, alpha polypeptide",3
DDB1,"damage-specific DNA binding protein 1, 127kDa",3
DDX58,DEAD (Asp-Glu-Ala-Asp) box polypeptide 58,3
DNAH17,"dynein, axonemal, heavy chain 17",3
FPR1,formyl peptide receptor 1,3
GAD2,"glutamate decarboxylase 2 (pancreatic islets and brain, 65kDa)",3
GKN2,gastrokine 2,3
HLA-C,"major histocompatibility complex, class I, C",3
IFNAR1,"interferon (alpha, beta and omega) receptor 1",3
IL1R1,"interleukin 1 receptor, type I",3
IL1R2,"interleukin 1 receptor, type II",3
IL4,interleukin 4,3
IL10RA,"interleukin 10 receptor, alpha",3
IL18RAP,interleukin 18 receptor accessory protein,3
IRF4,interferon regulatory factor 4,3
KAT7,K(lysine) acetyltransferase 7,3
KCNQ1,"potassium voltage-gated channel, KQT-like subfamily, member 1",3
KLF4,Kruppel-like factor 4 (gut),3
LAMA1,"laminin, alpha 1",3
LARP7,"La ribonucleoprotein domain family, member 7",3
MEX3C,mex-3 homolog C (C. elegans),3
NMS,neuromedin S,3
OCRL,oculocerebrorenal syndrome of Lowe,3
PIAS1,"protein inhibitor of activated STAT, 1",3
PIK3CD,"phosphatidylinositol-4,5-bisphosphate 3-kinase, catalytic subunit delta",3
PON2,paraoxonase 2,3
PTPN2,"protein tyrosine phosphatase, non-receptor type 2",3
RIPK4,receptor-interacting serine-threonine kinase 4,3
SCIMP,SLP adaptor and CSK interacting membrane protein,3
SEPP1,"selenoprotein P, plasma, 1",3
SOCS4,suppressor of cytokine signaling 4,3
SOD1,"superoxide dismutase 1, soluble",3
SQSTM1,sequestosome 1,3
SYK,spleen tyrosine kinase,3
TFF1,trefoil factor 1,3
TOX,thymocyte selection-associated high mobility group box,3
TRAF2,TNF receptor-associated factor 2,3
TRIM32,tripartite motif containing 32,3
TRIM56,tripartite motif containing 56,3
TSPAN6,tetraspanin 6,3
TST,thiosulfate sulfurtransferase (rhodanese),3
UBAC2,UBA domain containing 2,3
ULBP2,UL16 binding protein 2,3
VAV1,vav 1 guanine nucleotide exchange factor,3
ABCA1,"ATP-binding cassette, sub-family A (ABC1), member 1",2
ADAM17,ADAM metallopeptidase domain 17,2
ANP32A,"acidic (leucine-rich) nuclear phosphoprotein 32 family, member A",2
APOBEC3G,"apolipoprotein B mRNA editing enzyme, catalytic polypeptide-like 3G",2
ATR,ataxia telangiectasia and Rad3 related,2
AZI1,5-azacytidine induced 1,2
CAT,catalase,2
CCL19,chemokine (C-C motif) ligand 19,2
CCL24,chemokine (C-C motif) ligand 24,2
CCR1,chemokine (C-C motif) receptor 1,2
CCR10,chemokine (C-C motif) receptor 10,2
CD5,CD5 molecule,2
CD83,CD83 molecule,2
CNP,"2',3'-cyclic nucleotide 3' phosphodiesterase",2
COMT,catechol-O-methyltransferase,2
CRTAM,cytotoxic and regulatory T cell molecule,2
DEFB1,"defensin, beta 1",2
DZIP3,"DAZ interacting protein 3, zinc finger",2
ECSIT,ECSIT homolog (Drosophila),2
FLG,filaggrin,2
FOXO1,forkhead box O1,2
GCA,"grancalcin, EF-hand calcium binding protein",2
HIRA,HIR histone cell cycle regulation defective homolog A (S. cerevisiae),2
IFNG,"interferon, gamma",2
IKZF1,IKAROS family zinc finger 1 (Ikaros),2
IL1A,"interleukin 1, alpha",2
IL1RN,interleukin 1 receptor antagonist,2
IL12RB1,"interleukin 12 receptor, beta 1",2
IL13,interleukin 13,2
IL18,interleukin 18 (interferon-gamma-inducing factor),2
IL33,interleukin 33,2
IQGAP1,IQ motif containing GTPase activating protein 1,2
KLK7,kallikrein-related peptidase 7,2
KRAS,v-Ki-ras2 Kirsten rat sarcoma viral oncogene homolog,2
LCN2,lipocalin 2,2
LIF,leukemia inhibitory factor,2
LPL,lipoprotein lipase,2
MASP1,mannan-binding lectin serine peptidase 1 (C4/C2 activating component of Ra-reactive factor),2
MB,myoglobin,2
MCC,mutated in colorectal cancers,2
MGAT3,"mannosyl (beta-1,4-)-glycoprotein beta-1,4-N-acetylglucosaminyltransferase",2
MIP,major intrinsic protein of lens fiber,2
MR1,"major histocompatibility complex, class I-related",2
MRC1,"mannose receptor, C type 1",2
MUT,methylmalonyl CoA mutase,2
MX1,"myxovirus (influenza virus) resistance 1, interferon-inducible protein p78 (mouse)",2
NCF2,neutrophil cytosolic factor 2,2
NEDD4,"neural precursor cell expressed, developmentally down-regulated 4, E3 ubiquitin protein ligase",2
NKAP,NFKB activating protein,2
NXF1,nuclear RNA export factor 1,2
PARK2,"parkinson protein 2, E3 ubiquitin protein ligase (parkin)",2
PRKCD,"protein kinase C, delta",2
PRPF8,PRP8 pre-mRNA processing factor 8 homolog (S. cerevisiae),2
PSTPIP1,proline-serine-threonine phosphatase interacting protein 1,2
PTPN11,"protein tyrosine phosphatase, non-receptor type 11",2
PTPN22,"protein tyrosine phosphatase, non-receptor type 22 (lymphoid)",2
RAB27A,"RAB27A, member RAS oncogene family",2
RB1,retinoblastoma 1,2
RBM3,"RNA binding motif (RNP1, RRM) protein 3",2
RELA,v-rel reticuloendotheliosis viral oncogene homolog A (avian),2
RFK,riboflavin kinase,2
RIPK1,receptor (TNFRSF)-interacting serine-threonine kinase 1,2
RIPK3,receptor-interacting serine-threonine kinase 3,2
RNF11,ring finger protein 11,2
RPE,ribulose-5-phosphate-3-epimerase,2
RPS14,ribosomal protein S14,2
S100A9,S100 calcium binding protein A9,2
SAA2,serum amyloid A2,2
SFTPD,surfactant protein D,2
SLC7A5,"solute carrier family 7 (amino acid transporter light chain, L system), member 5",2
SLPI,secretory leukocyte peptidase inhibitor,2
SMO,"smoothened, frizzled family receptor",2
SMYD1,SET and MYND domain containing 1,2
SRL,sarcalumenin,2
STIM2,stromal interaction molecule 2,2
TAC1,"tachykinin, precursor 1",2
TAC3,tachykinin 3,2
TANK,TRAF family member-associated NFKB activator,2
TAX1BP1,Tax1 (human T-cell leukemia virus type I) binding protein 1,2
TNFRSF1A,"tumor necrosis factor receptor superfamily, member 1A",2
TNIP2,TNFAIP3 interacting protein 2,2
TNIP3,TNFAIP3 interacting protein 3,2
TRAF3,TNF receptor-associated factor 3,2
TRIM15,tripartite motif containing 15,2
TRIM62,tripartite motif containing 62,2
TSPO,translocator protein (18kDa),2
UNC93B1,unc-93 homolog B1 (C. elegans),2
USP18,ubiquitin specific peptidase 18,2
ZBP1,Z-DNA binding protein 1,2
AAK1,AP2 associated kinase 1,1
ABCB1,"ATP-binding cassette, sub-family B (MDR/TAP), member 1",1
ABCC1,"ATP-binding cassette, sub-family C (CFTR/MRP), member 1",1
ABCC2,"ATP-binding cassette, sub-family C (CFTR/MRP), member 2",1
ABCC5,"ATP-binding cassette, sub-family C (CFTR/MRP), member 5",1
ABCG1,"ATP-binding cassette, sub-family G (WHITE), member 1",1
ABCG2,"ATP-binding cassette, sub-family G (WHITE), member 2",1
ACE,angiotensin I converting enzyme (peptidyl-dipeptidase A) 1,1
ACR,acrosin,1
ADA,adenosine deaminase,1
ADARB1,"adenosine deaminase, RNA-specific, B1",1
ALK,anaplastic lymphoma receptor tyrosine kinase,1
AP1S3,"adaptor-related protein complex 1, sigma 3 subunit",1
APOBEC3F,"apolipoprotein B mRNA editing enzyme, catalytic polypeptide-like 3F",1
APOBEC3H,"apolipoprotein B mRNA editing enzyme, catalytic polypeptide-like 3H",1
AR,androgen receptor,1
ATP2C1,"ATPase, Ca++ transporting, type 2C, member 1",1
ATP6V0D2,"ATPase, H+ transporting, lysosomal 38kDa, V0 subunit d2",1
BCL2,B-cell CLL/lymphoma 2,1
BECN1,"beclin 1, autophagy related",1
BPI,bactericidal/permeability-increasing protein,1
BRCA2,"breast cancer 2, early onset",1
C9,complement component 9,1
CA1,carbonic anhydrase I,1
CAD,"carbamoyl-phosphate synthetase 2, aspartate transcarbamylase, and dihydroorotase",1
CAP1,"CAP, adenylate cyclase-associated protein 1 (yeast)",1
CARD10,"caspase recruitment domain family, member 10",1
CARD14,"caspase recruitment domain family, member 14",1
CASP1,"caspase 1, apoptosis-related cysteine peptidase",1
CCL11,chemokine (C-C motif) ligand 11,1
CCL21,chemokine (C-C motif) ligand 21,1
CCL22,chemokine (C-C motif) ligand 22,1
CD2,CD2 molecule,1
CD48,CD48 molecule,1
CD52,CD52 molecule,1
CD55,"CD55 molecule, decay accelerating factor for complement (Cromer blood group)",1
CD58,CD58 molecule,1
CD63,CD63 molecule,1
CD68,CD68 molecule,1
CD74,"CD74 molecule, major histocompatibility complex, class II invariant chain",1
CD209,CD209 molecule,1
CDC42,cell division cycle 42,1
CDH1,"cadherin 1, type 1, E-cadherin (epithelial)",1
CHI3L1,chitinase 3-like 1 (cartilage glycoprotein-39),1
CHI3L2,chitinase 3-like 2,1
CHRNA7,"cholinergic receptor, nicotinic, alpha 7 (neuronal)",1
CIB1,calcium and integrin binding 1 (calmyrin),1
COCH,"coagulation factor C homolog, cochlin (Limulus polyphemus)",1
COIL,coilin,1
CPE,carboxypeptidase E,1
CR2,complement component (3d/Epstein Barr virus) receptor 2,1
CSAD,cysteine sulfinic acid decarboxylase,1
CSF1,colony stimulating factor 1 (macrophage),1
CSF3,colony stimulating factor 3 (granulocyte),1
CXCL14,chemokine (C-X-C motif) ligand 14,1
CXCL17,chemokine (C-X-C motif) ligand 17,1
CXCR4,chemokine (C-X-C motif) receptor 4,1
CXCR5,chemokine (C-X-C motif) receptor 5,1
CYP27B1,"cytochrome P450, family 27, subfamily B, polypeptide 1",1
DHX58,DEXH (Asp-Glu-X-His) box polypeptide 58,1
DISC1,disrupted in schizophrenia 1,1
DSG3,desmoglein 3,1
DSG4,desmoglein 4,1
ECHS1,"enoyl CoA hydratase, short chain, 1, mitochondrial",1
EDA,ectodysplasin A,1
EEA1,early endosome antigen 1,1
ELANE,"elastase, neutrophil expressed",1
EMB,embigin,1
EMD,emerin,1
EPO,erythropoietin,1
ERAP2,endoplasmic reticulum aminopeptidase 2,1
ERG,v-ets erythroblastosis virus E26 oncogene homolog (avian),1
ETS1,v-ets erythroblastosis virus E26 oncogene homolog 1 (avian),1
F2,coagulation factor II (thrombin),1
F13A1,"coagulation factor XIII, A1 polypeptide",1
FAM72C,"family with sequence similarity 72, member C",1
FAS,"Fas (TNF receptor superfamily, member 6)",1
FASN,fatty acid synthase,1
FGFR2,fibroblast growth factor receptor 2,1
GATA1,GATA binding protein 1 (globin transcription factor 1),1
GBP1,"guanylate binding protein 1, interferon-inducible",1
GFI1B,growth factor independent 1B transcription repressor,1
GZMK,granzyme K (granzyme 3; tryptase II),1
HAMP,hepcidin antimicrobial peptide,1
HBZ,"hemoglobin, zeta",1
HEXA,hexosaminidase A (alpha polypeptide),1
HFE,hemochromatosis,1
HIF1A,"hypoxia inducible factor 1, alpha subunit (basic helix-loop-helix transcription factor)",1
HLA-A,"major histocompatibility complex, class I, A",1
HLA-B,"major histocompatibility complex, class I, B",1
HLA-G,"major histocompatibility complex, class I, G",1
HORMAD2,HORMA domain containing 2,1
HOXA10,homeobox A10,1
HP,haptoglobin,1
HRNR,hornerin,1
ICOSLG,inducible T-cell co-stimulator ligand,1
IFIT1,interferon-induced protein with tetratricopeptide repeats 1,1
IFIT5,interferon-induced protein with tetratricopeptide repeats 5,1
IFITM1,interferon induced transmembrane protein 1,1
IFITM2,interferon induced transmembrane protein 2,1
IFNA7,"interferon, alpha 7",1
IFNB1,"interferon, beta 1, fibroblast",1
IGFBP7,insulin-like growth factor binding protein 7,1
IL10RB,"interleukin 10 receptor, beta",1
IL23R,interleukin 23 receptor,1
IL36RN,interleukin 36 receptor antagonist,1
IMPACT,impact RWD domain protein,1
INSR,insulin receptor,1
IPP,intracisternal A particle-promoted polypeptide,1
IRF2BP2,interferon regulatory factor 2 binding protein 2,1
IRF9,interferon regulatory factor 9,1
ITGB1,"integrin, beta 1 (fibronectin receptor, beta polypeptide, antigen CD29 includes MDF2, MSK12)",1
JAGN1,jagunal homolog 1 (Drosophila),1
KCNN4,"potassium intermediate/small conductance calcium-activated channel, subfamily N, member 4",1
KLF6,Kruppel-like factor 6,1
KLK14,kallikrein-related peptidase 14,1
KLRC4,"killer cell lectin-like receptor subfamily C, member 4",1
KPNA2,"karyopherin alpha 2 (RAG cohort 1, importin alpha 1)",1
LAMB1,"laminin, beta 1",1
LAMTOR1,"late endosomal/lysosomal adaptor, MAPK and MTOR activator 1",1
LCP1,lymphocyte cytosolic protein 1 (L-plastin),1
LPIN2,lipin 2,1
LRBA,"LPS-responsive vesicle trafficking, beach and anchor containing",1
LTA,"lymphotoxin alpha (TNF superfamily, member 1)",1
LYST,lysosomal trafficking regulator,1
MAL,"mal, T-cell differentiation protein",1
MAP2,microtubule-associated protein 2,1
MAP3K8,mitogen-activated protein kinase kinase kinase 8,1
MAPK1,mitogen-activated protein kinase 1,1
MBNL1,muscleblind-like splicing regulator 1,1
MDC1,mediator of DNA-damage checkpoint 1,1
METTL4,methyltransferase like 4,1
MGME1,mitochondrial genome maintenance exonuclease 1,1
MGMT,O-6-methylguanine-DNA methyltransferase,1
MICA,MHC class I polypeptide-related sequence A,1
MICB,MHC class I polypeptide-related sequence B,1
MLN,motilin,1
MMP2,"matrix metallopeptidase 2 (gelatinase A, 72kDa gelatinase, 72kDa type IV collagenase)",1
MPL,myeloproliferative leukemia virus oncogene,1
MS4A1,"membrane-spanning 4-domains, subfamily A, member 1",1
MSH5,mutS homolog 5 (E. coli),1
MUC1,"mucin 1, cell surface associated",1
MUC19,"mucin 19, oligomeric",1
MUS81,MUS81 endonuclease homolog (S. cerevisiae),1
NAIP,"NLR family, apoptosis inhibitory protein",1
NBEAL2,neurobeachin-like 2,1
NBR1,neighbor of BRCA1 gene 1,1
NDC80,NDC80 kinetochore complex component,1
NFKB1,nuclear factor of kappa light polypeptide gene enhancer in B-cells 1,1
NFKB2,nuclear factor of kappa light polypeptide gene enhancer in B-cells 2 (p49/p100),1
NGF,nerve growth factor (beta polypeptide),1
NOS2,"nitric oxide synthase 2, inducible",1
NRAS,neuroblastoma RAS viral (v-ras) oncogene homolog,1
NTM,neurotrimin,1
NTS,neurotensin,1
OAS1,"2'-5'-oligoadenylate synthetase 1, 40/46kDa",1
OPTN,optineurin,1
ORAI2,ORAI calcium release-activated calcium modulator 2,1
ORAI3,ORAI calcium release-activated calcium modulator 3,1
ORMDL3,ORM1-like 3 (S. cerevisiae),1
OSCAR,"osteoclast associated, immunoglobulin-like receptor",1
OVGP1,"oviductal glycoprotein 1, 120kDa",1
P2RX4,"purinergic receptor P2X, ligand-gated ion channel, 4",1
PAK1,p21 protein (Cdc42/Rac)-activated kinase 1,1
PDIA4,"protein disulfide isomerase family A, member 4",1
PEX1,peroxisomal biogenesis factor 1,1
PI3,"peptidase inhibitor 3, skin-derived",1
PLCG2,"phospholipase C, gamma 2 (phosphatidylinositol-specific)",1
PLCL1,phospholipase C-like 1,1
PNPLA3,patatin-like phospholipase domain containing 3,1
PRAME,preferentially expressed antigen in melanoma,1
PRDM1,"PR domain containing 1, with ZNF domain",1
PRDM16,PR domain containing 16,1
PRF1,perforin 1 (pore forming protein),1
PSMB8,"proteasome (prosome, macropain) subunit, beta type, 8",1
PSMB9,"proteasome (prosome, macropain) subunit, beta type, 9",1
PSMB10,"proteasome (prosome, macropain) subunit, beta type, 10",1
PTGER4,prostaglandin E receptor 4 (subtype EP4),1
PTGS2,prostaglandin-endoperoxide synthase 2 (prostaglandin G/H synthase and cyclooxygenase),1
PTS,6-pyruvoyltetrahydropterin synthase,1
PVR,poliovirus receptor,1
RAD50,RAD50 homolog (S. cerevisiae),1
REL,v-rel reticuloendotheliosis viral oncogene homolog (avian),1
RNF125,"ring finger protein 125, E3 ubiquitin protein ligase",1
ROCK1,"Rho-associated, coiled-coil containing protein kinase 1",1
RPS6,ribosomal protein S6,1
RPS19,ribosomal protein S19,1
SERINC3,serine incorporator 3,1
SERPING1,"serpin peptidase inhibitor, clade G (C1 inhibitor), member 1",1
SET,SET nuclear oncogene,1
SHARPIN,SHANK-associated RH domain interactor,1
SIGLEC1,"sialic acid binding Ig-like lectin 1, sialoadhesin",1
SMAD3,SMAD family member 3,1
SMCHD1,structural maintenance of chromosomes flexible hinge domain containing 1,1
SOD3,"superoxide dismutase 3, extracellular",1
SPINK5,"serine peptidase inhibitor, Kazal type 5",1
SPINK7,"serine peptidase inhibitor, Kazal type 7 (putative)",1
SPR,"sepiapterin reductase (7,8-dihydrobiopterin:NADP+ oxidoreductase)",1
STK4,serine/threonine kinase 4,1
TAP2,"transporter 2, ATP-binding cassette, sub-family B (MDR/TAP)",1
TCF4,transcription factor 4,1
TCF7L2,"transcription factor 7-like 2 (T-cell specific, HMG-box)",1
TEC,tec protein tyrosine kinase,1
TFEB,transcription factor EB,1
TFF2,trefoil factor 2,1
TGFBR2,"transforming growth factor, beta receptor II (70/80kDa)",1
TH,tyrosine hydroxylase,1
TIAM2,T-cell lymphoma invasion and metastasis 2,1
TLR10,toll-like receptor 10,1
TMEM79,transmembrane protein 79,1
TMEM173,transmembrane protein 173,1
TNFRSF13B,"tumor necrosis factor receptor superfamily, member 13B",1
TNFSF10,"tumor necrosis factor (ligand) superfamily, member 10",1
TNFSF13,"tumor necrosis factor (ligand) superfamily, member 13",1
TNFSF15,"tumor necrosis factor (ligand) superfamily, member 15",1
TNIP1,TNFAIP3 interacting protein 1,1
TOLLIP,toll interacting protein,1
TRAF1,TNF receptor-associated factor 1,1
TRAF5,TNF receptor-associated factor 5,1
TRG,T cell receptor gamma locus,1
TRIM21,tripartite motif containing 21,1
TRIM25,tripartite motif containing 25,1
TRPC1,"transient receptor potential cation channel, subfamily C, member 1",1
TRPC4,"transient receptor potential cation channel, subfamily C, member 4",1
TTC7A,tetratricopeptide repeat domain 7A,1
USP7,ubiquitin specific peptidase 7 (herpes virus-associated),1
VIP,vasoactive intestinal peptide,1
VIPAS39,"VPS33B interacting protein, apical-basolateral polarity regulator, spe-39 homolog",1
VPS33B,vacuolar protein sorting 33 homolog B (yeast),1
WARS,tryptophanyl-tRNA synthetase,1
WT1,Wilms tumor 1,1
XCL1,chemokine (C motif) ligand 1,1
XCR1,chemokine (C motif) receptor 1,1
ZBTB24,zinc finger and BTB domain containing 24,1
