Gene_symbol,   Genes,Freq
T,"T, brachyury homolog (mouse)",8
ABCA1,"ATP-binding cassette, sub-family A (ABC1), member 1",4
ABCG1,"ATP-binding cassette, sub-family G (WHITE), member 1",4
CYBA,"cytochrome b-245, alpha polypeptide",4
CYBB,"cytochrome b-245, beta polypeptide",4
MLKL,mixed lineage kinase domain-like,2
RIPK3,receptor-interacting serine-threonine kinase 3,2
C3,complement component 3,1
C5,complement component 5,1
NCF1,neutrophil cytosolic factor 1,1
NLRP3,"NLR family, pyrin domain containing 3",1
RIPK1,receptor (TNFRSF)-interacting serine-threonine kinase 1,1
STAT3,signal transducer and activator of transcription 3 (acute-phase response factor),1
SYK,spleen tyrosine kinase,1
TNF,tumor necrosis factor,1
