DISEASE NAME,SYMPTOMS,DISEASE TYPE
Type 1 diabetes,"Urinating often,Feeling very thirsty,Feeling very hungry?ven though you are eating,Extreme fatigue,Blurry vision,Cuts/bruises that are slow to heal,Weight loss?ven though you are eating more",Viral disease
Rheumotoid arthritis,"joint pain include: fever, fatigue, rapid onset, ALL joints on both sides of the body are affected, decreased appetite, major stiffness in the morning lasting longer than 30 minutes.",Viral disease
Psoriasis,"Rashes or patches of red, inflamed skin, often covered with loose, silver,colored scales; in severe cases, the plaques will grow and merge into one another, covering large areas,Itchy, painful skin that can crack or bleed,",Fungal infection
Multiple sclerosis,"numbness, weakness, balance issues, and trouble walking.",Bacterial disease
systemic lupus erythemasous,"Joint pain, fatigue, and rashes are among the most common symptoms.",Bacterial disease
Inflammatory Bowel disease,"Persistent diarrhea,Abdominal pain,Rectal bleeding/bloody stools,Weight loss,Fatigue.","Bacterial disease,Viral disease"
Addison's disease,"?eakness, fatigue, weight loss, and low blood sugar.","Bacterial disease,Viral disease"
Graves Disease,"nervousness,fast heartbeat,heat intolerance,and weight loss.","Bacterial disease,Viral disease"
sjogrens syndrome,"dry eyes and dry mouth, but it may also affect the joints or skin.","Bacterial disease,Viral disease"
Hashimoto's thyroiditis,"weight gain, sensitivity to cold, fatigue, hair loss, and swelling of the thyroid","Bacterial disease,Viral disease"
Auto immune vasculitis,"Fever,Headache,Fatigue,Weight loss,General aches and pains,Night sweats,Rash,Nerve problems, such as numbness or weakness.","Bacterial disease,Viral disease"
Pernicious anaemia,"fatigue,weakness,headaches,chest pain,weight loss,pale skin.","Bacterial disease,Viral disease"
Celiac disease,"abdominal bloating and pain,chronic diarrhea,vomiting,constipation,pale, foul-smelling, or fatty stool;iron deficiency anemia,weight loss,fatigue.","Bacterial disease,Viral disease"
Myasthenia gravis,"trouble talking
problems walking up stairs or lifting objects
facial paralysis
difficulty breathing due to muscle weakness
difficulty swallowing or chewing
fatigue","Bacterial disease,Viral disease"
