"ChEMBL ID";"Name";"UniProt Accessions";"Type";"Organism";"Compounds";"Activities";"Tax ID";"Species Group Flag"
"CHEMBL3580488";"Vascular endothelial growth factor B";"P49765";"SINGLE PROTEIN";"Homo sapiens";"";"";"9606";"False"
"CHEMBL2111439";"VEGF-receptor 2 and Fibroblast growth factor receptor 1";"P35968|P11362";"PROTEIN FAMILY";"Homo sapiens";"50";"50";"9606";"False"
"CHEMBL3712972";"Epidermal growth factor-like protein 7";"Q9UHF1";"SINGLE PROTEIN";"Homo sapiens";"";"";"9606";"False"
"CHEMBL3714157";"Vascular endothelial growth factor C";"P49767";"SINGLE PROTEIN";"Homo sapiens";"";"";"9606";"False"
"CHEMBL2111434";"VEGF-receptor 2 and Fibroblast growth factor receptor 2";"P35968|P21802";"SELECTIVITY GROUP";"Homo sapiens";"15";"15";"9606";"False"
"CHEMBL2016428";"Vasopressin V1a receptor";"Q9WTV9";"SINGLE PROTEIN";"Microtus ochrogaster";"5";"5";"79684";"False"
"CHEMBL2111375";"Vascular endothelial growth factor receptor 2 and tyrosine-protein kinase TIE-2 (KDR and TIE2)";"P35968|Q02763";"SELECTIVITY GROUP";"Homo sapiens";"12";"12";"9606";"False"
"CHEMBL2111409";"Vascular endothelial growth factor receptor 2 and 3 (KDR and Flt-4)";"P35916|P35968";"SELECTIVITY GROUP";"Homo sapiens";"23";"23";"9606";"False"
"CHEMBL2111336";"VEGF-receptor 2 and tyrosine-protein kinase SRC";"P12931|P35968";"SELECTIVITY GROUP";"Homo sapiens";"25";"25";"9606";"False"
"CHEMBL4295667";"Neuropilin-2";"O60462";"SINGLE PROTEIN";"Homo sapiens";"1";"1";"9606";"False"
"CHEMBL2111440";"VEGF-receptor 2 and PDGF-receptor beta (KDR and PDGFR beta)";"P09619|P35968";"SELECTIVITY GROUP";"Homo sapiens";"25";"25";"9606";"False"
"CHEMBL2363078";"Vasopressin receptor";"P30518|P37288|P47901";"PROTEIN FAMILY";"Homo sapiens";"";"";"9606";"False"
"CHEMBL3308974";"Annexin A5";"P81287";"SINGLE PROTEIN";"Bos taurus";"1";"1";"9913";"False"
"CHEMBL2111456";"Vasopressin V1 receptor";"P37288|P47901";"PROTEIN FAMILY";"Homo sapiens";"61";"61";"9606";"False"
"CHEMBL2487";"Beta amyloid A4 protein";"P05067";"SINGLE PROTEIN";"Homo sapiens";"3427";"6034";"9606";"False"
"CHEMBL3735";"Vascular cell adhesion protein 1";"P19320";"SINGLE PROTEIN";"Homo sapiens";"196";"212";"9606";"False"
"CHEMBL3265";"Amine oxidase, copper containing";"Q9TTK6";"SINGLE PROTEIN";"Bos taurus";"38";"40";"9913";"False"
"CHEMBL2096622";"Vasopressin receptor";"P48974|P30560|Q00788";"PROTEIN FAMILY";"Rattus norvegicus";"194";"377";"10116";"False"
"CHEMBL3437";"Amine oxidase, copper containing";"Q16853";"SINGLE PROTEIN";"Homo sapiens";"359";"407";"9606";"False"
"CHEMBL279";"Vascular endothelial growth factor receptor 2";"P35968";"SINGLE PROTEIN";"Homo sapiens";"12497";"17954";"9606";"False"
"CHEMBL4727";"Amine oxidase, copper containing";"O70423";"SINGLE PROTEIN";"Mus musculus";"52";"62";"10090";"False"
"CHEMBL3414410";"Vasopressin V1a receptor";"Q62463";"SINGLE PROTEIN";"Mus musculus";"21";"21";"10090";"False"
"CHEMBL3301389";"Focal adhesion kinase 1/vascular endothelial growth factor receptor 3";"P35916|Q05397";"PROTEIN-PROTEIN INTERACTION";"Homo sapiens";"2";"10";"9606";"False"
"CHEMBL2331049";"Vascular endothelial growth factor receptor 2";"Q5GIT4";"SINGLE PROTEIN";"Danio rerio";"39";"67";"7955";"False"
"CHEMBL1783";"Vascular endothelial growth factor A";"P15692";"SINGLE PROTEIN";"Homo sapiens";"119";"159";"9606";"False"
"CHEMBL1868";"Vascular endothelial growth factor receptor 1";"P17948";"SINGLE PROTEIN";"Homo sapiens";"3833";"5826";"9606";"False"
"CHEMBL4295743";"Complement factor D";"P32038";"SINGLE PROTEIN";"Rattus norvegicus";"2";"2";"10116";"False"
"CHEMBL2111480";"Vascular endothelial growth factor receptor 1 and 2 (Flt-1 and KDR)";"P17948|P35968";"SELECTIVITY GROUP";"Homo sapiens";"27";"27";"9606";"False"
"CHEMBL3516";"Vascular endothelial growth factor receptor 1";"P35969";"SINGLE PROTEIN";"Mus musculus";"60";"60";"10090";"False"
"CHEMBL3337";"Vascular endothelial growth factor receptor 2";"P35918";"SINGLE PROTEIN";"Mus musculus";"121";"123";"10090";"False"
"CHEMBL2868";"Vasopressin V1a receptor";"P30560";"SINGLE PROTEIN";"Rattus norvegicus";"446";"612";"10116";"False"
"CHEMBL2706";"Receptor-type tyrosine-protein phosphatase beta";"P23467";"SINGLE PROTEIN";"Homo sapiens";"273";"286";"9606";"False"
"CHEMBL2095227";"Vascular endothelial growth factor receptor";"P17948|P35916|P35968";"PROTEIN FAMILY";"Homo sapiens";"275";"287";"9606";"False"
"CHEMBL2095221";"Vasopressin V1 receptor";"P48974|P30560";"PROTEIN FAMILY";"Rattus norvegicus";"297";"358";"10116";"False"
"CHEMBL4592";"Amine oxidase, copper containing";"O08590";"SINGLE PROTEIN";"Rattus norvegicus";"114";"121";"10116";"False"
"CHEMBL1889";"Vasopressin V1a receptor";"P37288";"SINGLE PROTEIN";"Homo sapiens";"2228";"3830";"9606";"False"
"CHEMBL1955";"Vascular endothelial growth factor receptor 3";"P35916";"SINGLE PROTEIN";"Homo sapiens";"1981";"2813";"9606";"False"
"CHEMBL2111428";"VEGF-receptor 2 and stem cell growth factor receptor (KDR and KIT)";"P10721|P35968";"SELECTIVITY GROUP";"Homo sapiens";"10";"10";"9606";"False"
"CHEMBL3309098";"Neuropilin-1";"Q9QWJ9";"SINGLE PROTEIN";"Rattus norvegicus";"47";"125";"10116";"False"
"CHEMBL5174";"Neuropilin-1";"O14786";"SINGLE PROTEIN";"Homo sapiens";"166";"198";"9606";"False"
