"ChEMBL ID";"Name";"UniProt Accessions";"Type";"Organism";"Compounds";"Activities";"Tax ID";"Species Group Flag"
"CHEMBL3596082";"Microcin C7 self-immunity protein MccF";"Q47511";"SINGLE PROTEIN";"Escherichia coli";"3";"8";"562";"False"
"CHEMBL5020";"Amine oxidase, copper containing";"P12807";"SINGLE PROTEIN";"Pichia angusta";"14";"14";"870730";"False"
"CHEMBL4451";"Saccharopepesin";"P07267";"SINGLE PROTEIN";"Saccharomyces cerevisiae S288c";"3";"3";"559292";"False"
"CHEMBL3286073";"Interferon gamma";"P01579";"SINGLE PROTEIN";"Homo sapiens";"3";"3";"9606";"False"
"CHEMBL2176799";"Serine/threonine-protein kinase WNK1";"P83741";"SINGLE PROTEIN";"Mus musculus";"2";"2";"10090";"False"
"CHEMBL5534";"Amine oxidase";"Q43077";"SINGLE PROTEIN";"Pisum sativum";"9";"9";"3888";"False"
"CHEMBL6055";"Serine/threonine-protein kinase WNK3";"Q9BYP7";"SINGLE PROTEIN";"Homo sapiens";"192";"358";"9606";"False"
"CHEMBL3265";"Amine oxidase, copper containing";"Q9TTK6";"SINGLE PROTEIN";"Bos taurus";"38";"40";"9913";"False"
"CHEMBL1075173";"Serine/threonine-protein kinase WNK1";"Q9H4A3";"SINGLE PROTEIN";"Homo sapiens";"62";"75";"9606";"False"
"CHEMBL3437";"Amine oxidase, copper containing";"Q16853";"SINGLE PROTEIN";"Homo sapiens";"359";"407";"9606";"False"
"CHEMBL4727";"Amine oxidase, copper containing";"O70423";"SINGLE PROTEIN";"Mus musculus";"52";"62";"10090";"False"
"CHEMBL5639";"Serine/threonine-protein kinase WNK2";"Q9Y3S1";"SINGLE PROTEIN";"Homo sapiens";"218";"389";"9606";"False"
"CHEMBL5919";"Myeloid differentiation primary response protein MyD88";"Q99836";"SINGLE PROTEIN";"Homo sapiens";"7";"7";"9606";"False"
"CHEMBL4592";"Amine oxidase, copper containing";"O08590";"SINGLE PROTEIN";"Rattus norvegicus";"114";"121";"10116";"False"
"CHEMBL1795196";"Serine/threonine-protein kinase WNK4";"Q96J92";"SINGLE PROTEIN";"Homo sapiens";"26";"27";"9606";"False"
