PMID,Title,Authors,Citation,First Author,Journal/Book,Publication Year,Create Date,PMCID
27215116,[Does Cannabis have a role in the tehrapy of rehumatic conditions?],"Amital H, Dor M.",Harefuah. 2016 Feb;155(2):83-4.,Amital H,Harefuah,2016,25-05-2016,
11769437,[Pathography and biography of the Empress Maria Theresa],"Habek D, Masi? I.",Med Arh. 2001;55(3):177-80.,Habek D,Med Arh,2001,05-01-2002,
5101322,Successful replacement of aortic and mitral valves with ball valve prostheses in a patient with rehumatic heart disease and SC hemoglobinopathy,"Cameron AA, McCord CW, Bertles JF.",Am J Cardiol. 1971 Mar;27(3):318-21. doi: 10.1016/0002-9149(71)90311-0.,Cameron AA,Am J Cardiol,1971,01-03-1971,
697466,"[Levels of total hemolytic complement, C3, C4 and antibodies against the myocardium in rheumatic fever]",Martinez RD.,Arch Inst Cardiol Mex. 1978 Jul-Aug;48(4):735-45.,Martinez RD,Arch Inst Cardiol Mex,1978,01-07-1978,
27708925,A cross-sectional study of perceived injustice and disability in hip osteoarthritis,Ferrari R.,Eur J Rheumatol. 2015 Jun;2(2):47-51. doi: 10.5152/eurjrheum.2015.0095. Epub 2015 Mar 31.,Ferrari R,Eur J Rheumatol,2015,07-10-2016,PMC5047261
