"ChEMBL ID";"Name";"UniProt Accessions";"Type";"Organism";"Compounds";"Activities";"Tax ID";"Species Group Flag"
"CHEMBL2364681";"Microsomal triglyceride transfer protein";"P55157|P07237";"PROTEIN COMPLEX";"Homo sapiens";"";"";"9606";"False"
"CHEMBL1839";"Thyroid peroxidase";"P07202";"SINGLE PROTEIN";"Homo sapiens";"12";"13";"9606";"False"
"CHEMBL2095161";"Peroxisome proliferator-activated receptor gamma/Nuclear receptor coactivator 3";"P37231|Q9Y6Q9";"PROTEIN-PROTEIN INTERACTION";"Homo sapiens";"749";"749";"9606";"False"
"CHEMBL2096976";"Peroxisome proliferator-activated receptor gamma/Nuclear receptor corepressor 2";"P37231|Q9Y618";"PROTEIN-PROTEIN INTERACTION";"Homo sapiens";"239";"239";"9606";"False"
"CHEMBL5574";"PCNA-associated factor";"Q15004";"SINGLE PROTEIN";"Homo sapiens";"1";"1";"9606";"False"
"CHEMBL4106136";"DNA-PK/Ku70/Ku85";"P78527|P12956|P13010";"PROTEIN COMPLEX";"Homo sapiens";"23";"23";"9606";"False"
"CHEMBL1615382";"Nuclear receptor coactivator 3";"Q9Y6Q9";"SINGLE PROTEIN";"Homo sapiens";"240";"240";"9606";"False"
"CHEMBL4295677";"Filamin-B";"O75369";"SINGLE PROTEIN";"Homo sapiens";"1";"1";"9606";"False"
"CHEMBL3885590";"Histone deacetylase 1/Nuclear receptor corepressor 2";"Q13547|Q9Y618";"PROTEIN COMPLEX";"Homo sapiens";"6";"6";"9606";"False"
"CHEMBL2146305";"Glycoprotein hormones alpha chain";"P01215";"SINGLE PROTEIN";"Homo sapiens";"29268";"29277";"9606";"False"
"CHEMBL3792271";"Probable JmjC domain-containing histone demethylation protein 2C";"Q15652";"SINGLE PROTEIN";"Homo sapiens";"1";"1";"9606";"False"
"CHEMBL3885591";"Histone deacetylase 2/Nuclear receptor corepressor 2";"Q92769|Q9Y618";"PROTEIN COMPLEX";"Homo sapiens";"6";"6";"9606";"False"
"CHEMBL5422";"Protein disulfide-isomerase";"P07237";"SINGLE PROTEIN";"Homo sapiens";"239";"424";"9606";"False"
"CHEMBL2111462";"Thyroid hormone receptor";"P10827|P10828";"PROTEIN COMPLEX";"Homo sapiens";"125";"143";"9606";"False"
"CHEMBL1075189";"Pyruvate kinase isozymes M1/M2";"P14618";"SINGLE PROTEIN";"Homo sapiens";"6982";"14556";"9606";"False"
"CHEMBL3588731";"Bromodomain-containing protein 8";"Q9H0E9";"SINGLE PROTEIN";"Homo sapiens";"10";"13";"9606";"False"
"CHEMBL1947";"Thyroid hormone receptor beta-1";"P10828";"SINGLE PROTEIN";"Homo sapiens";"6220";"7760";"9606";"False"
"CHEMBL4899";"Mitogen-activated protein kinase kinase kinase 8";"P41279";"SINGLE PROTEIN";"Homo sapiens";"368";"427";"9606";"False"
"CHEMBL1860";"Thyroid hormone receptor alpha";"P10827";"SINGLE PROTEIN";"Homo sapiens";"550";"813";"9606";"False"
"CHEMBL1963";"Thyroid stimulating hormone receptor";"P16473";"SINGLE PROTEIN";"Homo sapiens";"17135";"29930";"9606";"False"
"CHEMBL2364701";"26S proteasome";"Q99460|P49721|P20618|P28074|P28062|P28065|P28072|O00487|P25786|P25787|P25788|P25789|P28066|P60900|O14818|Q8TAA3|P40306|A5LHX3|P49720|P28070|Q99436|Q16186|P35998|P62191|P43686|P62333|P17980|P62195|Q13200|O43242|O00232|O00231|Q15008|P51665|Q9UNM6|P55036|P48556|P60896";"PROTEIN COMPLEX";"Homo sapiens";"58";"135";"9606";"False"
"CHEMBL2295562";"Dual specificity protein phosphatase 26";"Q9BV47";"SINGLE PROTEIN";"Homo sapiens";"14";"14";"9606";"False"
"CHEMBL3988581";"Thyrotropin subunit beta";"P01223";"SINGLE PROTEIN";"Bos taurus";"3";"3";"9913";"False"
"CHEMBL3430904";"Coiled-coil domain-containing protein 6/Tyrosine-protein kinase receptor RET";"P07949|Q16204";"CHIMERIC PROTEIN";"Homo sapiens";"5";"11";"9606";"False"
"CHEMBL4105820";"Thyroid hormone receptor-associated protein 3";"Q9Y2W1";"SINGLE PROTEIN";"Homo sapiens";"177";"177";"9606";"False"
"CHEMBL4581";"Kinesin-like protein 1";"P52732";"SINGLE PROTEIN";"Homo sapiens";"1207";"1684";"9606";"False"
"CHEMBL613668";"Thyroid";"";"TISSUE";"Rattus norvegicus";"19";"55";"10116";"False"
"CHEMBL1743294";"Sulfotransferase family cytosolic 1B member 1";"O43704";"SINGLE PROTEIN";"Homo sapiens";"8";"8";"9606";"False"
"CHEMBL2111363";"Histone deacetylase 3/Nuclear receptor corepressor 2 (HDAC3/NCoR2)";"O15379|Q9Y618";"PROTEIN COMPLEX";"Homo sapiens";"310";"400";"9606";"False"
"CHEMBL613451";"Thyroid";"";"TISSUE";"Oryctolagus cuniculus";"1";"8";"9986";"False"
"CHEMBL613597";"Thyroid";"";"TISSUE";"Mus musculus";"35";"137";"10090";"False"
"CHEMBL3917";"Thyroid hormone receptor beta-1";"P18113";"SINGLE PROTEIN";"Rattus norvegicus";"104";"299";"10116";"False"
