"ChEMBL ID";"Name";"UniProt Accessions";"Type";"Organism";"Compounds";"Activities";"Tax ID";"Species Group Flag"
"CHEMBL3779755";"NACHT, LRR and PYD domains-containing protein 3";"Q8R4B8";"SINGLE PROTEIN";"Mus musculus";"46";"80";"10090";"False"
"CHEMBL1075279";"B-cell receptor CD22";"P35329";"SINGLE PROTEIN";"Mus musculus";"14";"23";"10090";"False"
"CHEMBL4303061";"Sialic acid-binding Ig-like lectin 10";"Q96LC7";"SINGLE PROTEIN";"Homo sapiens";"";"";"9606";"False"
"CHEMBL1842";"Myeloid cell surface antigen CD33";"P20138";"SINGLE PROTEIN";"Homo sapiens";"";"";"9606";"False"
"CHEMBL3712852";"B-cell antigen receptor complex-associated protein beta chain";"P40259";"SINGLE PROTEIN";"Homo sapiens";"";"";"9606";"False"
"CHEMBL4105860";"Sialic acid-binding Ig-like lectin 9";"Q9Y336";"SINGLE PROTEIN";"Homo sapiens";"1";"1";"9606";"False"
"CHEMBL4106164";"L-type calcium channel alpha-1c/beta-2/alpha2delta-1";"P54289|Q13936|Q08289";"PROTEIN COMPLEX";"Homo sapiens";"1";"1";"9606";"False"
"CHEMBL3712928";"Nectin-4";"Q96NY8";"SINGLE PROTEIN";"Homo sapiens";"";"";"9606";"False"
"CHEMBL1293274";"Eukaryotic translation initiation factor 4H";"Q15056";"SINGLE PROTEIN";"Homo sapiens";"224";"242";"9606";"False"
"CHEMBL1287619";"Fructose-bisphosphate aldolase";"Q9URB4";"SINGLE PROTEIN";"Candida albicans (strain SC5314 / ATCC MYA-2876) (Yeast)";"7";"13";"237561";"False"
"CHEMBL2111375";"Vascular endothelial growth factor receptor 2 and tyrosine-protein kinase TIE-2 (KDR and TIE2)";"P35968|Q02763";"SELECTIVITY GROUP";"Homo sapiens";"12";"12";"9606";"False"
"CHEMBL4295884";"Hermansky-Pudlak syndrome 6 protein";"Q86YV9";"SINGLE PROTEIN";"Homo sapiens";"1";"1";"9606";"False"
"CHEMBL1795090";"Abhydrolase domain-containing protein 11";"Q8K4F5";"SINGLE PROTEIN";"Mus musculus";"7";"10";"10090";"False"
"CHEMBL1834";"Ig epsilon chain C region";"P01854";"SINGLE PROTEIN";"Homo sapiens";"";"";"9606";"False"
"CHEMBL3668";"Galectin-3";"P16110";"SINGLE PROTEIN";"Mus musculus";"17";"33";"10090";"False"
"CHEMBL4105737";"Bromodomain adjacent to zinc finger domain protein 1A";"Q9NRL2";"SINGLE PROTEIN";"Homo sapiens";"1";"1";"9606";"False"
"CHEMBL2040701";"Lupus La protein";"P05455";"SINGLE PROTEIN";"Homo sapiens";"8";"14";"9606";"False"
"CHEMBL3218";"CD22";"P20273";"SINGLE PROTEIN";"Homo sapiens";"51";"58";"9606";"False"
"CHEMBL2146312";"Werner syndrome ATP-dependent helicase";"Q14191";"SINGLE PROTEIN";"Homo sapiens";"8356";"8824";"9606";"False"
"CHEMBL4295829";"Transforming growth factor-beta-induced protein ig-h3";"Q15582";"SINGLE PROTEIN";"Homo sapiens";"1";"1";"9606";"False"
"CHEMBL2940";"Immunoglobulin epsilon Fc receptor";"P06734";"SINGLE PROTEIN";"Homo sapiens";"88";"92";"9606";"False"
"CHEMBL1293237";"Bloom syndrome protein";"P54132";"SINGLE PROTEIN";"Homo sapiens";"2967";"4095";"9606";"False"
"CHEMBL2248";"IgE Fc receptor, alpha-subunit";"P12319";"SINGLE PROTEIN";"Homo sapiens";"41";"61";"9606";"False"
"CHEMBL4105996";"Sjoegren syndrome/scleroderma autoantigen 1";"O60232";"SINGLE PROTEIN";"Homo sapiens";"2";"2";"9606";"False"
"CHEMBL3603730";"Sialic acid-binding Ig-like lectin 7";"Q9Y286";"SINGLE PROTEIN";"Homo sapiens";"49";"67";"9606";"False"
"CHEMBL5258";"CaM kinase I gamma";"Q96NX5";"SINGLE PROTEIN";"Homo sapiens";"304";"373";"9606";"False"
"CHEMBL3588730";"Tyrosine-protein kinase BAZ1B";"Q9UIG0";"SINGLE PROTEIN";"Homo sapiens";"5";"5";"9606";"False"
"CHEMBL6014";"Testis-specific serine/threonine-protein kinase 2";"Q96PF2";"SINGLE PROTEIN";"Homo sapiens";"1120";"1676";"9606";"False"
"CHEMBL3317336";"Voltage-dependent L-type calcium channel subunit beta-2";"Q08289";"SINGLE PROTEIN";"Homo sapiens";"1";"1";"9606";"False"
"CHEMBL4128";"Tyrosine-protein kinase TIE-2";"Q02763";"SINGLE PROTEIN";"Homo sapiens";"2032";"3016";"9606";"False"
"CHEMBL2189134";"Alpha/beta hydrolase domain-containing protein 11";"Q8NFV4";"SINGLE PROTEIN";"Homo sapiens";"4";"4";"9606";"False"
"CHEMBL3774296";"Neural Wiskott-Aldrich syndrome protein";"O08816";"SINGLE PROTEIN";"Rattus norvegicus";"2";"2";"10116";"False"
"CHEMBL4296578";"Middle East respiratory syndrome-related coronavirus";"";"ORGANISM";"Middle East respiratory syndrome-related coronavirus";"4";"5";"1335626";"False"
"CHEMBL5199";"Tyrosine-protein kinase TIE-2";"Q02858";"SINGLE PROTEIN";"Mus musculus";"3";"5";"10090";"False"
"CHEMBL3108646";"Histone-lysine N-methyltransferase NSD3";"Q9BZ95";"SINGLE PROTEIN";"Homo sapiens";"7";"7";"9606";"False"
"CHEMBL1741208";"NACHT, LRR and PYD domains-containing protein 3";"Q96P20";"SINGLE PROTEIN";"Homo sapiens";"141";"261";"9606";"False"
"CHEMBL3885624";"PAC1-PAC2 complex";"O95456|Q969U7";"PROTEIN COMPLEX";"Homo sapiens";"1";"1";"9606";"False"
"CHEMBL2363032";"Voltage-gated calcium channel";"O95180|P54289|Q13936|Q8IZS8|Q13698|Q9NY47|Q01668|O00555|Q00975|O43497|Q7Z3S7|Q9P0X4|O60840|Q15878|O00305|Q08289|Q02641|P54284|P62955|Q9UF02|Q9Y698|Q9UBN1|Q8WXS5|O60359|Q9BXT2|Q06432";"PROTEIN COMPLEX GROUP";"Homo sapiens";"77";"87";"9606";"False"
"CHEMBL3108645";"Histone-lysine N-methyltransferase NSD2";"O96028";"SINGLE PROTEIN";"Homo sapiens";"598";"599";"9606";"False"
"CHEMBL3879858";"Fragile X mental retardation syndrome-related protein 1";"P51114";"SINGLE PROTEIN";"Homo sapiens";"1";"1";"9606";"False"
"CHEMBL4531";"Galectin-3";"P17931";"SINGLE PROTEIN";"Homo sapiens";"213";"324";"9606";"False"
"CHEMBL3108639";"Cat eye syndrome critical region protein 2";"Q9BXF3";"SINGLE PROTEIN";"Homo sapiens";"101";"122";"9606";"False"
"CHEMBL4295691";"Polymeric immunoglobulin receptor";"P01833";"SINGLE PROTEIN";"Homo sapiens";"1";"1";"9606";"False"
