DISEASE NAME,SYMPTOMS,CONTROL,DISEASE CATAGORY
Chronic granulomatous phagocytic disease and other cell disorders,"fever and shortness of breath after exposure to decaying organic materials such as mulch, hay, or dead leaves.intestinal wall is inflamed, causing a form of inflammatory bowel disease that varies in severity but can lead to stomach pain, diarrhea, bloody stool, nausea, and vomiting. Other common areas of inflammation in people with chronic granulomatous disease include the stomach, colon, and rectum, as well as the mouth, throat, and skin.","Trimethoprim,sulfamethoxazole ",Immune disorder
Primary Immune deficiency,"Frequent and recurrent pneumonia, bronchitis, sinus infections, earinfections,meningitis or skin infectionsInflammation and infection of internal organs Blood disorders, such as low platelet counts or anemiaDigestive problems, such as cramping, loss of appetite, nausea and diarrhea Delayed growth and development Autoimmune disorders, such as lupus, rheumatoid arthritis or type 1 diabetes","ibuprofen (Advil, Motrin IB,  expectorants)Immunoglobulin therapy, Interferon-gamma therapy ",immune disorder
complement deficiencies,"Recurring infection,Auto-immune disorders,Glomerulonephritis,Joint problems(manifestation)Lungfunction(MBL variant allelesAngioedema)",generally there is no treatment for complement deficiencies but can be treated with infusion of vapor-heated C1 esterase inhibitor. Androgen therapy can be used to prevent HAE attacks.,immune disorder
Hyper IgE Syndrome,"Frequent skin infections,Abscesses in the skin or lungs that reoccur,Dry, itchy skin (eczema),Frequent pneumonia, Yeast infections,Elevated IgE,","Antibiotics to treat infections,Cream medicine for skin rash,Checking pulmonary (lung) function with spirometry and imaging,Some patients may need to take medicine every day to prevent infection",Immune disorder
Innate immune defects,"Frequent and recurrent pneumonia, bronchitis, sinus infections, ear infections, meningitis or skin infections,","antibiotic therapy prophylactically, immunoglobulin treatment.",Immune disorder
NEMO Deficiency syndrome,"susceptibility to pyogenic infections,ED,susceptibility to mycobacterial infection",immunoglobulin treatment,Immune disorder
