"ChEMBL ID";"Name";"UniProt Accessions";"Type";"Organism";"Compounds";"Activities";"Tax ID";"Species Group Flag"
"CHEMBL3712972";"Epidermal growth factor-like protein 7";"Q9UHF1";"SINGLE PROTEIN";"Homo sapiens";"";"";"9606";"False"
"CHEMBL2052032";"Phosphatidylinositol 3,4,5-trisphosphate 3-phosphatase and dual-specificity protein phosphatase PTEN";"P60484";"SINGLE PROTEIN";"Homo sapiens";"2";"2";"9606";"False"
"CHEMBL4105756";"STE20-related kinase adapter protein beta";"Q9C0K7";"SINGLE PROTEIN";"Homo sapiens";"5";"7";"9606";"False"
"CHEMBL1697658";"Pleiotropic ABC efflux transporter of multiple drugs";"P33302";"SINGLE PROTEIN";"Saccharomyces cerevisiae S288c";"23";"46";"559292";"False"
"CHEMBL5856";"Serine/threonine-protein kinase PFTAIRE-2";"Q96Q40";"SINGLE PROTEIN";"Homo sapiens";"97";"103";"9606";"False"
"CHEMBL3559691";"Cyclin-dependent kinase";"P06493|P11802|P24941|Q00535|Q00534|P50613|Q00526|Q00536|Q07002|P49336|Q00537|P21127|Q96Q40|Q9BWU1|O94921|P50750|Q15131|Q14004|Q8IZL9|Q9NYV4";"PROTEIN FAMILY";"Homo sapiens";"37";"76";"9606";"False"
"CHEMBL4296513";"Multiple myeloma cancer stem cell";"";"CELL-LINE";"";"3";"31";"";"False"
"CHEMBL3108645";"Histone-lysine N-methyltransferase NSD2";"O96028";"SINGLE PROTEIN";"Homo sapiens";"598";"599";"9606";"False"
"CHEMBL2417354";"Acylglycerol kinase, mitochondrial";"Q53H12";"SINGLE PROTEIN";"Homo sapiens";"12";"12";"9606";"False"
"CHEMBL2176783";"Multiple PDZ domain protein";"Q8VBX6";"SINGLE PROTEIN";"Mus musculus";"2";"2";"10090";"False"
