"ChEMBL ID";"Name";"UniProt Accessions";"Type";"Organism";"Compounds";"Activities";"Tax ID";"Species Group Flag"
"CHEMBL2176806";"Fanconi anemia group M protein homolog";"Q8BGE5";"SINGLE PROTEIN";"Mus musculus";"1";"1";"10090";"False"
"CHEMBL3885567";"Fanconi anemia group F protein/Transcription factor HES-1";"Q9NPI8|Q14469";"PROTEIN-PROTEIN INTERACTION";"Homo sapiens";"3";"7";"9606";"False"
"CHEMBL612523";"Equine infectious anemia virus";"";"ORGANISM";"Equine infectious anemia virus";"17";"59";"11665";"False"
"CHEMBL2157856";"Fanconi anemia group F protein";"Q9NPI8";"SINGLE PROTEIN";"Homo sapiens";"1";"5";"9606";"False"
"CHEMBL2157857";"Fanconi anemia group D2 protein";"Q9BXW9";"SINGLE PROTEIN";"Homo sapiens";"1";"1";"9606";"False"
