"ChEMBL ID";"Name";"UniProt Accessions";"Type";"Organism";"Compounds";"Activities";"Tax ID";"Species Group Flag"
"CHEMBL3779755";"NACHT, LRR and PYD domains-containing protein 3";"Q8R4B8";"SINGLE PROTEIN";"Mus musculus";"46";"80";"10090";"False"
"CHEMBL4106164";"L-type calcium channel alpha-1c/beta-2/alpha2delta-1";"P54289|Q13936|Q08289";"PROTEIN COMPLEX";"Homo sapiens";"1";"1";"9606";"False"
"CHEMBL1293274";"Eukaryotic translation initiation factor 4H";"Q15056";"SINGLE PROTEIN";"Homo sapiens";"224";"242";"9606";"False"
"CHEMBL4295884";"Hermansky-Pudlak syndrome 6 protein";"Q86YV9";"SINGLE PROTEIN";"Homo sapiens";"1";"1";"9606";"False"
"CHEMBL1795090";"Abhydrolase domain-containing protein 11";"Q8K4F5";"SINGLE PROTEIN";"Mus musculus";"7";"10";"10090";"False"
"CHEMBL4105737";"Bromodomain adjacent to zinc finger domain protein 1A";"Q9NRL2";"SINGLE PROTEIN";"Homo sapiens";"1";"1";"9606";"False"
"CHEMBL2040701";"Lupus La protein";"P05455";"SINGLE PROTEIN";"Homo sapiens";"8";"14";"9606";"False"
"CHEMBL2146312";"Werner syndrome ATP-dependent helicase";"Q14191";"SINGLE PROTEIN";"Homo sapiens";"8356";"8824";"9606";"False"
"CHEMBL1293237";"Bloom syndrome protein";"P54132";"SINGLE PROTEIN";"Homo sapiens";"2967";"4095";"9606";"False"
"CHEMBL4105996";"Sjoegren syndrome/scleroderma autoantigen 1";"O60232";"SINGLE PROTEIN";"Homo sapiens";"2";"2";"9606";"False"
"CHEMBL3588730";"Tyrosine-protein kinase BAZ1B";"Q9UIG0";"SINGLE PROTEIN";"Homo sapiens";"5";"5";"9606";"False"
"CHEMBL6014";"Testis-specific serine/threonine-protein kinase 2";"Q96PF2";"SINGLE PROTEIN";"Homo sapiens";"1120";"1676";"9606";"False"
"CHEMBL3317336";"Voltage-dependent L-type calcium channel subunit beta-2";"Q08289";"SINGLE PROTEIN";"Homo sapiens";"1";"1";"9606";"False"
"CHEMBL2189134";"Alpha/beta hydrolase domain-containing protein 11";"Q8NFV4";"SINGLE PROTEIN";"Homo sapiens";"4";"4";"9606";"False"
"CHEMBL3774296";"Neural Wiskott-Aldrich syndrome protein";"O08816";"SINGLE PROTEIN";"Rattus norvegicus";"2";"2";"10116";"False"
"CHEMBL4296578";"Middle East respiratory syndrome-related coronavirus";"";"ORGANISM";"Middle East respiratory syndrome-related coronavirus";"4";"5";"1335626";"False"
"CHEMBL3108646";"Histone-lysine N-methyltransferase NSD3";"Q9BZ95";"SINGLE PROTEIN";"Homo sapiens";"7";"7";"9606";"False"
"CHEMBL1741208";"NACHT, LRR and PYD domains-containing protein 3";"Q96P20";"SINGLE PROTEIN";"Homo sapiens";"141";"261";"9606";"False"
"CHEMBL3885624";"PAC1-PAC2 complex";"O95456|Q969U7";"PROTEIN COMPLEX";"Homo sapiens";"1";"1";"9606";"False"
"CHEMBL2363032";"Voltage-gated calcium channel";"O95180|P54289|Q13936|Q8IZS8|Q13698|Q9NY47|Q01668|O00555|Q00975|O43497|Q7Z3S7|Q9P0X4|O60840|Q15878|O00305|Q08289|Q02641|P54284|P62955|Q9UF02|Q9Y698|Q9UBN1|Q8WXS5|O60359|Q9BXT2|Q06432";"PROTEIN COMPLEX GROUP";"Homo sapiens";"77";"87";"9606";"False"
"CHEMBL3108645";"Histone-lysine N-methyltransferase NSD2";"O96028";"SINGLE PROTEIN";"Homo sapiens";"598";"599";"9606";"False"
"CHEMBL3879858";"Fragile X mental retardation syndrome-related protein 1";"P51114";"SINGLE PROTEIN";"Homo sapiens";"1";"1";"9606";"False"
"CHEMBL3108639";"Cat eye syndrome critical region protein 2";"Q9BXF3";"SINGLE PROTEIN";"Homo sapiens";"101";"122";"9606";"False"
