Gene_symbol,   Genes,Freq
T,"T, brachyury homolog (mouse)",332
KL,klotho,17
AR,androgen receptor,15
MB,myoglobin,9
CS,citrate synthase,7
TF,transferrin,7
CP,ceruloplasmin (ferroxidase),6
IK,"IK cytokine, down-regulator of HLA II",5
PC,pyruvate carboxylase,5
TH,tyrosine hydroxylase,5
HR,hair growth associated,4
SI,sucrase-isomaltase (alpha-glucosidase),4
GC,group-specific component (vitamin D binding protein),3
HP,haptoglobin,3
SRF,serum response factor (c-fos serum response element-binding transcription factor),3
TG,thyroglobulin,3
ADNP,activity-dependent neuroprotector homeobox,2
CACNA1D,"calcium channel, voltage-dependent, L type, alpha 1D subunit",2
DICER1,"dicer 1, ribonuclease type III",2
FAT1,FAT tumor suppressor homolog 1 (Drosophila),2
FH,fumarate hydratase,2
HIST1H1E,"histone cluster 1, H1e",2
MEIS2,Meis homeobox 2,2
NONO,"non-POU domain containing, octamer-binding",2
RFC1,"replication factor C (activator 1) 1, 145kDa",2
SHOX,short stature homeobox,2
SPATA5,spermatogenesis associated 5,2
WAC,WW domain containing adaptor with coiled-coil,2
AARS2,"alanyl-tRNA synthetase 2, mitochondrial",1
AGL,"amylo-alpha-1, 6-glucosidase, 4-alpha-glucanotransferase",1
AIFM1,"apoptosis-inducing factor, mitochondrion-associated, 1",1
AP3B2,"adaptor-related protein complex 3, beta 2 subunit",1
APOBEC3A,"apolipoprotein B mRNA editing enzyme, catalytic polypeptide-like 3A",1
ASXL3,additional sex combs like 3 (Drosophila),1
ATAD3A,"ATPase family, AAA domain containing 3A",1
ATN1,atrophin 1,1
AUTS2,autism susceptibility candidate 2,1
B4GALT7,"xylosylprotein beta 1,4-galactosyltransferase, polypeptide 7",1
BCL11A,B-cell CLL/lymphoma 11A (zinc finger protein),1
BCOR,BCL6 corepressor,1
BPTF,bromodomain PHD finger transcription factor,1
BRWD3,bromodomain and WD repeat domain containing 3,1
CBS,cystathionine-beta-synthase,1
CD19,CD19 molecule,1
CD55,"CD55 molecule, decay accelerating factor for complement (Cromer blood group)",1
CDK8,cyclin-dependent kinase 8,1
CHD8,chromodomain helicase DNA binding protein 8,1
CHM,choroideremia (Rab escort protein 1),1
CLCN4,"chloride channel, voltage-sensitive 4",1
CNKSR1,connector enhancer of kinase suppressor of Ras 1,1
CNOT1,"CCR4-NOT transcription complex, subunit 1",1
CTCF,CCCTC-binding factor (zinc finger protein),1
CTU2,cytosolic thiouridylase subunit 2 homolog (S. pombe),1
DDX3X,"DEAD (Asp-Glu-Ala-Asp) box polypeptide 3, X-linked",1
DIAPH1,diaphanous homolog 1 (Drosophila),1
DNMT3A,DNA (cytosine-5-)-methyltransferase 3 alpha,1
E2F4,"E2F transcription factor 4, p107/p130-binding",1
ECEL1,endothelin converting enzyme-like 1,1
ENG,endoglin,1
ENPP1,ectonucleotide pyrophosphatase/phosphodiesterase 1,1
EXOC3L2,exocyst complex component 3-like 2,1
FBXO11,F-box protein 11,1
FOXO1,forkhead box O1,1
FOXP1,forkhead box P1,1
GABRA3,"gamma-aminobutyric acid (GABA) A receptor, alpha 3",1
GK,glycerol kinase,1
GLI2,GLI family zinc finger 2,1
GNB5,"guanine nucleotide binding protein (G protein), beta 5",1
GPI,glucose-6-phosphate isomerase,1
GRIN1,"glutamate receptor, ionotropic, N-methyl D-aspartate 1",1
GTPBP2,GTP binding protein 2,1
HACE1,HECT domain and ankyrin repeat containing E3 ubiquitin protein ligase 1,1
HNRNPH1,heterogeneous nuclear ribonucleoprotein H1 (H),1
HTRA2,HtrA serine peptidase 2,1
HTT,huntingtin,1
HUWE1,"HECT, UBA and WWE domain containing 1, E3 ubiquitin protein ligase",1
HYAL2,hyaluronoglucosaminidase 2,1
IARS,isoleucyl-tRNA synthetase,1
IQSEC2,IQ motif and Sec7 domain 2,1
KCNC1,"potassium voltage-gated channel, Shaw-related subfamily, member 1",1
KIAA2022,KIAA2022,1
KLHL7,kelch-like family member 7,1
KY,kyphoscoliosis peptidase,1
LAMA1,"laminin, alpha 1",1
LARP7,"La ribonucleoprotein domain family, member 7",1
LMX1B,"LIM homeobox transcription factor 1, beta",1
MAB21L1,mab-21-like 1 (C. elegans),1
MACF1,microtubule-actin crosslinking factor 1,1
MED13L,mediator complex subunit 13-like,1
MN1,meningioma (disrupted in balanced translocation) 1,1
MSL3,male-specific lethal 3 homolog (Drosophila),1
MT-ATP6,mitochondrially encoded ATP synthase 6,1
MTOR,mechanistic target of rapamycin (serine/threonine kinase),1
MYH9,"myosin, heavy chain 9, non-muscle",1
NCL,nucleolin,1
NEDD4L,"neural precursor cell expressed, developmentally down-regulated 4-like, E3 ubiquitin protein ligase",1
NFIX,nuclear factor I/X (CCAAT-binding transcription factor),1
NHS,Nance-Horan syndrome (congenital cataracts and dental anomalies),1
NLRP1,"NLR family, pyrin domain containing 1",1
NOTCH1,notch 1,1
PANK2,pantothenate kinase 2,1
PHF21A,PHD finger protein 21A,1
PHIP,pleckstrin homology domain interacting protein,1
PIAS4,"protein inhibitor of activated STAT, 4",1
PIGK,"phosphatidylinositol glycan anchor biosynthesis, class K",1
POMP,proteasome maturation protein,1
PPP1R15B,"protein phosphatase 1, regulatory subunit 15B",1
PPP2CA,"protein phosphatase 2, catalytic subunit, alpha isozyme",1
PTEN,phosphatase and tensin homolog,1
PURA,purine-rich element binding protein A,1
PUS1,pseudouridylate synthase 1,1
PYCR2,"pyrroline-5-carboxylate reductase family, member 2",1
RORA,RAR-related orphan receptor A,1
RPL10,ribosomal protein L10,1
SCN1A,"sodium channel, voltage-gated, type I, alpha subunit",1
SLC2A1,"solute carrier family 2 (facilitated glucose transporter), member 1",1
SLC6A8,"solute carrier family 6 (neurotransmitter transporter, creatine), member 8",1
SMARCC2,"SWI/SNF related, matrix associated, actin dependent regulator of chromatin, subfamily c, member 2",1
STAR,steroidogenic acute regulatory protein,1
STXBP1,syntaxin binding protein 1,1
TASP1,"taspase, threonine aspartase, 1",1
TBL1XR1,transducin (beta)-like 1 X-linked receptor 1,1
TBX3,T-box 3,1
TRAPPC6A,trafficking protein particle complex 6A,1
TRRAP,transformation/transcription domain-associated protein,1
TTN,titin,1
UNC45A,unc-45 homolog A (C. elegans),1
VDAC1,voltage-dependent anion channel 1,1
VIPR2,vasoactive intestinal peptide receptor 2,1
VPS33B,vacuolar protein sorting 33 homolog B (yeast),1
WDR26,WD repeat domain 26,1
ZMIZ1,"zinc finger, MIZ-type containing 1",1
ZNF462,zinc finger protein 462,1
