"ChEMBL ID";"Name";"UniProt Accessions";"Type";"Organism";"Compounds";"Activities";"Tax ID";"Species Group Flag"
"CHEMBL4189";"Homeobox protein Brn-2";"P20265";"SINGLE PROTEIN";"Homo sapiens";"4";"4";"9606";"False"
"CHEMBL1250353";"Phosphate system positive regulatory protein PHO81";"P17442";"SINGLE PROTEIN";"Saccharomyces cerevisiae S288c";"1";"4";"559292";"False"
"CHEMBL4106136";"DNA-PK/Ku70/Ku85";"P78527|P12956|P13010";"PROTEIN COMPLEX";"Homo sapiens";"23";"23";"9606";"False"
"CHEMBL5589";"Cyclin-dependent protein kinase PHO85";"P17157";"SINGLE PROTEIN";"Saccharomyces cerevisiae S288c";"4";"4";"559292";"False"
"CHEMBL2040701";"Lupus La protein";"P05455";"SINGLE PROTEIN";"Homo sapiens";"8";"14";"9606";"False"
"CHEMBL1743298";"Sulfotransferase 4A1";"Q9BR01";"SINGLE PROTEIN";"Homo sapiens";"6";"6";"9606";"False"
"CHEMBL4105956";"MICOS complex subunit MIC10";"Q5TGZ0";"SINGLE PROTEIN";"Homo sapiens";"2";"2";"9606";"False"
"CHEMBL2111355";"Pho80/Pho85";"P17157|P20052";"PROTEIN COMPLEX";"Saccharomyces cerevisiae S288c";"2";"7";"559292";"False"
"CHEMBL3309104";"MCG3105, isoform CRA_a";"Q91ZP4";"SINGLE PROTEIN";"Mus musculus";"1";"1";"10090";"False"
"CHEMBL2321639";"Histo-blood group ABO system transferase";"P16442";"SINGLE PROTEIN";"Homo sapiens";"4";"13";"9606";"False"
"CHEMBL3309025";"Probable phospholipid ABC transporter-binding protein MlaB";"P64602";"SINGLE PROTEIN";"Escherichia coli (strain K12)";"1";"1";"83333";"False"
"CHEMBL1075149";"Cystine/glutamate transporter";"Q9UPY5";"SINGLE PROTEIN";"Homo sapiens";"110";"141";"9606";"False"
"CHEMBL2111410";"Pho80/Pho85/Pho81 complex";"P17157|P17442|P20052";"PROTEIN COMPLEX";"Saccharomyces cerevisiae S288c";"2";"23";"559292";"False"
"CHEMBL4459";"L-type amino acid transporter 1";"Q01650";"SINGLE PROTEIN";"Homo sapiens";"85";"237";"9606";"False"
