"ChEMBL ID";"Name";"UniProt Accessions";"Type";"Organism";"Compounds";"Activities";"Tax ID";"Species Group Flag"
"CHEMBL2109240";"Calcitonin-gene-related peptide receptor; CALCRL/RAMP1";"Q63118|Q9JJ74";"PROTEIN COMPLEX";"Rattus norvegicus";"1";"1";"10116";"False"
"CHEMBL5499";"C-C chemokine receptor type 1";"Q9JLY8";"SINGLE PROTEIN";"Rattus norvegicus";"38";"38";"10116";"False"
"CHEMBL4295879";"Zinc finger CCCH-type antiviral protein 1";"Q7Z2W4";"SINGLE PROTEIN";"Homo sapiens";"5";"5";"9606";"False"
"CHEMBL3232699";"Arginase-1";"P07824";"SINGLE PROTEIN";"Rattus norvegicus";"3";"3";"10116";"False"
"CHEMBL1613742";"Taste receptor type 1 member 3";"Q7RTX0";"SINGLE PROTEIN";"Homo sapiens";"4";"10";"9606";"False"
"CHEMBL5738";"Fatty acid-binding protein, liver";"P02692";"SINGLE PROTEIN";"Rattus norvegicus";"22";"89";"10116";"False"
"CHEMBL2363853";"70S ribosome";"Q8CWR9|P66340|P66360|P0A4A8|P66393|P66420|Q8CWQ0|P66445|P0A4B4|P66473|P0A4B6|Q8CWM8|Q8CWS0|P66525|P0A4C4|P66566|P66582|P66603|Q8CWU6|P66633|Q8CWU4|P66096|P66051|Q8CWS9|Q8CWU5|P0A474|Q8CWV0|P0A476|Q8CWU8|Q8CWV2|Q8CWQ9|Q8CWV5|P66113|Q8CWR5|P61183|Q8CWV6|P60630|P66136|P66156|P0A484|Q8CWV8|Q8CWV1|P66201|Q8CWN3|Q8CWR8|Q8CWN7|P61361|P66257|P66279|P0A496|Q8CWV7|Q8CWV4|Q8CWV3|P0A472|P66321";"PROTEIN NUCLEIC-ACID COMPLEX";"Streptococcus pneumoniae";"";"";"1313";"False"
"CHEMBL3307226";"Orexin receptor";"O43614|O43613";"PROTEIN FAMILY";"Homo sapiens";"";"";"9606";"False"
"CHEMBL3559684";"Neurotrophic tyrosine kinase receptor";"P04629|Q16620|Q16288";"PROTEIN FAMILY";"Homo sapiens";"";"";"9606";"False"
"CHEMBL3712919";"Transmembrane glycoprotein NMB";"Q14956";"SINGLE PROTEIN";"Homo sapiens";"";"";"9606";"False"
"CHEMBL2364103";"70S ribosome";"P66341|Q9A1V0|P66376|P66394|P66421|P66424|Q99XZ0|P66446|Q9A1W5|P66475|P66496|P66509|P66526|P68901|P66555|P66567|P66583|P66599|P66619|P66634|P66648|P68900|P66058|Q9A1W4|Q9A1V5|Q9A1W7|Q9A1V8|P66084|P66097|P66114|Q9A0D6|P0C0D4|Q9A1X2|Q9A1W3|P66137|P66157|P66176|P60434|Q9A1V6|P66202|Q99XK8|Q490D8|Q48WA5|P66235|P66258|P66280|P66303|Q9A1X4|P0C0D6|Q9A1W2|Q9A1V9|P66063|P66322";"PROTEIN NUCLEIC-ACID COMPLEX";"Streptococcus pyogenes";"";"";"1314";"False"
"CHEMBL2364188";"Collagen";"P08123|P02452|P02458|P02461|P02462|P20908|P12109|P12107|P39059|P39060|Q17RW2|Q8IZC6|Q2UY09|P08572|P05997|P12110|P13942|Q01955|P25940|P12111|P53420|P29400|A8TX70|Q14031|A6NMZ7";"PROTEIN COMPLEX GROUP";"Homo sapiens";"";"";"9606";"False"
"CHEMBL3831223";"Aminopeptidase";"P15144|P55786|Q9H4A4|P53582|Q9UIQ6|Q9ULA0|Q07075|Q9NQW7|P28838|P50579|O43895|Q6P179|Q9NZ08|Q6Q4G3|Q8N6M6|Q6UB28|Q8NDH3|Q9HAU8|Q9NQH7";"PROTEIN FAMILY";"Homo sapiens";"";"";"9606";"False"
"CHEMBL3713643";"Complement receptor type 1";"P17927";"SINGLE PROTEIN";"Homo sapiens";"";"";"9606";"False"
"CHEMBL2364170";"Interferon alpha/beta receptor";"P17181|P48551";"PROTEIN COMPLEX";"Homo sapiens";"";"";"9606";"False"
"CHEMBL5277";"Atrial natriuretic peptide receptor A";"P18910";"SINGLE PROTEIN";"Rattus norvegicus";"31";"32";"10116";"False"
"CHEMBL1667692";"Carbapenem-hydrolyzing beta-lactamase BlaB-1";"O08498";"SINGLE PROTEIN";"Flavobacterium meningosepticum";"12";"12";"238";"False"
"CHEMBL4106164";"L-type calcium channel alpha-1c/beta-2/alpha2delta-1";"P54289|Q13936|Q08289";"PROTEIN COMPLEX";"Homo sapiens";"1";"1";"9606";"False"
"CHEMBL4105736";"Neuropeptide Y receptor type 4";"Q61041";"SINGLE PROTEIN";"Mus musculus";"8";"16";"10090";"False"
"CHEMBL4928";"cAMP-dependent protein kinase type I-alpha regulatory subunit";"P10644";"SINGLE PROTEIN";"Homo sapiens";"13";"13";"9606";"False"
"CHEMBL3542431";"Deiodinase";"P49895|Q92813|P55073";"PROTEIN FAMILY";"Homo sapiens";"";"";"9606";"False"
"CHEMBL2111357";"Calpain 1";"P04632|P07384";"PROTEIN COMPLEX";"Homo sapiens";"175";"176";"9606";"False"
"CHEMBL4483";"Activator of S phase kinase DBF4";"Q9UBU7";"SINGLE PROTEIN";"Homo sapiens";"1";"1";"9606";"False"
"CHEMBL2019";"Type I iodothyronine deiodinase (Type-I 5'-deiodinase) (DIOI) (Type 1 DI) (5DI)";"P49895";"SINGLE PROTEIN";"Homo sapiens";"";"";"9606";"False"
"CHEMBL4295851";"E3 ubiquitin-protein ligase UBR4";"Q5T4S7";"SINGLE PROTEIN";"Homo sapiens";"1";"2";"9606";"False"
"CHEMBL4105976";"Asc-type amino acid transporter 1";"P63116";"SINGLE PROTEIN";"Rattus norvegicus";"14";"14";"10116";"False"
"CHEMBL3616352";"Voltage-gated sodium channel alpha subunit Nav1.1";"Q68V28";"SINGLE PROTEIN";"Mus musculus";"7";"7";"10090";"False"
"CHEMBL3217";"Vacuolar ATP synthase subunit B, kidney isoform";"P15313";"SINGLE PROTEIN";"Homo sapiens";"5";"5";"9606";"False"
"CHEMBL4296118";"Androgen receptor/Baculoviral IAP repeat-containing protein 2";"P10275|Q13490";"PROTEIN-PROTEIN INTERACTION";"Homo sapiens";"20";"32";"9606";"False"
"CHEMBL4827";"Neuropeptide Y receptor type 4";"Q63447";"SINGLE PROTEIN";"Rattus norvegicus";"2";"2";"10116";"False"
"CHEMBL3988641";"Voltage-gated sodium channel";"O88457|O88420|O08562|P04775|P15390|P15389|Q62968|P04774|P97706|P08104";"PROTEIN FAMILY";"Rattus norvegicus";"17";"17";"10116";"False"
"CHEMBL2972";"Phosphofructokinase platelet type";"Q01813";"SINGLE PROTEIN";"Homo sapiens";"224";"224";"9606";"False"
"CHEMBL1795114";"CD209 antigen";"Q9NNX6";"SINGLE PROTEIN";"Homo sapiens";"48";"94";"9606";"False"
"CHEMBL3769297";"Transcription intermediary factor 1-beta";"Q13263";"SINGLE PROTEIN";"Homo sapiens";"4";"4";"9606";"False"
"CHEMBL3901";"Sarcoplasmic/endoplasmic reticulum calcium ATPase 2";"P16615";"SINGLE PROTEIN";"Homo sapiens";"35";"40";"9606";"False"
"CHEMBL1075300";"Parathyroid hormone receptor";"P41593";"SINGLE PROTEIN";"Mus musculus";"1";"1";"10090";"False"
"CHEMBL3988632";"L-type calcium channel";"Q01815|Q02789|Q99246|Q9JIS7";"PROTEIN FAMILY";"Mus musculus";"5";"8";"10090";"False"
"CHEMBL2189148";"Interleukin-1 receptor type 1";"P13504";"SINGLE PROTEIN";"Mus musculus";"3";"5";"10090";"False"
"CHEMBL2364166";"ATP synthase";"P9WPU9|P9WPU5|P9WPU7|P9WPV5|P9WPS1|P9WPV1|P9WPV7|P9WPV3";"PROTEIN COMPLEX";"Mycobacterium tuberculosis";"12";"13";"1773";"False"
"CHEMBL1958";"3-beta-hydroxysteroid dehydrogenase/delta 5-->4-isomerase type I";"P14060";"SINGLE PROTEIN";"Homo sapiens";"15";"15";"9606";"False"
"CHEMBL3147";"Calpain 1/2";"P00789";"SINGLE PROTEIN";"Gallus gallus";"3";"3";"9031";"False"
"CHEMBL4105964";"Metallo-beta-lactamase type 2";"P52699";"SINGLE PROTEIN";"Serratia marcescens";"7";"8";"615";"False"
"CHEMBL3309042";"Activin receptor type-1";"P37172";"SINGLE PROTEIN";"Mus musculus";"3";"3";"10090";"False"
"CHEMBL3136";"Sarcoplasmic/endoplasmic reticulum calcium ATPase 1";"O14983";"SINGLE PROTEIN";"Homo sapiens";"44";"54";"9606";"False"
"CHEMBL4837";"Adhesin protein fimH";"P08191";"SINGLE PROTEIN";"Escherichia coli K-12";"123";"254";"83333";"False"
"CHEMBL3542430";"11-beta-hydroxysteroid dehydrogenase";"P80365|P28845";"PROTEIN FAMILY";"Homo sapiens";"";"";"9606";"False"
"CHEMBL2097170";"Voltage-gated N-type calcium channel alpha-1B subunit/Amyloid beta A4 precursor protein-binding family A member 1";"Q00975|Q02410";"PROTEIN-PROTEIN INTERACTION";"Homo sapiens";"451";"925";"9606";"False"
"CHEMBL2111479";"geranylgeranyltransferase type-I";"P53610|Q04631";"PROTEIN COMPLEX";"Rattus norvegicus";"71";"72";"10116";"False"
"CHEMBL4296070";"Somatostatin receptor type 2/type 5";"P35346|P30874";"PROTEIN FAMILY";"Homo sapiens";"2";"4";"9606";"False"
"CHEMBL2095216";"Collagenase";"P08253|P14780|P22894|P45452|P03956";"PROTEIN FAMILY";"Homo sapiens";"145";"148";"9606";"False"
"CHEMBL5969";"Phosphatidylinositol-4-phosphate 5-kinase type-1 alpha";"Q99755";"SINGLE PROTEIN";"Homo sapiens";"120";"159";"9606";"False"
"CHEMBL3852";"Human immunodeficiency virus type 1 REV";"Q77YF8";"SINGLE PROTEIN";"Human immunodeficiency virus 1";"11";"13";"11676";"False"
"CHEMBL2224";"Ghrelin receptor";"Q95254";"SINGLE PROTEIN";"Sus scrofa";"1";"1";"9823";"False"
"CHEMBL2093861";"Menin/Histone-lysine N-methyltransferase MLL";"O00255|Q03164";"PROTEIN-PROTEIN INTERACTION";"Homo sapiens";"44242";"48017";"9606";"False"
"CHEMBL3301384";"CCR5/mu opioid receptor complex";"P51681|P35372";"PROTEIN COMPLEX";"Homo sapiens";"2";"3";"9606";"False"
"CHEMBL5421";"Fatty acid-binding protein, liver";"P07148";"SINGLE PROTEIN";"Homo sapiens";"4";"5";"9606";"False"
"CHEMBL2111450";"S-adenosylmethionine synthetase (MAT 1 and MAT 2)";"P13444|P18298";"PROTEIN FAMILY";"Rattus norvegicus";"47";"155";"10116";"False"
"CHEMBL1293236";"ATP-dependent DNA helicase Q1";"P46063";"SINGLE PROTEIN";"Homo sapiens";"4596";"5575";"9606";"False"
"CHEMBL2111393";"Farnesyltransferase";"P29703|P22007";"PROTEIN COMPLEX";"Saccharomyces cerevisiae S288c";"59";"66";"559292";"False"
"CHEMBL3542434";"Aldehyde dehydrogenase";"P51649|P05091|P49189|P48448|P00352|P30838|P47895|P43353|P30837|O94788|P30038";"PROTEIN FAMILY";"Homo sapiens";"";"";"9606";"False"
"CHEMBL2084";"Asialoglycoprotein receptor 1";"P07306";"SINGLE PROTEIN";"Homo sapiens";"14";"30";"9606";"False"
"CHEMBL3832947";"Calcitonin gene-related peptide";"P06881|P10092";"PROTEIN FAMILY";"Homo sapiens";"";"";"9606";"False"
"CHEMBL4295578";"Proteasome subunit beta type-1";"P38624";"SINGLE PROTEIN";"Saccharomyces cerevisiae (strain ATCC 204508 / S288c) (Baker's yeast)";"7";"7";"559292";"False"
"CHEMBL2034810";"C-type lectin domain family 7 member A";"Q9BXN2";"SINGLE PROTEIN";"Homo sapiens";"6";"6";"9606";"False"
"CHEMBL3301387";"Cannabinoid CB1 receptor/orexin receptor 1 complex";"P21554|O43613";"PROTEIN COMPLEX";"Homo sapiens";"9";"18";"9606";"False"
"CHEMBL3988633";"L-type calcium channel";"O35505|H0VIT6|H0W4W8|H0W390";"PROTEIN FAMILY";"Cavia porcellus";"1";"1";"10141";"False"
"CHEMBL2106";"Fructose-bisphosphate aldolase A";"P04075";"SINGLE PROTEIN";"Homo sapiens";"1";"1";"9606";"False"
"CHEMBL4295783";"Matrix metalloproteinase-14";"P53690";"SINGLE PROTEIN";"Mus musculus";"1";"1";"10090";"False"
"CHEMBL3885625";"Proteasome subunit beta type-1/beta type-5";"P20618|P28074";"PROTEIN FAMILY";"Homo sapiens";"1";"2";"9606";"False"
"CHEMBL2363043";"Ephrin receptor";"P29317|P29323|P54756|P54764|P29322|Q9UF33|Q15375|P54753|P29320|P54762|P54760|P21709|O15197|Q5JZY3";"PROTEIN FAMILY";"Homo sapiens";"";"";"9606";"False"
"CHEMBL2096973";"Peptide N-myristoyltransferase";"P30419|O60551";"PROTEIN FAMILY";"Homo sapiens";"101";"241";"9606";"False"
"CHEMBL3291";"Phosphofructokinase muscle type";"P08237";"SINGLE PROTEIN";"Homo sapiens";"2";"2";"9606";"False"
"CHEMBL4106135";"RyR1/FKBP12";"P21817|P62942";"PROTEIN COMPLEX";"Homo sapiens";"13";"13";"9606";"False"
"CHEMBL271";"Protein farnesyltransferase/geranylgeranyltransferase type I alpha subunit";"P49354";"SINGLE PROTEIN";"Homo sapiens";"1";"2";"9606";"False"
"CHEMBL1795147";"C-C chemokine receptor type 5";"Q1ZY22";"SINGLE PROTEIN";"Oryctolagus cuniculus";"1";"1";"9986";"False"
"CHEMBL2909";"Human immunodeficiency virus type I enhancer-binding protein 1";"P15822";"SINGLE PROTEIN";"Homo sapiens";"6";"35";"9606";"False"
"CHEMBL1959";"Interleukin-1 receptor";"P14778";"SINGLE PROTEIN";"Homo sapiens";"5";"5";"9606";"False"
"CHEMBL4169";"Voltage-gated L-type calcium channel alpha-1S subunit";"P07293";"SINGLE PROTEIN";"Oryctolagus cuniculus";"3";"3";"9986";"False"
"CHEMBL2406";"Protein farnesyltransferase/geranylgeranyltransferase type I alpha subunit";"P29703";"SINGLE PROTEIN";"Saccharomyces cerevisiae S288c";"6";"18";"559292";"False"
"CHEMBL1293259";"Ephrin type-A receptor 4";"Q03137";"SINGLE PROTEIN";"Mus musculus";"134";"268";"10090";"False"
"CHEMBL1795146";"C-C chemokine receptor type 5";"O08556";"SINGLE PROTEIN";"Rattus norvegicus";"1";"1";"10116";"False"
"CHEMBL3428";"Ghrelin receptor";"Q99P50";"SINGLE PROTEIN";"Mus musculus";"2";"2";"10090";"False"
"CHEMBL4106124";"MLL1-ASH2L/RbBP5/WDR5/DPY30";"P61964|Q03164|Q9UBL3|Q15291|Q9C005";"PROTEIN-PROTEIN INTERACTION";"Homo sapiens";"19";"19";"9606";"False"
"CHEMBL2096987";"Geranylgeranyl transferase type I";"P29702|Q5EAD5";"PROTEIN COMPLEX";"Bos taurus";"218";"226";"9913";"False"
"CHEMBL4296121";"Baculoviral IAP repeat-containing protein 3/Huntingtin";"Q13489|P42858";"PROTEIN-PROTEIN INTERACTION";"Homo sapiens";"3";"23";"9606";"False"
"CHEMBL4105796";"Atypical chemokine receptor 3";"P56485";"SINGLE PROTEIN";"Mus musculus";"2";"2";"10090";"False"
"CHEMBL3747";"Calpain 1";"P97571";"SINGLE PROTEIN";"Rattus norvegicus";"30";"41";"10116";"False"
"CHEMBL2363075";"Steroid 5-alpha-reductase";"P18405|P31213|Q9H8P0";"PROTEIN FAMILY";"Homo sapiens";"1";"1";"9606";"False"
"CHEMBL3585237";"Sarcoplasmic/endoplasmic reticulum calcium ATPase 2";"P11507";"SINGLE PROTEIN";"Rattus norvegicus";"1";"1";"10116";"False"
"CHEMBL3627586";"Peroxiredoxin-5, mitochondrial";"P30044";"SINGLE PROTEIN";"Homo sapiens";"2";"3";"9606";"False"
"CHEMBL3588728";"TNF receptor-associated factor 6";"Q9Y4K3";"SINGLE PROTEIN";"Homo sapiens";"4";"8";"9606";"False"
"CHEMBL2111440";"VEGF-receptor 2 and PDGF-receptor beta (KDR and PDGFR beta)";"P09619|P35968";"SELECTIVITY GROUP";"Homo sapiens";"25";"25";"9606";"False"
"CHEMBL4105896";"Serine/threonine-protein kinase receptor R3";"Q61288";"SINGLE PROTEIN";"Mus musculus";"6";"16";"10090";"False"
"CHEMBL5127";"Poliovirus type 1 polyprotein";"P03300";"SINGLE PROTEIN";"Human poliovirus 1 Mahoney";"20";"20";"12081";"False"
"CHEMBL4296120";"E3 ubiquitin-protein ligase XIAP/BCR/ABL";"P00519|P98170|P11274";"PROTEIN-PROTEIN INTERACTION";"Homo sapiens";"1";"1";"9606";"False"
"CHEMBL3301388";"EZH2/SUZ12/EED/RBBP7/RBBP4";"Q15910|O75530|Q15022|Q09028|Q16576";"PROTEIN COMPLEX";"Homo sapiens";"7";"11";"9606";"False"
"CHEMBL4295881";"E3 ubiquitin-protein ligase HUWE1";"Q7Z6Z7";"SINGLE PROTEIN";"Homo sapiens";"1";"2";"9606";"False"
"CHEMBL5723";"Arylamine N-acetyltransferase 1";"P50294";"SINGLE PROTEIN";"Mus musculus";"1";"1";"10090";"False"
"CHEMBL2627";"Dihydrofolate reductase type 1";"P00382";"SINGLE PROTEIN";"Escherichia coli";"131";"145";"562";"False"
"CHEMBL4103";"Delta opioid receptor";"P79291";"SINGLE PROTEIN";"Sus scrofa";"1";"1";"9823";"False"
"CHEMBL3112384";"Retinal dehydrogenase 2";"O94788";"SINGLE PROTEIN";"Homo sapiens";"88";"112";"9606";"False"
"CHEMBL4106178";"Neuropeptide Y receptor type 1/2";"Q04573|P97295";"PROTEIN FAMILY";"Mus musculus";"1";"2";"10090";"False"
"CHEMBL2364096";"70S ribosome";"Q2FW31|P0A0H0|Q2FW30|Q2FW19|Q2FYU5|Q2G2Q1|Q2FZ45|Q2FW15|Q2G111|Q2FW10|Q2FXY6|Q2FXZ7|Q2FZ25|Q2FW12|Q2FXK6|Q2FW23|Q2G113|P48940|Q2FW20|Q2FW39|Q2FYF9|Q2G0N9|P0A0F4|Q2FW38|Q2FW16|P0A0F8|Q2FW13|Q2FW33|Q2FW22|Q2FZ42|Q2G0P0|Q2FXQ1|Q2FXS8|Q2FW11|Q2FW08|Q2FW17|Q2FXT0|Q2FZ60|Q2FW14|P60430|P0A0G2|Q2FWD8|Q2FZF1|Q2FYU6|Q2FY22|Q2FUQ0|Q2FXQ0|Q2FW29|Q2FW06|Q2FW07|Q2FW18|Q2FW21|P48860|Q2G2T3";"PROTEIN NUCLEIC-ACID COMPLEX";"Staphylococcus aureus";"";"";"1280";"False"
"CHEMBL2363965";"70S ribosome";"P9WHE1|P9WH43|P9WH67|P9WH65|P9WH63|P9WH61|P9WH59|P9WH57|P9WH55|P9WH53|P9WH51|P9WH49|P9WH47|P9WH45|P9WH39|P9WH41|P9WH37|P9WH35|P9WH33|P9WH31|P9WH29|P9WH27|P9WH25|P9WHC7|P9WHE7|P9WHE5|P9WHD9|P9WHD7|P9WHD5|P9WHD3|P9WHD1|P9WHC9|P9WHA5|P9WHC5|P9WHC3|P9WHC1|P9WHB9|P9WHB7|P9WHB5|P9WHB3|P9WHB1|P9WHA9|P9WHA7|P9WH87|P9WHA3|P9WHA1|P9WH99|P9WH97|P9WH95|P9WH93|P9WH91|P9WH89|P9WH85|P9WH83|P9WH81|P9WHE3|P9WH79";"PROTEIN NUCLEIC-ACID COMPLEX";"Mycobacterium tuberculosis";"";"";"1773";"False"
"CHEMBL1909486";"Protein-arginine deiminase type-1";"Q9ULC6";"SINGLE PROTEIN";"Homo sapiens";"82";"121";"9606";"False"
"CHEMBL1955712";"Vasoactive intestinal polypeptide receptor 1";"P30083";"SINGLE PROTEIN";"Rattus norvegicus";"43";"86";"10116";"False"
"CHEMBL3585236";"Sarcoplasmic/endoplasmic reticulum calcium ATPase 1";"Q64578";"SINGLE PROTEIN";"Rattus norvegicus";"1";"1";"10116";"False"
"CHEMBL4296086";"Cacna1b/Cacnb3";"Q02294|P54287";"PROTEIN COMPLEX";"Rattus norvegicus";"1";"1";"10116";"False"
"CHEMBL2034811";"Calcitonin gene-related peptide type 1 receptor";"Q9R1W5";"SINGLE PROTEIN";"Mus musculus";"1";"1";"10090";"False"
"CHEMBL1687682";"Voltage-dependent R-type calcium channel subunit alpha-1E";"Q15878";"SINGLE PROTEIN";"Homo sapiens";"1";"1";"9606";"False"
"CHEMBL2176854";"Macrophage mannose receptor 1";"P22897";"SINGLE PROTEIN";"Homo sapiens";"6";"8";"9606";"False"
"CHEMBL1075126";"Pyruvate kinase isozymes R/L";"P30613";"SINGLE PROTEIN";"Homo sapiens";"615";"2512";"9606";"False"
"CHEMBL5293";"Calcitonin gene-related peptide 1";"P06881";"SINGLE PROTEIN";"Homo sapiens";"124";"210";"9606";"False"
"CHEMBL4709";"Type 1 dehydroquinase";"P05194";"SINGLE PROTEIN";"Escherichia coli K-12";"5";"19";"83333";"False"
"CHEMBL3751652";"Collagen alpha-1(I) chain";"Q9XSJ7";"SINGLE PROTEIN";"Canis lupus familiaris";"3";"3";"9615";"False"
"CHEMBL3421522";"Oxidized low-density lipoprotein receptor 1";"P78380";"SINGLE PROTEIN";"Homo sapiens";"1";"2";"9606";"False"
"CHEMBL3988638";"Voltage-dependent L-type calcium channel alpha1C/alpha2delta/beta1b";"P54289|Q13936|Q02641";"PROTEIN COMPLEX";"Homo sapiens";"52";"64";"9606";"False"
"CHEMBL2111465";"Opioid receptor (mu and kappa)";"P41144|P97266";"SELECTIVITY GROUP";"Cavia porcellus";"71";"114";"10141";"False"
"CHEMBL3562162";"Neutral amino acid transporter B(0)";"Q15758";"SINGLE PROTEIN";"Homo sapiens";"53";"62";"9606";"False"
"CHEMBL1887";"Interferon-alpha/beta receptor alpha chain";"P17181";"SINGLE PROTEIN";"Homo sapiens";"38";"50";"9606";"False"
"CHEMBL3301421";"Geranylgeranyl transferase type 1";"Q61239|Q8BUY9";"PROTEIN COMPLEX";"Mus musculus";"44";"44";"10090";"False"
"CHEMBL3309105";"Taste receptor type 2 member 14";"Q9NYV8";"SINGLE PROTEIN";"Homo sapiens";"117";"151";"9606";"False"
"CHEMBL3430901";"Voltage-dependent N-type calcium channel subunit alpha-1B/Voltage-dependent calcium channel subunit alpha-2/delta-1/Voltage-dependent L-type calcium channel subunit beta-3";"P54289|Q00975|P54284";"PROTEIN COMPLEX";"Homo sapiens";"1";"2";"9606";"False"
"CHEMBL5342";"11-beta-hydroxysteroid dehydrogenase type 1";"Q5XX84";"SINGLE PROTEIN";"Canis lupus familiaris";"3";"4";"9615";"False"
"CHEMBL1938219";"Neuropeptides B/W receptor type 1";"P49681";"SINGLE PROTEIN";"Mus musculus";"41";"82";"10090";"False"
"CHEMBL3465";"Sigma opioid receptor";"O55242";"SINGLE PROTEIN";"Mus musculus";"157";"159";"10090";"False"
"CHEMBL2064";"GABA-B receptor 1";"Q9UBS5";"SINGLE PROTEIN";"Homo sapiens";"30";"37";"9606";"False"
"CHEMBL4123";"Neurotensin receptor 1";"P30989";"SINGLE PROTEIN";"Homo sapiens";"559";"931";"9606";"False"
"CHEMBL1997";"Equilibrative nucleoside transporter 1";"Q99808";"SINGLE PROTEIN";"Homo sapiens";"330";"565";"9606";"False"
"CHEMBL2093867";"Protein kinase C (PKC)";"O94806|P41743|P17252|P05129|Q05655|P05771|Q05513|Q02156|P24723|Q15139|Q04759";"PROTEIN FAMILY";"Homo sapiens";"629";"941";"9606";"False"
"CHEMBL5307";"Growth hormone secretagogue receptor type 1";"A5A4K9";"SINGLE PROTEIN";"Oryctolagus cuniculus";"1";"1";"9986";"False"
"CHEMBL3027";"Neurotensin receptor 1";"P20789";"SINGLE PROTEIN";"Rattus norvegicus";"113";"194";"10116";"False"
"CHEMBL1250365";"C-X-C chemokine receptor type 4";"P70658";"SINGLE PROTEIN";"Mus musculus";"5";"5";"10090";"False"
"CHEMBL2111334";"Cholecystokinin receptor";"O08786|P56481";"PROTEIN FAMILY";"Mus musculus";"84";"88";"10090";"False"
"CHEMBL2094129";"Opioid receptor";"P33533|P34975|P33535";"PROTEIN FAMILY";"Rattus norvegicus";"524";"987";"10116";"False"
"CHEMBL2095178";"Protein farnesyltransferase";"P29702|P49355";"PROTEIN COMPLEX";"Bos taurus";"456";"551";"9913";"False"
"CHEMBL2096977";"Somatostatin receptor";"P30680|P30936|P30938|P30937|P28646";"PROTEIN FAMILY";"Rattus norvegicus";"161";"172";"10116";"False"
"CHEMBL5409";"G-protein coupled bile acid receptor 1";"Q8TDU6";"SINGLE PROTEIN";"Homo sapiens";"753";"1315";"9606";"False"
"CHEMBL5462";"Baculoviral IAP repeat-containing protein 2";"Q13490";"SINGLE PROTEIN";"Homo sapiens";"732";"933";"9606";"False"
"CHEMBL1287611";"Equilibrative nucleoside transporter 1";"Q9JIM1";"SINGLE PROTEIN";"Mus musculus";"17";"21";"10090";"False"
"CHEMBL4208";"Proteasome component C5";"P20618";"SINGLE PROTEIN";"Homo sapiens";"401";"629";"9606";"False"
"CHEMBL2096620";"Protein kinase C, PKC; classical/novel";"O94806|P17252|P05129|Q05655|P05771|Q02156|P24723|Q15139|Q04759";"PROTEIN FAMILY";"Homo sapiens";"68";"71";"9606";"False"
"CHEMBL2798";"Cholecystokinin A receptor";"O08786";"SINGLE PROTEIN";"Mus musculus";"79";"90";"10090";"False"
"CHEMBL2095164";"Geranylgeranyl transferase type I";"P49354|P53609";"PROTEIN COMPLEX";"Homo sapiens";"716";"845";"9606";"False"
"CHEMBL2111463";"GABA-B receptor";"Q9UBS5|O75899";"PROTEIN COMPLEX";"Homo sapiens";"125";"218";"9606";"False"
"CHEMBL2493";"CaM kinase I alpha";"Q14012";"SINGLE PROTEIN";"Homo sapiens";"1135";"1462";"9606";"False"
"CHEMBL1787";"Steroid 5-alpha-reductase 1";"P18405";"SINGLE PROTEIN";"Homo sapiens";"544";"744";"9606";"False"
"CHEMBL4594";"C-C chemokine receptor type 7";"P32248";"SINGLE PROTEIN";"Homo sapiens";"24";"27";"9606";"False"
"CHEMBL5990";"Breast cancer type 1 susceptibility protein";"P38398";"SINGLE PROTEIN";"Homo sapiens";"15823";"15908";"9606";"False"
"CHEMBL3988592";"ADAM metallopeptidase with thrombospondin type 1 motif 4";"E2RFF5";"SINGLE PROTEIN";"Canis lupus familiaris";"3";"6";"9615";"False"
"CHEMBL4015";"C-C chemokine receptor type 2";"P41597";"SINGLE PROTEIN";"Homo sapiens";"2970";"5318";"9606";"False"
"CHEMBL2950";"Type 1 InsP3 receptor isoform S2";"P79248";"SINGLE PROTEIN";"Sus scrofa";"20";"25";"9823";"False"
"CHEMBL4011";"Human immunodeficiency virus type 1 Tat protein";"P04608";"SINGLE PROTEIN";"Human immunodeficiency virus type 1 group M subtype B (isolate HXB2)(HIV-1)";"1016";"1018";"11706";"False"
"CHEMBL2096991";"Protein farnesyl/geranylgeranyl transferase";"P49354|P49356|P53609";"PROTEIN COMPLEX GROUP";"Homo sapiens";"138";"143";"9606";"False"
"CHEMBL3885586";"Hepatocyte growth factor activator/Serine protease hepsin/Suppressor of tumorigenicity 14 protein";"Q9Y5Y6|P05981|Q04756";"PROTEIN FAMILY";"Homo sapiens";"4";"4";"9606";"False"
"CHEMBL6038";"Parathyroid hormone receptor";"P25961";"SINGLE PROTEIN";"Rattus norvegicus";"14";"14";"10116";"False"
"CHEMBL2111453";"Endothelin receptor";"P26684|P21451";"PROTEIN FAMILY";"Rattus norvegicus";"147";"172";"10116";"False"
"CHEMBL3805";"Voltage-gated L-type calcium channel alpha-1S subunit";"Q13698";"SINGLE PROTEIN";"Homo sapiens";"42";"44";"9606";"False"
"CHEMBL1938222";"1-phosphatidylinositol 3-phosphate 5-kinase";"Q9Y2I7";"SINGLE PROTEIN";"Homo sapiens";"17";"18";"9606";"False"
"CHEMBL2097167";"Adenylate cyclase";"Q8NFM4|O60503|Q08828|P40145|O60266|O95622|O43306|Q08462|P51828";"PROTEIN FAMILY";"Homo sapiens";"49";"52";"9606";"False"
"CHEMBL2535";"Glucose transporter";"P11166";"SINGLE PROTEIN";"Homo sapiens";"13975";"14608";"9606";"False"
"CHEMBL2095171";"Sodium channel alpha subunits; brain (Types I, II, III)";"P04775|P04774|P08104";"PROTEIN FAMILY";"Rattus norvegicus";"204";"344";"10116";"False"
"CHEMBL2413";"C-C chemokine receptor type 1";"P32246";"SINGLE PROTEIN";"Homo sapiens";"976";"1426";"9606";"False"
"CHEMBL5335";"Baculoviral IAP repeat-containing protein 3";"Q13489";"SINGLE PROTEIN";"Homo sapiens";"178";"272";"9606";"False"
"CHEMBL269";"Delta opioid receptor";"P33533";"SINGLE PROTEIN";"Rattus norvegicus";"2333";"3425";"10116";"False"
"CHEMBL3556";"Human immunodeficiency virus type 1 Gag protein";"Q77YG1";"SINGLE PROTEIN";"Human immunodeficiency virus 1";"2";"4";"11676";"False"
"CHEMBL3885653";"Voltage-dependent L-type calcium channel subunit beta-1/alpha-1B/alpha-2/delta-1";"P54290|Q02294|P54283";"PROTEIN COMPLEX";"Rattus norvegicus";"25";"26";"10116";"False"
"CHEMBL2095192";"Opioid receptor";"P42866|P32300|P33534";"PROTEIN FAMILY";"Mus musculus";"175";"338";"10090";"False"
"CHEMBL3222";"Delta opioid receptor";"P32300";"SINGLE PROTEIN";"Mus musculus";"1992";"3023";"10090";"False"
"CHEMBL2095181";"Opioid receptors; mu/kappa/delta";"P41145|P41143|P35372";"PROTEIN FAMILY";"Homo sapiens";"282";"565";"9606";"False"
"CHEMBL4354";"Mu opioid receptor";"P97266";"SINGLE PROTEIN";"Cavia porcellus";"2305";"3517";"10141";"False"
"CHEMBL3621023";"E3 ubiquitin-protein ligase NEDD4";"P46934";"SINGLE PROTEIN";"Homo sapiens";"2";"2";"9606";"False"
"CHEMBL4439";"TGF-beta receptor type I";"P36897";"SINGLE PROTEIN";"Homo sapiens";"1526";"2977";"9606";"False"
"CHEMBL3317334";"Proteasome subunit beta type-10";"P40306";"SINGLE PROTEIN";"Homo sapiens";"55";"85";"9606";"False"
"CHEMBL4295730";"Receptor-type tyrosine-protein phosphatase zeta";"P23471";"SINGLE PROTEIN";"Homo sapiens";"17";"43";"9606";"False"
"CHEMBL3207";"Somatostatin receptor 2";"P30875";"SINGLE PROTEIN";"Mus musculus";"15";"19";"10090";"False"
"CHEMBL3414411";"Sodium channel protein type 9 subunit alpha";"Q62205";"SINGLE PROTEIN";"Mus musculus";"56";"64";"10090";"False"
"CHEMBL2109232";"Adrenomedullin receptor AM1; CALCRL/RAMP2";"O60895|Q16602";"PROTEIN COMPLEX";"Homo sapiens";"2";"2";"9606";"False"
"CHEMBL1075312";"6-phosphofructokinase, muscle type";"P00511";"SINGLE PROTEIN";"Oryctolagus cuniculus";"5";"5";"9986";"False"
"CHEMBL3987";"Ephrin type-A receptor 5";"P54756";"SINGLE PROTEIN";"Homo sapiens";"533";"838";"9606";"False"
"CHEMBL1908383";"Phosphatidylinositol-4-phosphate 5-kinase type-1 gamma";"O60331";"SINGLE PROTEIN";"Homo sapiens";"139";"139";"9606";"False"
"CHEMBL3038465";"cIAP1/cIAP2";"Q13489|Q13490";"PROTEIN FAMILY";"Homo sapiens";"2";"2";"9606";"False"
"CHEMBL2095185";"Cholecystokinin receptor";"P32239|P32238";"PROTEIN FAMILY";"Homo sapiens";"406";"506";"9606";"False"
"CHEMBL2593";"Peptide N-myristoyltransferase 1";"P30419";"SINGLE PROTEIN";"Homo sapiens";"467";"535";"9606";"False"
"CHEMBL3885521";"Baculoviral IAP repeat-containing protein 2/Estrogen receptor";"P03372|Q13490";"PROTEIN COMPLEX";"Homo sapiens";"4";"7";"9606";"False"
"CHEMBL2094108";"Protein farnesyltransferase";"P49354|P49356";"PROTEIN COMPLEX";"Homo sapiens";"2386";"3444";"9606";"False"
"CHEMBL2996";"Protein kinase C delta";"Q05655";"SINGLE PROTEIN";"Homo sapiens";"2069";"2670";"9606";"False"
"CHEMBL5412";"C-C chemokine receptor type 2";"P51683";"SINGLE PROTEIN";"Mus musculus";"89";"105";"10090";"False"
"CHEMBL3166";"Protein-tyrosine phosphatase 1C";"P29350";"SINGLE PROTEIN";"Homo sapiens";"450";"551";"9606";"False"
"CHEMBL2424510";"E3 ubiquitin-protein ligase UHRF1";"Q96T88";"SINGLE PROTEIN";"Homo sapiens";"133";"145";"9606";"False"
"CHEMBL3038466";"Calpain1/2";"P17655|P07384";"PROTEIN FAMILY";"Homo sapiens";"1";"1";"9606";"False"
"CHEMBL3181";"Estradiol 17-beta-dehydrogenase 1";"P14061";"SINGLE PROTEIN";"Homo sapiens";"1217";"2002";"9606";"False"
"CHEMBL1255150";"G-protein coupled bile acid receptor 1";"Q80SS6";"SINGLE PROTEIN";"Mus musculus";"356";"539";"10090";"False"
"CHEMBL1914272";"Scavenger receptor class B member 1";"Q8WTV0";"SINGLE PROTEIN";"Homo sapiens";"59";"62";"9606";"False"
"CHEMBL3288";"Ryanodine receptor 1";"P11716";"SINGLE PROTEIN";"Oryctolagus cuniculus";"91";"126";"9986";"False"
"CHEMBL1293293";"Neuropeptides B/W receptor type 1";"P48145";"SINGLE PROTEIN";"Homo sapiens";"465";"549";"9606";"False"
"CHEMBL3336";"Protein-tyrosine phosphatase 1B";"P35821";"SINGLE PROTEIN";"Mus musculus";"96";"151";"10090";"False"
"CHEMBL270";"Mu opioid receptor";"P33535";"SINGLE PROTEIN";"Rattus norvegicus";"3299";"5523";"10116";"False"
"CHEMBL4153";"Sigma-1 receptor";"Q60492";"SINGLE PROTEIN";"Cavia porcellus";"2045";"2541";"10141";"False"
"CHEMBL2364701";"26S proteasome";"Q99460|P49721|P20618|P28074|P28062|P28065|P28072|O00487|P25786|P25787|P25788|P25789|P28066|P60900|O14818|Q8TAA3|P40306|A5LHX3|P49720|P28070|Q99436|Q16186|P35998|P62191|P43686|P62333|P17980|P62195|Q13200|O43242|O00232|O00231|Q15008|P51665|Q9UNM6|P55036|P48556|P60896";"PROTEIN COMPLEX";"Homo sapiens";"58";"135";"9606";"False"
"CHEMBL2095229";"Voltage-gated L-type calcium channel";"Q13936|Q13698|Q01668|O60840";"PROTEIN FAMILY";"Homo sapiens";"387";"476";"9606";"False"
"CHEMBL3831201";"20S proteasome";"P49721|P20618|P28074|P28062|P28065|P28072|P25786|P25787|P25788|P25789|P28066|P60900|O14818|Q8TAA3|P40306|A5LHX3|P49720|P28070|Q99436";"PROTEIN COMPLEX";"Homo sapiens";"48";"74";"9606";"False"
"CHEMBL4135";"Geranylgeranyl transferase type I beta subunit";"P53609";"SINGLE PROTEIN";"Homo sapiens";"106";"110";"9606";"False"
"CHEMBL2371";"Protein-tyrosine phosphatase 1B";"P20417";"SINGLE PROTEIN";"Rattus norvegicus";"182";"269";"10116";"False"
"CHEMBL335";"Protein-tyrosine phosphatase 1B";"P18031";"SINGLE PROTEIN";"Homo sapiens";"4647";"6978";"9606";"False"
"CHEMBL2107838";"Calcitonin-gene-related peptide receptor, CALCRL/RAMP1";"O60894|Q16602";"PROTEIN COMPLEX";"Homo sapiens";"95";"135";"9606";"False"
"CHEMBL3988639";"Voltage-dependent N-type calcium channel alpha1B/alpha2b/beta1b";"Q8CFG6|Q02294|P54283";"PROTEIN COMPLEX";"Rattus norvegicus";"6";"6";"10116";"False"
"CHEMBL2111474";"GABA B receptor";"Q9Z0U4|O88871";"PROTEIN COMPLEX";"Rattus norvegicus";"100";"124";"10116";"False"
"CHEMBL3041";"Mu opioid receptor";"P79350";"SINGLE PROTEIN";"Bos taurus";"67";"121";"9913";"False"
"CHEMBL2804";"Inositol 1,4,5-trisphosphate receptor type 1";"P29994";"SINGLE PROTEIN";"Rattus norvegicus";"37";"173";"10116";"False"
"CHEMBL1293299";"Histone-lysine N-methyltransferase MLL";"Q03164";"SINGLE PROTEIN";"Homo sapiens";"17199";"17223";"9606";"False"
"CHEMBL2111431";"Epidermal growth factor receptor and ErbB2 (HER1 and HER2)";"P04626|P00533";"PROTEIN FAMILY";"Homo sapiens";"165";"180";"9606";"False"
"CHEMBL2806";"Endothelin receptor ET-A";"P21450";"SINGLE PROTEIN";"Bos taurus";"14";"15";"9913";"False"
"CHEMBL2111385";"Cannabinoid receptor";"Q9QZN9|P20272";"PROTEIN FAMILY";"Rattus norvegicus";"86";"114";"10116";"False"
"CHEMBL3038478";"Dopamine receptor D2L/neurotensin receptor NTS1";"P14416|P30989";"PROTEIN COMPLEX";"Homo sapiens";"1";"1";"9606";"False"
"CHEMBL1914267";"Estradiol 17-beta-dehydrogenase 1";"P51657";"SINGLE PROTEIN";"Rattus norvegicus";"10";"12";"10116";"False"
"CHEMBL2858";"Mu opioid receptor";"P42866";"SINGLE PROTEIN";"Mus musculus";"810";"1140";"10090";"False"
"CHEMBL3374";"Angiotensin II type 1a (AT-1a) receptor";"P25104";"SINGLE PROTEIN";"Bos taurus";"355";"440";"9913";"False"
"CHEMBL2191";"Phosphofructokinase liver type";"P17858";"SINGLE PROTEIN";"Homo sapiens";"1";"2";"9606";"False"
"CHEMBL1845";"Sodium channel protein type I alpha subunit";"P35498";"SINGLE PROTEIN";"Homo sapiens";"103";"180";"9606";"False"
"CHEMBL274";"C-C chemokine receptor type 5";"P51681";"SINGLE PROTEIN";"Homo sapiens";"3282";"5447";"9606";"False"
"CHEMBL3885538";"Cannabinoid receptor 1/Mu-type opioid receptor";"P21554|P35372";"PROTEIN COMPLEX";"Homo sapiens";"6";"6";"9606";"False"
"CHEMBL252";"Endothelin receptor ET-A";"P25101";"SINGLE PROTEIN";"Homo sapiens";"2697";"4001";"9606";"False"
"CHEMBL5107";"Voltage-gated N-type calcium channel alpha-1B subunit";"Q02294";"SINGLE PROTEIN";"Rattus norvegicus";"97";"145";"10116";"False"
"CHEMBL4652";"Somatostatin receptor 1";"P28646";"SINGLE PROTEIN";"Rattus norvegicus";"149";"154";"10116";"False"
"CHEMBL2096678";"Endothelin receptor, ET-A/ET-B";"P24530|P25101";"PROTEIN FAMILY";"Homo sapiens";"261";"286";"9606";"False"
"CHEMBL1793";"Parathyroid hormone receptor";"Q03431";"SINGLE PROTEIN";"Homo sapiens";"46804";"47085";"9606";"False"
"CHEMBL4106160";"N-type calcium channel alpha-1b/alpha2delta-1/beta-1b";"P54289|Q00975|Q02641";"PROTEIN COMPLEX";"Homo sapiens";"50";"50";"9606";"False"
"CHEMBL2331043";"Sodium channel alpha subunit";"P35498|Q14524|P35499|Q01118|Q99250|Q15858|Q9NY46|Q9UI33|Q9UQD0|Q9Y5Y9";"PROTEIN FAMILY";"Homo sapiens";"16";"16";"9606";"False"
"CHEMBL2111379";"Thrombin and urokinase-type plasminogen activator";"P00734|P00749";"SELECTIVITY GROUP";"Homo sapiens";"29";"31";"9606";"False"
"CHEMBL1667695";"Beta-lactamase NDM-1";"C7C422";"SINGLE PROTEIN";"Klebsiella pneumoniae";"79";"154";"573";"False"
"CHEMBL3633";"Protein kinase C delta";"P09215";"SINGLE PROTEIN";"Rattus norvegicus";"1";"1";"10116";"False"
"CHEMBL4062";"Calpain 1";"P35750";"SINGLE PROTEIN";"Sus scrofa";"159";"212";"9823";"False"
"CHEMBL2976";"Protein-tyrosine phosphatase 1E";"Q12923";"SINGLE PROTEIN";"Homo sapiens";"62";"72";"9606";"False"
"CHEMBL2176858";"C-type lectin domain family 4 member M";"Q9H2X3";"SINGLE PROTEIN";"Homo sapiens";"6";"6";"9606";"False"
"CHEMBL3137290";"SUMO E1/E2";"Q9UBE0|Q9UBT2|P63279";"PROTEIN COMPLEX";"Homo sapiens";"112";"116";"9606";"False"
"CHEMBL4159";"Endoplasmic reticulum-associated amyloid beta-peptide-binding protein";"Q99714";"SINGLE PROTEIN";"Homo sapiens";"15314";"20653";"9606";"False"
"CHEMBL3692";"Receptor-type tyrosine-protein phosphatase eta";"Q12913";"SINGLE PROTEIN";"Homo sapiens";"3";"3";"9606";"False"
"CHEMBL4105749";"Receptor-type tyrosine-protein phosphatase O";"Q16827";"SINGLE PROTEIN";"Homo sapiens";"7";"7";"9606";"False"
"CHEMBL1075270";"Aldo-keto reductase family 1 member C21";"Q91WR5";"SINGLE PROTEIN";"Mus musculus";"9";"12";"10090";"False"
"CHEMBL237";"Kappa opioid receptor";"P41145";"SINGLE PROTEIN";"Homo sapiens";"7102";"13011";"9606";"False"
"CHEMBL3038518";"mu/kappa opioid receptor";"P41144|P97266";"PROTEIN FAMILY";"Cavia porcellus";"15";"15";"10141";"False"
"CHEMBL3952";"Kappa opioid receptor";"P41144";"SINGLE PROTEIN";"Cavia porcellus";"2824";"4322";"10141";"False"
"CHEMBL2096682";"Sodium channel alpha subunits; brain (Types I, II, III)";"P35498|Q99250|Q9NY46";"PROTEIN FAMILY";"Homo sapiens";"212";"374";"9606";"False"
"CHEMBL1250366";"C-X-C chemokine receptor type 4";"P79394";"SINGLE PROTEIN";"Macaca mulatta";"1";"1";"9544";"False"
"CHEMBL5504";"Galanin receptor 1";"Q62805";"SINGLE PROTEIN";"Rattus norvegicus";"14";"20";"10116";"False"
"CHEMBL287";"Sigma opioid receptor";"Q99720";"SINGLE PROTEIN";"Homo sapiens";"3302";"5262";"9606";"False"
"CHEMBL3278";"Ghrelin receptor";"O08725";"SINGLE PROTEIN";"Rattus norvegicus";"105";"180";"10116";"False"
"CHEMBL2095155";"Opioid receptors; mu & delta";"P33533|P33535";"SELECTIVITY GROUP";"Rattus norvegicus";"728";"839";"10116";"False"
"CHEMBL5939";"Endoplasmic reticulum aminopeptidase 1";"Q9NZ08";"SINGLE PROTEIN";"Homo sapiens";"358";"365";"9606";"False"
"CHEMBL4296119";"Baculoviral IAP repeat-containing protein 2/BCR/ABL";"P00519|P11274|Q13490";"PROTEIN-PROTEIN INTERACTION";"Homo sapiens";"7";"34";"9606";"False"
"CHEMBL3891";"Calpain 1";"P07384";"SINGLE PROTEIN";"Homo sapiens";"916";"1178";"9606";"False"
"CHEMBL1940";"Voltage-gated L-type calcium channel alpha-1C subunit";"Q13936";"SINGLE PROTEIN";"Homo sapiens";"411";"539";"9606";"False"
"CHEMBL5903";"Activin receptor type-1";"Q04771";"SINGLE PROTEIN";"Homo sapiens";"742";"939";"9606";"False"
"CHEMBL1075232";"Orexin receptor 1";"P56718";"SINGLE PROTEIN";"Rattus norvegicus";"421";"667";"10116";"False"
"CHEMBL2094266";"Protein kinase C (PKC)";"P05696|P68403|P09216|P63319|P09215|Q64617|Q9WTQ0|P09217";"PROTEIN FAMILY";"Rattus norvegicus";"285";"348";"10116";"False"
"CHEMBL2133";"Ryanodine receptor 1";"E9PZQ0";"SINGLE PROTEIN";"Mus musculus";"4";"15";"10090";"False"
"CHEMBL1075105";"Protein tyrosine phosphatase type IVA 2";"Q12974";"SINGLE PROTEIN";"Homo sapiens";"29";"32";"9606";"False"
"CHEMBL3549";"Adenylate cyclase type I";"P19754";"SINGLE PROTEIN";"Bos taurus";"17";"17";"9913";"False"
"CHEMBL5556";"C-X-C chemokine receptor type 4";"O08565";"SINGLE PROTEIN";"Rattus norvegicus";"77";"82";"10116";"False"
"CHEMBL333";"Matrix metalloproteinase-2";"P08253";"SINGLE PROTEIN";"Homo sapiens";"5170";"6012";"9606";"False"
"CHEMBL2096986";"Cholecystokinin receptor";"P30551|P30553";"PROTEIN FAMILY";"Rattus norvegicus";"223";"228";"10116";"False"
"CHEMBL2095197";"Protein farnesyltransferase";"Q04631|Q02293";"PROTEIN COMPLEX";"Rattus norvegicus";"391";"439";"10116";"False"
"CHEMBL5743";"Type-1 angiotensin II receptor";"P30555";"SINGLE PROTEIN";"Sus scrofa";"25";"25";"9823";"False"
"CHEMBL2095177";"Voltage-gated L-type calcium channel";"P22002|Q02485|P27732";"PROTEIN FAMILY";"Rattus norvegicus";"583";"1090";"10116";"False"
"CHEMBL4478";"Voltage-gated N-type calcium channel alpha-1B subunit";"Q00975";"SINGLE PROTEIN";"Homo sapiens";"566";"699";"9606";"False"
"CHEMBL2111344";"Platelet-derived growth factor receptor (PDGFr)";"P20786|Q05030";"PROTEIN FAMILY";"Rattus norvegicus";"54";"77";"10116";"False"
"CHEMBL1075233";"Pituitary adenylate cyclase-activating polypeptide type I receptor";"P32215";"SINGLE PROTEIN";"Rattus norvegicus";"1";"1";"10116";"False"
"CHEMBL5101";"Arylamine N-acetyltransferase 1";"P18440";"SINGLE PROTEIN";"Homo sapiens";"52";"60";"9606";"False"
"CHEMBL3762";"Voltage-gated L-type calcium channel alpha-1C subunit";"P22002";"SINGLE PROTEIN";"Rattus norvegicus";"269";"305";"10116";"False"
"CHEMBL1914269";"Estradiol 17-beta-dehydrogenase 1";"P51656";"SINGLE PROTEIN";"Mus musculus";"92";"93";"10090";"False"
"CHEMBL3137269";"Cav1.3/Cav beta3 complex";"P27732|P54287";"PROTEIN COMPLEX";"Rattus norvegicus";"1";"1";"10116";"False"
"CHEMBL2749";"Platelet-derived growth factor receptor beta";"P05622";"SINGLE PROTEIN";"Mus musculus";"454";"490";"10090";"False"
"CHEMBL4029";"Interleukin-8 receptor A";"P25024";"SINGLE PROTEIN";"Homo sapiens";"1276";"2207";"9606";"False"
"CHEMBL3614";"Kappa opioid receptor";"P34975";"SINGLE PROTEIN";"Rattus norvegicus";"484";"709";"10116";"False"
"CHEMBL5811";"Macrophage scavenger receptor types I and II";"P21757";"SINGLE PROTEIN";"Homo sapiens";"2";"2";"9606";"False"
"CHEMBL5311";"Serine/threonine-protein kinase receptor R3";"P37023";"SINGLE PROTEIN";"Homo sapiens";"252";"325";"9606";"False"
"CHEMBL2095149";"Opioid receptors; mu & delta";"P41143|P35372";"SELECTIVITY GROUP";"Homo sapiens";"1270";"1464";"9606";"False"
"CHEMBL4894";"Galanin receptor 1";"P47211";"SINGLE PROTEIN";"Homo sapiens";"146";"245";"9606";"False"
"CHEMBL4906";"Sodium channel protein type I alpha subunit";"P04774";"SINGLE PROTEIN";"Rattus norvegicus";"6";"6";"10116";"False"
"CHEMBL3798";"Calcitonin gene-related peptide type 1 receptor";"Q16602";"SINGLE PROTEIN";"Homo sapiens";"798";"1463";"9606";"False"
"CHEMBL5399";"Pituitary adenylate cyclase-activating polypeptide type I receptor";"P41586";"SINGLE PROTEIN";"Homo sapiens";"128";"301";"9606";"False"
"CHEMBL2096912";"Protein farnesyltransferase";"Q61239|Q8K2I1";"PROTEIN COMPLEX";"Mus musculus";"278";"298";"10090";"False"
"CHEMBL2111377";"CDC7/DBF4 (Cell division cycle 7-related protein kinase/Activator of S phase kinase)";"Q9UBU7|O00311";"PROTEIN COMPLEX";"Homo sapiens";"237";"351";"9606";"False"
"CHEMBL2095189";"Platelet-derived growth factor receptor";"P09619|P16234";"PROTEIN COMPLEX";"Homo sapiens";"473";"504";"9606";"False"
"CHEMBL4755";"Calcitonin gene-related peptide type 1 receptor";"Q63118";"SINGLE PROTEIN";"Rattus norvegicus";"21";"32";"10116";"False"
"CHEMBL4616";"Ghrelin receptor";"Q92847";"SINGLE PROTEIN";"Homo sapiens";"2031";"4400";"9606";"False"
"CHEMBL5810";"Ephrin type-A receptor 1";"P21709";"SINGLE PROTEIN";"Homo sapiens";"545";"824";"9606";"False"
"CHEMBL2095151";"Opioid receptors; delta & kappa";"P41145|P41143";"SELECTIVITY GROUP";"Homo sapiens";"692";"935";"9606";"False"
"CHEMBL4138";"Voltage-gated L-type calcium channel alpha-1D subunit";"Q01668";"SINGLE PROTEIN";"Homo sapiens";"31";"38";"9606";"False"
"CHEMBL4386";"Vacuolar-type proton translocating pyrophosphatase 1";"Q8MTZ4";"SINGLE PROTEIN";"Trypanosoma brucei";"81";"115";"5691";"False"
"CHEMBL2095156";"Opioid receptors; mu & kappa";"P41145|P35372";"SELECTIVITY GROUP";"Homo sapiens";"607";"822";"9606";"False"
"CHEMBL3037";"Cannabinoid CB1 receptor";"P47746";"SINGLE PROTEIN";"Mus musculus";"355";"616";"10090";"False"
"CHEMBL3602";"Sigma opioid receptor";"Q9R0C9";"SINGLE PROTEIN";"Rattus norvegicus";"1054";"1506";"10116";"False"
"CHEMBL1974";"Tyrosine-protein kinase receptor FLT3";"P36888";"SINGLE PROTEIN";"Homo sapiens";"5198";"9218";"9606";"False"
"CHEMBL227";"Type-1 angiotensin II receptor";"P30556";"SINGLE PROTEIN";"Homo sapiens";"1454";"1891";"9606";"False"
"CHEMBL233";"Mu opioid receptor";"P35372";"SINGLE PROTEIN";"Homo sapiens";"7939";"14064";"9606";"False"
"CHEMBL2221343";"Opioid receptors; mu and delta";"P42866|P32300";"PROTEIN FAMILY";"Mus musculus";"32";"63";"10090";"False"
"CHEMBL2688";"Hexokinase type I";"P19367";"SINGLE PROTEIN";"Homo sapiens";"259";"263";"9606";"False"
"CHEMBL3872";"C-C chemokine receptor type 1";"P51675";"SINGLE PROTEIN";"Mus musculus";"66";"72";"10090";"False"
"CHEMBL2111337";"Atrial natriuretic peptide receptor";"P20594|P16066|P17342";"PROTEIN FAMILY";"Homo sapiens";"38";"49";"9606";"False"
"CHEMBL1075315";"C-X-C chemokine receptor type 5";"P32302";"SINGLE PROTEIN";"Homo sapiens";"158";"178";"9606";"False"
"CHEMBL3988600";"A disintegrin-like and metallopeptidase (Reprolysin type) with thrombospondin type 1 motif, 5 (Aggrecanase-2)";"G3V673";"SINGLE PROTEIN";"Rattus norvegicus";"5";"5";"10116";"False"
"CHEMBL3676";"C-C chemokine receptor type 5";"P51682";"SINGLE PROTEIN";"Mus musculus";"68";"70";"10090";"False"
"CHEMBL2094256";"Angiotensin II receptor";"P30556|P50052";"PROTEIN FAMILY";"Homo sapiens";"933";"1038";"9606";"False"
"CHEMBL5799";"Mu-type opioid receptor";"Q9MYW9";"SINGLE PROTEIN";"Macaca mulatta";"6";"7";"9544";"False"
"CHEMBL2363032";"Voltage-gated calcium channel";"O95180|P54289|Q13936|Q8IZS8|Q13698|Q9NY47|Q01668|O00555|Q00975|O43497|Q7Z3S7|Q9P0X4|O60840|Q15878|O00305|Q08289|Q02641|P54284|P62955|Q9UF02|Q9Y698|Q9UBN1|Q8WXS5|O60359|Q9BXT2|Q06432";"PROTEIN COMPLEX GROUP";"Homo sapiens";"77";"87";"9606";"False"
"CHEMBL2978";"Somatostatin receptor 2";"P30680";"SINGLE PROTEIN";"Rattus norvegicus";"155";"158";"10116";"False"
"CHEMBL1671613";"Type-1 angiotensin II receptor";"Q9WV26";"SINGLE PROTEIN";"Cavia porcellus";"76";"86";"10141";"False"
"CHEMBL2111436";"Somatostatin receptor";"P35346|P30874|P31391|P30872|P32745";"PROTEIN FAMILY";"Homo sapiens";"34";"45";"9606";"False"
"CHEMBL3501";"Cholecystokinin A receptor";"Q63931";"SINGLE PROTEIN";"Cavia porcellus";"810";"970";"10141";"False"
"CHEMBL2363049";"Epidermal growth factor receptor";"P04626|P00533|Q15303|P21860";"PROTEIN FAMILY";"Homo sapiens";"1004";"2030";"9606";"False"
"CHEMBL3751653";"5'(3')-deoxyribonucleotidase, cytosolic type";"Q8TCD5";"SINGLE PROTEIN";"Homo sapiens";"2";"2";"9606";"False"
"CHEMBL3312";"Sodium channel protein type IX alpha subunit";"O08562";"SINGLE PROTEIN";"Rattus norvegicus";"47";"55";"10116";"False"
"CHEMBL3948";"Angiotensin II type 1a (AT-1a) receptor";"P34976";"SINGLE PROTEIN";"Oryctolagus cuniculus";"1213";"1694";"9986";"False"
"CHEMBL4596";"C-C chemokine receptor type 8";"P51685";"SINGLE PROTEIN";"Homo sapiens";"219";"303";"9606";"False"
"CHEMBL2021750";"TGF-beta receptor type-1";"Q64729";"SINGLE PROTEIN";"Mus musculus";"19";"22";"10090";"False"
"CHEMBL2107";"C-X-C chemokine receptor type 4";"P61073";"SINGLE PROTEIN";"Homo sapiens";"1280";"2451";"9606";"False"
"CHEMBL2034809";"C-type lectin domain family 7 member A";"Q6QLQ4";"SINGLE PROTEIN";"Mus musculus";"6";"8";"10090";"False"
"CHEMBL1804";"Somatostatin receptor 2";"P30874";"SINGLE PROTEIN";"Homo sapiens";"953";"1181";"9606";"False"
"CHEMBL5735";"Calcitonin gene-related peptide 1";"P01256";"SINGLE PROTEIN";"Rattus norvegicus";"4";"4";"10116";"False"
"CHEMBL1993";"DNA (cytosine-5)-methyltransferase 1";"P26358";"SINGLE PROTEIN";"Homo sapiens";"662";"841";"9606";"False"
"CHEMBL3509";"Sodium channel protein type IV alpha subunit";"P15390";"SINGLE PROTEIN";"Rattus norvegicus";"37";"42";"10116";"False"
"CHEMBL1846";"Ryanodine receptor 1";"P21817";"SINGLE PROTEIN";"Homo sapiens";"36";"56";"9606";"False"
"CHEMBL2286";"Endothelin receptor ET-A";"Q61614";"SINGLE PROTEIN";"Mus musculus";"30";"31";"10090";"False"
"CHEMBL2094250";"Angiotensin II receptor (AT-1) type-1";"P29089|P25095";"PROTEIN FAMILY";"Rattus norvegicus";"1046";"1480";"10116";"False"
"CHEMBL4954";"Ephrin type-A receptor 3";"P29320";"SINGLE PROTEIN";"Homo sapiens";"761";"1387";"9606";"False"
"CHEMBL2111438";"Neurotensin receptor";"O95665|P30989";"PROTEIN FAMILY";"Homo sapiens";"13";"15";"9606";"False"
"CHEMBL4458";"Alkaline phosphatase placental type";"P05187";"SINGLE PROTEIN";"Homo sapiens";"70";"87";"9606";"False"
"CHEMBL3817720";"1,2-dihydroxy-3-keto-5-methylthiopentene dioxygenase";"Q9BV57";"SINGLE PROTEIN";"Homo sapiens";"4";"4";"9606";"False"
"CHEMBL3637936";"Voltage-dependent N-type calcium channel subunit alpha-1B";"O55017";"SINGLE PROTEIN";"Mus musculus";"1";"1";"10090";"False"
"CHEMBL3571";"Cannabinoid CB1 receptor";"P20272";"SINGLE PROTEIN";"Rattus norvegicus";"2172";"3077";"10116";"False"
"CHEMBL613498";"Human immunodeficiency virus type 1 (RF/HAT ISOLATE)";"";"ORGANISM";"Human immunodeficiency virus type 1 (RF/HAT ISOLATE)";"76";"76";"11701";"False"
"CHEMBL5667";"Phosphatidylinositol-5-phosphate 4-kinase type-2 beta";"P78356";"SINGLE PROTEIN";"Homo sapiens";"116";"154";"9606";"False"
"CHEMBL4296109";"Sharpin/RBCK1/RNF31";"Q9H0F6|Q9BYM8|Q96EP0";"PROTEIN COMPLEX";"Homo sapiens";"1";"1";"9606";"False"
"CHEMBL3137270";"Cav1.3/Cav beta3/Cav alpha2delta complex";"P54290|P27732|P54287";"PROTEIN COMPLEX";"Rattus norvegicus";"1";"1";"10116";"False"
"CHEMBL613200";"Herpes simplex virus (type 1 / strain F)";"";"ORGANISM";"Herpes simplex virus (type 1 / strain F)";"180";"257";"10304";"False"
"CHEMBL4046";"Inositol 1,4,5-trisphosphate receptor type 1";"Q14643";"SINGLE PROTEIN";"Homo sapiens";"7";"21";"9606";"False"
"CHEMBL243";"Human immunodeficiency virus type 1 protease";"Q72874";"SINGLE PROTEIN";"Human immunodeficiency virus 1";"5454";"8241";"11676";"False"
"CHEMBL3885522";"Baculoviral IAP repeat-containing protein 3/Mucosa-associated lymphoid tissue lymphoma translocation protein 1";"Q13489|Q9UDY8";"CHIMERIC PROTEIN";"Homo sapiens";"6";"6";"9606";"False"
"CHEMBL2903";"Arachidonate 15-lipoxygenase";"P16050";"SINGLE PROTEIN";"Homo sapiens";"6278";"6929";"9606";"False"
"CHEMBL2111415";"Cannabinoid receptor";"P47746|P47936";"PROTEIN FAMILY";"Mus musculus";"63";"71";"10090";"False"
"CHEMBL5814";"Peroxisomal multifunctional enzyme type 2";"P51659";"SINGLE PROTEIN";"Homo sapiens";"102";"108";"9606";"False"
"CHEMBL3832641";"T1R1/T1R3";"Q7RTX0|Q7RTX1";"PROTEIN COMPLEX";"Homo sapiens";"271";"473";"9606";"False"
"CHEMBL3406";"C-C chemokine receptor type 3";"P51678";"SINGLE PROTEIN";"Mus musculus";"46";"50";"10090";"False"
"CHEMBL2010631";"C-X-C chemokine receptor type 7";"P25106";"SINGLE PROTEIN";"Homo sapiens";"697";"805";"9606";"False"
"CHEMBL2899";"Brain adenylate cyclase 1";"Q08828";"SINGLE PROTEIN";"Homo sapiens";"54";"234";"9606";"False"
"CHEMBL3885505";"Matrix metalloproteinase 2/9";"P08253|P14780";"PROTEIN FAMILY";"Homo sapiens";"2";"2";"9606";"False"
"CHEMBL1795194";"Phosphatidylinositol-5-phosphate 4-kinase type-2 alpha";"P48426";"SINGLE PROTEIN";"Homo sapiens";"1018";"1021";"9606";"False"
"CHEMBL2929";"Subtilisin/kexin type 9";"Q8NBP7";"SINGLE PROTEIN";"Homo sapiens";"68";"137";"9606";"False"
"CHEMBL2830";"Voltage-gated L-type calcium channel alpha-1C subunit";"P15381";"SINGLE PROTEIN";"Oryctolagus cuniculus";"309";"335";"9986";"False"
"CHEMBL3883321";"Mu opioid receptor/Alpha-2A adrenergic receptor";"P08913|P35372";"PROTEIN COMPLEX";"Homo sapiens";"2";"11";"9606";"False"
"CHEMBL4132";"Voltage-gated L-type calcium channel alpha-1D subunit";"P27732";"SINGLE PROTEIN";"Rattus norvegicus";"310";"336";"10116";"False"
"CHEMBL4329";"Kappa opioid receptor";"P33534";"SINGLE PROTEIN";"Mus musculus";"478";"666";"10090";"False"
"CHEMBL1075223";"G-protein coupled bile acid receptor 1";"Q80T02";"SINGLE PROTEIN";"Rattus norvegicus";"3";"3";"10116";"False"
"CHEMBL2683";"Vacuolar H(+)-transporting ATPase 116 kDa subunit, a1 isoform";"Q9I8D0";"SINGLE PROTEIN";"Gallus gallus";"5";"11";"9031";"False"
"CHEMBL2111427";"Somatostatin receptor";"P30935|O08858|P30875|P30873|P49660";"PROTEIN FAMILY";"Mus musculus";"34";"38";"10090";"False"
"CHEMBL4777";"Neuropeptide Y receptor type 1";"P25929";"SINGLE PROTEIN";"Homo sapiens";"2264";"3628";"9606";"False"
"CHEMBL2111191";"Adrenomedullin receptor, AM2; CALCRL/RAMP3";"Q16602|O60896";"PROTEIN COMPLEX";"Homo sapiens";"1";"1";"9606";"False"
"CHEMBL4295683";"Retinal dehydrogenase 2";"O93344";"SINGLE PROTEIN";"Gallus gallus";"2";"42";"9031";"False"
"CHEMBL4266";"Voltage-gated P/Q-type calcium channel alpha-1A subunit";"O00555";"SINGLE PROTEIN";"Homo sapiens";"4";"4";"9606";"False"
"CHEMBL2111451";"Inositol 1,4,5-trisphosphate receptor";"Q14571|Q14573|Q14643";"PROTEIN FAMILY";"Homo sapiens";"6";"13";"9606";"False"
"CHEMBL3883320";"Histone-lysine N-methyltransferase 2A/WDR5";"P61964|Q03164";"PROTEIN-PROTEIN INTERACTION";"Homo sapiens";"3";"11";"9606";"False"
"CHEMBL3570";"Neurotensin receptor 1";"O88319";"SINGLE PROTEIN";"Mus musculus";"32";"43";"10090";"False"
"CHEMBL3638171";"L-type calcium channel alpha 1C/beta 2A";"P15381|P54288";"PROTEIN COMPLEX";"Oryctolagus cuniculus";"2";"2";"9986";"False"
"CHEMBL2096683";"Benzodiazepine receptors; peripheral & central";"O09028|P15431|P18506|P18508|P19969|P20236|P23574|P23576|P28471|P28473|P30191|P62813|P63079|P63138|Q91ZM7|Q9ES14|P16257";"SELECTIVITY GROUP";"Rattus norvegicus";"41";"79";"10116";"False"
"CHEMBL4130";"Endothelin receptor ET-A";"Q29010";"SINGLE PROTEIN";"Sus scrofa";"358";"411";"9823";"False"
"CHEMBL3883331";"Tropomyosin alpha-3 chain/High affinity nerve growth factor receptor";"P04629|P06753";"CHIMERIC PROTEIN";"Homo sapiens";"1";"5";"9606";"False"
"CHEMBL4295925";"E3 ubiquitin-protein ligase Itchy homolog";"Q96J02";"SINGLE PROTEIN";"Homo sapiens";"1";"1";"9606";"False"
"CHEMBL1917";"Somatostatin receptor 1";"P30872";"SINGLE PROTEIN";"Homo sapiens";"688";"794";"9606";"False"
"CHEMBL2587";"Neuropeptide Y receptor type 1";"P21555";"SINGLE PROTEIN";"Rattus norvegicus";"8";"8";"10116";"False"
"CHEMBL4877";"Neuropeptide Y receptor type 4";"P50391";"SINGLE PROTEIN";"Homo sapiens";"195";"416";"9606";"False"
"CHEMBL2753";"GABA-B receptor 1";"Q9Z0U4";"SINGLE PROTEIN";"Rattus norvegicus";"79";"79";"10116";"False"
"CHEMBL4783";"Hexokinase type I";"P05708";"SINGLE PROTEIN";"Rattus norvegicus";"32";"47";"10116";"False"
"CHEMBL2111321";"Matrix metalloproteinase (2 and 3)";"P08254|P08253";"SELECTIVITY GROUP";"Homo sapiens";"53";"56";"9606";"False"
"CHEMBL3378";"Tumor necrosis factor receptor R1";"P19438";"SINGLE PROTEIN";"Homo sapiens";"153";"153";"9606";"False"
"CHEMBL2529";"Voltage-gated L-type calcium channel alpha-1C subunit";"Q01815";"SINGLE PROTEIN";"Mus musculus";"7";"9";"10090";"False"
"CHEMBL4242";"Somatostatin receptor 1";"P30873";"SINGLE PROTEIN";"Mus musculus";"1";"1";"10090";"False"
"CHEMBL247";"Human immunodeficiency virus type 1 reverse transcriptase";"Q72547";"SINGLE PROTEIN";"Human immunodeficiency virus 1";"3525";"7531";"11676";"False"
"CHEMBL2096909";"Interleukin-8 receptors, CXCR1/CXCR2";"P25025|P25024";"PROTEIN FAMILY";"Homo sapiens";"241";"285";"9606";"False"
"CHEMBL4220";"Nerve growth factor receptor Trk-A";"P35739";"SINGLE PROTEIN";"Rattus norvegicus";"14";"26";"10116";"False"
"CHEMBL4999";"Aldo-keto reductase family 1 member C4";"P17516";"SINGLE PROTEIN";"Homo sapiens";"165";"191";"9606";"False"
"CHEMBL1613741";"Taste receptor type 1 member 2";"Q8TE23";"SINGLE PROTEIN";"Homo sapiens";"3";"15";"9606";"False"
"CHEMBL3879859";"E3 ubiquitin-protein ligase SMURF1";"Q9HCE7";"SINGLE PROTEIN";"Homo sapiens";"6";"6";"9606";"False"
"CHEMBL236";"Delta opioid receptor";"P41143";"SINGLE PROTEIN";"Homo sapiens";"7207";"12089";"9606";"False"
"CHEMBL2176842";"1-phosphatidylinositol 3-phosphate 5-kinase";"Q9Z1T6";"SINGLE PROTEIN";"Mus musculus";"1";"3";"10090";"False"
"CHEMBL3869";"Matrix metalloproteinase 14";"P50281";"SINGLE PROTEIN";"Homo sapiens";"1250";"1446";"9606";"False"
"CHEMBL3108638";"Transcription intermediary factor 1-alpha";"O15164";"SINGLE PROTEIN";"Homo sapiens";"179";"243";"9606";"False"
"CHEMBL3422";"Steroid 5-alpha-reductase 1";"P24008";"SINGLE PROTEIN";"Rattus norvegicus";"179";"188";"10116";"False"
"CHEMBL5144";"Vasoactive intestinal polypeptide receptor 1";"P32241";"SINGLE PROTEIN";"Homo sapiens";"964";"1862";"9606";"False"
"CHEMBL2871";"Cholecystokinin A receptor";"P30551";"SINGLE PROTEIN";"Rattus norvegicus";"1370";"1695";"10116";"False"
"CHEMBL1901";"Cholecystokinin A receptor";"P32238";"SINGLE PROTEIN";"Homo sapiens";"1487";"3061";"9606";"False"
"CHEMBL4459";"L-type amino acid transporter 1";"Q01650";"SINGLE PROTEIN";"Homo sapiens";"85";"237";"9606";"False"
"CHEMBL5072";"Ephrin type-B receptor 1";"P54762";"SINGLE PROTEIN";"Homo sapiens";"371";"624";"9606";"False"
"CHEMBL4566";"Endothelin receptor ET-A";"P26684";"SINGLE PROTEIN";"Rattus norvegicus";"1017";"1144";"10116";"False"
"CHEMBL2096980";"Platelet-derived growth factor receptor";"P05622|P26618";"PROTEIN COMPLEX";"Mus musculus";"235";"284";"10090";"False"
"CHEMBL3402";"Alkaline phosphatase placental-like";"P10696";"SINGLE PROTEIN";"Homo sapiens";"870";"1187";"9606";"False"
"CHEMBL1988";"Atrial natriuretic peptide receptor A";"P16066";"SINGLE PROTEIN";"Homo sapiens";"155";"158";"9606";"False"
"CHEMBL1075097";"Arginase-1";"P05089";"SINGLE PROTEIN";"Homo sapiens";"87";"107";"9606";"False"
"CHEMBL3832642";"T1R2/T1R3";"Q8TE23|Q7RTX0";"PROTEIN COMPLEX";"Homo sapiens";"116";"131";"9606";"False"
"CHEMBL5102";"Vanilloid receptor";"O35433";"SINGLE PROTEIN";"Rattus norvegicus";"1713";"3245";"10116";"False"
"CHEMBL1075060";"Arginase-1";"Q2KJ64";"SINGLE PROTEIN";"Bos taurus";"2";"3";"9913";"False"
"CHEMBL5113";"Orexin receptor 1";"O43613";"SINGLE PROTEIN";"Homo sapiens";"3675";"4797";"9606";"False"
"CHEMBL3988640";"Voltage-dependent P/Q-type calcium channel alpha1A/alpha2delta/beta1b";"P54289|O00555|Q02641";"PROTEIN COMPLEX";"Homo sapiens";"6";"6";"9606";"False"
"CHEMBL2221342";"Complex of retinoic acid binding (CRABPII) and inhibitor of apoptosis (cIAP1) proteins";"P29373|Q13490";"PROTEIN COMPLEX";"Homo sapiens";"4";"18";"9606";"False"
"CHEMBL4693";"Sarcoplasmic/endoplasmic reticulum calcium ATP-ase";"P04191";"SINGLE PROTEIN";"Oryctolagus cuniculus";"45";"51";"9986";"False"
"CHEMBL2096684";"Vanilloid receptor";"Q9ERZ8|Q9WUD2|O35433";"PROTEIN FAMILY";"Rattus norvegicus";"247";"364";"10116";"False"
"CHEMBL2366456";"Voltage-dependent L-type calcium channel subunit alpha-1C";"O35505";"SINGLE PROTEIN";"Cavia porcellus";"186";"242";"10141";"False"
"CHEMBL5214";"Solute carrier family 2, facilitated glucose transporter member 1";"P11167";"SINGLE PROTEIN";"Rattus norvegicus";"12";"20";"10116";"False"
"CHEMBL3018";"Matriptase";"Q9Y5Y6";"SINGLE PROTEIN";"Homo sapiens";"404";"523";"9606";"False"
"CHEMBL1913";"Platelet-derived growth factor receptor beta";"P09619";"SINGLE PROTEIN";"Homo sapiens";"3091";"4538";"9606";"False"
"CHEMBL1914271";"17-beta-hydroxysteroid dehydrogenase type 1";"Q9GME2";"SINGLE PROTEIN";"Callithrix jacchus";"5";"8";"9483";"False"
"CHEMBL2176772";"E3 ubiquitin-protein ligase TRIM33";"Q9UPN9";"SINGLE PROTEIN";"Homo sapiens";"19";"20";"9606";"False"
"CHEMBL3137282";"MLL1/ASH2L/RBBP5/WDR5 complex";"P61964|Q03164|Q9UBL3|Q15291";"PROTEIN COMPLEX";"Homo sapiens";"9";"15";"9606";"False"
"CHEMBL2195";"S-adenosylmethionine synthetase alpha and beta forms";"P13444";"SINGLE PROTEIN";"Rattus norvegicus";"16";"31";"10116";"False"
"CHEMBL2096664";"Steroid 5-alpha-reductase";"P24008|P31214";"PROTEIN FAMILY";"Rattus norvegicus";"267";"311";"10116";"False"
"CHEMBL4604";"Equilibrative nucleoside transporter 1";"O54698";"SINGLE PROTEIN";"Rattus norvegicus";"7";"17";"10116";"False"
"CHEMBL4149";"L-type amino acid transporter 1";"Q63016";"SINGLE PROTEIN";"Rattus norvegicus";"16";"31";"10116";"False"
"CHEMBL3471";"Human immunodeficiency virus type 1 integrase";"Q7ZJM1";"SINGLE PROTEIN";"Human immunodeficiency virus 1";"1542";"3328";"11676";"False"
"CHEMBL4296";"Sodium channel protein type IX alpha subunit";"Q15858";"SINGLE PROTEIN";"Homo sapiens";"6241";"7821";"9606";"False"
"CHEMBL2815";"Nerve growth factor receptor Trk-A";"P04629";"SINGLE PROTEIN";"Homo sapiens";"4625";"5702";"9606";"False"
"CHEMBL4148";"L-type amino acid transporter 3";"O75387";"SINGLE PROTEIN";"Homo sapiens";"7";"7";"9606";"False"
"CHEMBL1075132";"Heat shock protein 75 kDa, mitochondrial";"Q12931";"SINGLE PROTEIN";"Homo sapiens";"136";"155";"9606";"False"
"CHEMBL4609";"Human immunodeficiency virus type 1 Tat protein";"P04326";"SINGLE PROTEIN";"Human immunodeficiency virus type 1 group M subtype B (isolate PCV12)(HIV-1)";"71";"75";"11679";"False"
"CHEMBL4125";"Platelet-derived growth factor receptor beta";"Q05030";"SINGLE PROTEIN";"Rattus norvegicus";"40";"40";"10116";"False"
"CHEMBL3038507";"Nociceptin/mu opioid receptor";"P33535|P35370";"PROTEIN FAMILY";"Rattus norvegicus";"2";"10";"10116";"False"
"CHEMBL2073717";"Monocarboxylate transporter 10";"Q91Y77";"SINGLE PROTEIN";"Rattus norvegicus";"46";"73";"10116";"False"
"CHEMBL4681";"Aldo-keto-reductase family 1 member C3";"P42330";"SINGLE PROTEIN";"Homo sapiens";"678";"1135";"9606";"False"
"CHEMBL5847";"Aldo-keto reductase family 1 member C2";"P52895";"SINGLE PROTEIN";"Homo sapiens";"427";"514";"9606";"False"
"CHEMBL2434819";"Orexin receptor type 1";"P58307";"SINGLE PROTEIN";"Mus musculus";"3";"3";"10090";"False"
"CHEMBL4108";"Voltage-gated L-type calcium channel alpha-1S subunit";"Q02485";"SINGLE PROTEIN";"Rattus norvegicus";"36";"40";"10116";"False"
"CHEMBL1075169";"Protein tyrosine phosphatase type IVA 1";"Q93096";"SINGLE PROTEIN";"Homo sapiens";"39";"42";"9606";"False"
"CHEMBL2560";"Protein kinase C delta";"P28867";"SINGLE PROTEIN";"Mus musculus";"40";"190";"10090";"False"
